date,window_id,window_start,window_end,n_days,n_assets,corr_f_edge_mean,corr_f_edge_median,corr_f_edge_q10,corr_f_edge_q05,corr_f_edge_ltm10,corr_f_edge_frac_neg,corr_f_vertex_mean,corr_f_vertex_median,corr_f_vertex_q10,prec_f_edge_mean,prec_f_edge_median,prec_f_edge_q10,prec_f_edge_q05,prec_f_edge_ltm10,prec_f_edge_frac_neg,prec_f_vertex_mean,prec_f_vertex_median,prec_f_vertex_q10
2011-01-03,0,2010-01-05,2011-01-03,252,150,-3117.709029793928,-3026.3809812340064,-4967.616568948966,-5710.442100438419,-5813.434104183211,0.9967637540453075,-2155.22207242623,-2380.7792892416564,-3465.1792747107897,-45.185046245288724,-39.491337665679076,-77.68555688636417,-92.911722191536,-98.03020945561104,1.0,-41.668816770912414,-39.95990275722711,-60.74142997742594
2011-01-04,1,2010-01-06,2011-01-04,252,150,-3134.9180970043235,-3092.579369117768,-5039.333562294158,-5733.2851375204455,-5879.156468042883,0.9967658473479948,-2162.213503888558,-2404.297383447002,-3487.6596034520753,-83.96240251748267,-68.99789292642532,-169.04078429515707,-200.00351949312324,-211.79238983673616,0.9993333333333333,-62.11565707219496,-64.69965027939631,-102.45916377444661
2011-01-05,2,2010-01-07,2011-01-05,252,150,-3148.393191077555,-3096.627990634276,-5063.6427511674265,-5793.569519889612,-5891.435967593315,0.9967658473479948,-2169.1760530702086,-2422.2178445222735,-3586.4531795600988,-185.89400079145875,-176.24404000745363,-287.53230188531893,-328.47288529705514,-343.2990295574306,1.0,-171.39852101647864,-164.29396718329195,-237.62581656915407
2011-01-06,3,2010-01-08,2011-01-06,252,150,-3159.6206761371,-3110.507120154596,-5070.897841912122,-5836.545604255301,-5915.14426727132,0.9967741935483871,-2182.1375859695063,-2432.6530410992036,-3602.7732917374124,-85.08127710278487,-69.69889594359708,-169.25952280369427,-208.05655165881663,-217.04096629008782,0.9993333333333333,-62.80560902322339,-64.73315306112835,-103.03109024017861
2011-01-07,4,2010-01-11,2011-01-07,252,150,-3171.0075622892105,-3123.1568423136882,-5044.016254950473,-5821.9151202159055,-5967.274968383506,0.9967741935483871,-2186.753502099633,-2437.526100618816,-3560.2483381505604,-85.43003773430473,-70.41718642859932,-171.35587727878573,-205.09658029518988,-216.1684113713341,0.9993333333333333,-63.51180348908579,-65.86144914405281,-102.25214212014806
2011-01-10,5,2010-01-12,2011-01-10,252,150,-3158.2691808282634,-3101.028774608695,-4997.271431871668,-5743.825262695342,-5866.791574057297,0.9967741935483871,-2180.4544503602665,-2411.3534917987254,-3575.2478081137647,-84.27533746327248,-68.99445481647052,-167.8425357731473,-204.27926686443067,-213.28830683421364,0.9993333333333333,-61.82840799749705,-64.9155993229958,-103.00159625579107
2011-01-11,6,2010-01-13,2011-01-11,252,150,-3154.059164837231,-3092.1562978551747,-5012.629028418495,-5656.222406382129,-5873.429962098778,0.9967741935483871,-2171.9216299687164,-2372.3195492315367,-3433.2633022706977,-84.98399424594403,-70.14420591788016,-168.38276579007248,-205.67560118900764,-214.97803201428164,0.9993333333333333,-62.36027619436405,-65.03333942051354,-101.42672691181325
2011-01-12,7,2010-01-14,2011-01-12,252,150,-3152.811053103107,-3082.791446459921,-5014.885643915863,-5702.637325043287,-5889.887893390441,0.9967741935483871,-2179.5823468129634,-2448.76214795764,-3410.1584263008326,-182.1808714299158,-172.81189613050284,-279.51976540384317,-314.04768653573274,-324.84856261515455,1.0,-169.19767554464624,-163.0558905280086,-233.87932690685628
2011-01-13,8,2010-01-15,2011-01-13,252,150,-3146.259264670832,-3095.6516588324866,-4994.402400531261,-5667.418287631398,-5872.9860817429,0.9967741935483871,-2150.4201451906306,-2412.0371186613042,-3437.7225872221666,-178.58667854908455,-169.8425656446767,-269.0392595786627,-308.49448029751017,-320.7342532366736,1.0,-166.6962399828786,-162.76428850668168,-232.3378681763428
2011-01-14,9,2010-01-19,2011-01-14,252,150,-3148.331140176243,-3070.499187218341,-5014.379867249571,-5696.505213792331,-5875.173471491238,0.9974193548387097,-2162.581195549592,-2416.1029275350934,-3434.628682717946,-83.84350416464144,-69.04586831049363,-167.27067156006544,-198.90608026030702,-209.64012025439354,0.9993333333333333,-61.265419734225155,-63.032241194782074,-99.70253759891918
2011-01-18,10,2010-01-20,2011-01-18,252,150,-3147.4487030571377,-3054.478548912168,-5014.003066364132,-5706.125118068768,-5839.4330557004605,0.9967741935483871,-2178.316246295656,-2412.9995338915105,-3449.9939599319277,-85.25238740236573,-69.67477864338403,-171.28742516053975,-202.3827609205807,-214.75952107029005,0.9993333333333333,-62.28894125546877,-63.43815770445058,-100.25672587867496
2011-01-19,11,2010-01-21,2011-01-19,252,150,-3137.7604051782255,-3050.045475903657,-4982.251180751271,-5672.578330838076,-5807.006501486902,0.9967741935483871,-2151.9297223892204,-2361.94536718593,-3458.321700520188,-179.63820936581368,-168.57459026034613,-275.0485827151261,-317.3948459539311,-330.55236656924205,1.0,-167.11098175730046,-160.07470794536096,-228.7413799589175
2011-01-20,12,2010-01-22,2011-01-20,252,150,-3115.9629163134446,-3060.5590973727503,-4916.353108963603,-5555.358862864936,-5721.115316351578,0.9967741935483871,-2119.8096111467376,-2393.5648478370117,-3487.7292693422582,-84.30286383399833,-71.23205735585978,-165.1625866481276,-200.45321474657507,-209.6422218210384,0.9986675549633578,-61.50890109705461,-62.747764934967776,-106.5095689614224
2011-01-21,13,2010-01-25,2011-01-21,252,150,-3108.19654924339,-3038.1555967638456,-4917.4729752567355,-5567.947863812761,-5704.881085538425,0.9974176888315042,-2143.671107097432,-2358.6250615064064,-3578.208328794221,-87.50383493744363,-73.63096728871862,-175.83685352351966,-210.2590418924506,-219.86243535518201,0.9993337774816788,-63.59230351911899,-65.1777942887689,-109.41039864470545
2011-01-24,14,2010-01-26,2011-01-24,252,150,-3103.1346448416957,-3014.883833222968,-4906.223762017369,-5547.514124506682,-5707.396157057826,0.9974176888315042,-2139.1627496002957,-2377.291522075322,-3577.5753349179267,-87.2668733676318,-73.60255141663124,-173.1895915257241,-207.12633601493957,-218.65962745013454,0.9993337774816788,-63.26941649689084,-65.43530317289118,-108.550736518572
2011-01-25,15,2010-01-27,2011-01-25,252,150,-3110.524874357674,-3013.2239539018406,-4899.072785933511,-5611.195891663289,-5750.140761322964,0.9974176888315042,-2160.327204936043,-2362.886217196554,-3556.870576178069,-87.13790195352999,-73.56219158605369,-174.9082678930983,-208.041488774167,-218.1121751226154,0.9993337774816788,-63.46182852084254,-64.840391820909,-110.5015226503475
2011-01-26,16,2010-01-28,2011-01-26,252,150,-3142.4821438549147,-3032.155881707604,-4968.445291863162,-5647.640561652483,-5805.205685246632,0.9974176888315042,-2187.6262044130212,-2409.6586206772636,-3704.9186920047528,-88.71643162141754,-73.46739185191967,-178.6511502644083,-213.2347623045539,-225.77341740164454,1.0,-64.88045778310683,-67.55557470658167,-111.57776953905253
2011-01-27,17,2010-01-29,2011-01-27,252,150,-3127.406910111993,-3056.6982017731934,-4972.5594624756295,-5653.075165683736,-5840.178480149899,0.9974176888315042,-2176.961863829696,-2441.8239901922716,-3646.7516133910026,-186.73445217726598,-179.74386229712624,-290.26854874542306,-320.6785948014613,-333.8219550115125,1.0,-171.5859777806108,-161.6760995930652,-245.19019597558642
2011-01-28,18,2010-02-01,2011-01-28,252,150,-3118.656531651118,-3045.7849158168647,-4960.352836393924,-5649.202520609595,-5788.207683795005,0.9967721110393802,-2180.9908402290007,-2429.1197044999444,-3647.6025944350877,-87.00353726701564,-73.85994896580804,-170.77929332740683,-204.93471072476996,-217.4025591053955,1.0,-64.14676161879066,-65.99331376354904,-106.63107295871177
2011-01-31,19,2010-02-02,2011-01-31,252,150,-3113.6618033752006,-3042.6260470521643,-4943.007899964969,-5693.61084134563,-5769.640427989634,0.9974160206718347,-2165.1682420670495,-2434.9782403120294,-3539.8298039360234,-88.15444064359723,-73.24662027314511,-178.82623186840001,-215.11907680213685,-227.9571650062428,1.0,-65.4709843429925,-67.43054755377912,-105.54609762330959
2011-02-01,20,2010-02-03,2011-02-01,252,150,-3115.2658333518484,-3033.942236208924,-4912.272394417898,-5620.729880985609,-5789.575814484918,0.9974160206718347,-2172.9241271824803,-2433.3881528592096,-3632.805255587134,-85.69603800979202,-72.3301343234989,-170.61127499859896,-203.98872131720069,-214.87851688416984,1.0,-62.77033345602026,-65.9751595783212,-98.2998846925067
2011-02-02,21,2010-02-04,2011-02-02,252,150,-3136.5448240392047,-3080.7159379495533,-5015.220978087838,-5613.778890491872,-5795.259999069896,0.9974160206718347,-2166.0241709661645,-2427.011264989852,-3685.726346684272,-85.41897703595853,-70.98637562840493,-171.37451938407315,-205.78882318720486,-215.42068513530245,1.0,-62.47919094340765,-64.8800236381424,-102.11403296584038
2011-02-03,22,2010-02-05,2011-02-03,252,150,-3133.7162280365446,-3061.101858851297,-5066.010666622127,-5643.169899710148,-5880.450853914979,0.9974160206718347,-2223.2599143371885,-2422.6048521048992,-3795.1710134755817,-88.64734904218724,-72.2365151319524,-182.16631344316932,-217.4008253231726,-228.8493821915218,0.9993333333333333,-63.9549886870839,-68.0218242638931,-102.95967296535505
2011-02-04,23,2010-02-08,2011-02-04,252,150,-3127.6984360799056,-3058.5018820550367,-5020.478641068459,-5636.419013382448,-5840.74938418575,0.9974160206718347,-2191.341515214271,-2404.0970123763195,-3715.7150372531855,-88.84373146696478,-73.9265261388403,-182.3455226432116,-215.0359654766369,-227.54463435452217,0.9993333333333333,-63.90728551352353,-68.71604039382282,-103.28465119245028
2011-02-07,24,2010-02-09,2011-02-07,252,150,-3132.6549795434753,-3045.135474337729,-5087.734819415114,-5633.570920555608,-5876.639884395226,0.9974176888315042,-2214.401624142313,-2393.210645293272,-3788.4850586490534,-89.17565743217175,-74.07263029544595,-180.10773704585785,-218.69578434385036,-228.12604680666055,0.9993337774816788,-64.2963194637152,-68.50632146928184,-101.56743196009502
2011-02-08,25,2010-02-10,2011-02-08,252,150,-3151.328976621027,-3062.688207097194,-5066.075085965429,-5716.430811321153,-5876.48281991064,0.9967783505154639,-2212.494605003794,-2417.510708998532,-3745.981311385333,-90.06080756618249,-74.23746361352269,-180.1118416192884,-217.32503782700806,-228.06428472333548,0.9993333333333333,-64.85441892252403,-69.3910202087537,-102.8236275311586
2011-02-09,26,2010-02-11,2011-02-09,252,150,-3167.1837764298634,-3062.718989701534,-5104.375410186085,-5760.13746821717,-5939.270752242598,0.9967783505154639,-2244.226798240532,-2472.5291737796724,-3784.775771629782,-91.49311289084491,-74.25444181562139,-185.27830806855735,-219.9883145369133,-233.94081362872953,0.9993333333333333,-65.72442200926292,-70.21251231682052,-106.09861890525201
2011-02-10,27,2010-02-12,2011-02-10,252,150,-3137.773652501897,-3032.7097877971382,-5068.326243954478,-5689.693227224043,-5918.848467972024,0.9961290322580645,-2246.400819723021,-2439.161553564315,-3788.6821982581237,-176.60194806003005,-168.35532634135072,-277.0251969706887,-315.73772791991365,-326.88060827827854,1.0,-162.31410117857237,-154.86692529128706,-225.8737410001394
2011-02-11,28,2010-02-16,2011-02-11,252,150,-3137.2560498689754,-3033.2388554317968,-5047.803013223735,-5693.975544475825,-5896.4066750257625,0.9974210186976145,-2239.2035891000387,-2455.745110542004,-3811.5493265478544,-92.09420062369644,-73.23147189931666,-187.31287294154922,-226.62589417574054,-242.15654269676432,1.0,-67.36843781621644,-70.45468877412208,-108.254655046344
2011-02-14,29,2010-02-17,2011-02-14,252,150,-3147.4118709329787,-3042.7751723403876,-5056.658426228223,-5710.406332946461,-5930.5104581394135,0.9974210186976145,-2238.5031044466236,-2428.2079816570067,-3739.3634562980783,-172.88899634246619,-165.23812392160247,-264.49719523026795,-303.4423617826959,-315.4020134444535,1.0,-160.12484818605682,-157.48239416264397,-224.4568889694524
2011-02-15,30,2010-02-18,2011-02-15,252,150,-3147.4702671250357,-3032.254310749813,-5078.743079648271,-5782.119941300083,-5965.04600396556,0.9967741935483871,-2257.2050629251016,-2453.0946069877573,-3738.102136093515,-92.93705218694002,-74.84364852681398,-188.9220426048957,-228.93099001125262,-242.04766264024084,0.9993333333333333,-68.177520189887,-72.04133623473282,-108.90351047020782
2011-02-16,31,2010-02-19,2011-02-16,252,150,-3141.7577764610173,-3020.8800061615457,-5068.753998428249,-5719.456812769937,-5941.451734653982,0.9967721110393802,-2256.5482293947834,-2411.538804573476,-3757.6722040902127,-175.17072588343964,-162.9001415984202,-277.81398538326,-314.11371997491256,-329.32276405681307,1.0,-161.59019386965213,-154.5534710608261,-229.9739722117014
2011-02-17,32,2010-02-22,2011-02-17,252,150,-3129.5127241602163,-3016.082826017959,-5037.305928932626,-5711.189641865923,-5921.6707293675645,0.9967700258397932,-2241.3097225673396,-2384.3965785122227,-3797.9284655810093,-92.35262277969385,-74.70034558924212,-188.61405001851816,-227.45569379262943,-244.23641108602314,0.9993333333333333,-67.98116900100489,-71.72659288418274,-109.55008393840565
2011-02-18,33,2010-02-23,2011-02-18,252,150,-3132.6876730119175,-3017.6983471230615,-5046.6113211679385,-5714.77693959766,-5927.075002473712,0.9974160206718347,-2230.9206855396164,-2419.457851409543,-3728.471224214001,-174.7526700343426,-163.5591854773486,-275.0117293601865,-311.1801725320874,-324.1266666028598,1.0,-161.43443759693312,-156.96882479791614,-230.1738775795157
2011-02-22,34,2010-02-24,2011-02-22,252,150,-3163.354147390258,-3025.017449406415,-5118.123075455742,-5786.0017825153745,-6022.740366207623,0.9974160206718347,-2263.1974317465383,-2441.0825154075255,-3852.6500484983385,-177.2964101149644,-164.88931654114342,-276.60732877121546,-313.7159562590704,-327.2124157056843,1.0,-163.54895181883407,-154.77702004025645,-234.79897912506604
2011-02-23,35,2010-02-25,2011-02-23,252,150,-3151.050408664175,-3024.543878324951,-5132.412911184526,-5825.688589782924,-6062.1081212190975,0.9974160206718347,-2236.794448017821,-2433.2029802062375,-3941.6881515015057,-45.54465250250391,-39.58870553134821,-79.46800655794263,-97.04349819736407,-99.73465658220903,1.0,-42.05950203385607,-41.12353938341374,-58.881878098464604
2011-02-24,36,2010-02-26,2011-02-24,252,150,-3125.8103984158947,-3022.7701073163007,-5093.540879188104,-5791.968661777524,-6019.06449158401,0.9974160206718347,-2206.487287096503,-2376.2896306801827,-3890.8453736747174,-180.71641224119168,-173.10756908478757,-282.1970694646024,-319.3460434114095,-329.1532478397664,1.0,-166.22719962548626,-158.33287293962633,-238.32100949552117
2011-02-25,37,2010-03-01,2011-02-25,252,150,-3134.0724420990996,-3039.9554932903598,-5043.454926024148,-5764.7695379575325,-6010.607119525212,0.9974176888315042,-2195.0249172038334,-2395.7136626944675,-3848.1891073453694,-91.08920304939451,-73.90572560688818,-182.04286716585605,-223.33619262313601,-242.59545498638207,0.9993333333333333,-67.2120082633476,-71.16459283146662,-103.86582236323686
2011-02-28,38,2010-03-02,2011-02-28,252,150,-3143.0606399050116,-3034.6336360869,-5064.162261817834,-5797.53078405711,-6019.125103971815,0.9974160206718347,-2199.4542803148597,-2389.9888422993,-3855.591937125713,-189.38153164142238,-172.30529087832332,-310.3492825015563,-359.74070797639826,-387.66379724060727,1.0,-171.6842435012385,-155.23953088933683,-260.79461929950145
2011-03-01,39,2010-03-03,2011-03-01,252,150,-3170.680389352061,-3050.874043598923,-5092.603534066348,-5847.212288279671,-6090.588075683704,0.9974160206718347,-2246.8424623142255,-2422.9528707284576,-3927.465225972467,-91.59230168501226,-74.60436404806876,-185.10741821071878,-224.29683497977356,-238.4919308112298,0.9993333333333333,-67.00114236763652,-71.05354885404147,-107.94509068891952
2011-03-02,40,2010-03-04,2011-03-02,252,150,-3163.111613303736,-3044.6315957265365,-5120.2290854026305,-5893.463119180811,-6102.4120429458335,0.9974160206718347,-2243.1049081621954,-2410.4372821559864,-3929.356068284649,-188.0865357231957,-174.15559703776853,-301.5864771898211,-351.4915448938188,-373.69464442872635,1.0,-170.3445790604371,-156.60526772551157,-252.1637307947526
2011-03-03,41,2010-03-05,2011-03-03,252,150,-3178.1533011934184,-3055.840038106071,-5109.035295034765,-5837.1701213571105,-6097.156805754785,0.9967700258397932,-2253.875035744658,-2417.2167858004036,-3953.7591146440004,-182.87217037025846,-170.1042365757208,-299.56040078449945,-340.74582606929897,-358.97238532485176,1.0,-166.99302555799267,-152.92402348603548,-238.10881289823817
2011-03-04,42,2010-03-08,2011-03-04,252,150,-3182.4149666874746,-3051.8704285590024,-5101.202547444599,-5879.16887335276,-6109.179957111659,0.9967700258397932,-2284.0314180147407,-2436.312151907613,-3976.5272656635307,-89.55217731458893,-73.344217653528,-177.37954498939365,-217.1277986198285,-232.21649725903498,0.9993337774816788,-65.21769773968082,-69.56706786413008,-102.23547881287259
2011-03-07,43,2010-03-09,2011-03-07,252,150,-3200.7436467549132,-3070.253932685146,-5170.894497250383,-5963.291960573493,-6164.851664102776,0.9974160206718347,-2318.2172632396228,-2463.969476388341,-4011.7614720726992,-90.5594531385663,-74.72007910428728,-181.37313780525048,-222.08438255597997,-235.42387498472354,0.9993337774816788,-66.04009460263052,-69.92267333279833,-105.05889899247909
2011-03-08,44,2010-03-10,2011-03-08,252,150,-3191.412989023473,-3065.4015022868116,-5144.959742418565,-5880.814327822102,-6108.6445840657225,0.9974176888315042,-2317.672716696621,-2449.733996995996,-4024.20066127774,-190.5208179536628,-175.0649393222239,-319.750350102203,-368.23456440859275,-390.42754500262424,1.0,-172.0747900878805,-153.2687928444438,-257.5848937072413
2011-03-09,45,2010-03-11,2011-03-09,252,150,-3202.8634279672046,-3084.7556847520646,-5181.82517564543,-5944.735354386337,-6156.377852041899,0.9967721110393802,-2385.405820941659,-2506.5417096266374,-4126.787233890908,-92.12403061371549,-76.10102699175528,-184.03039951448332,-225.7100686205146,-240.91505171599735,0.9993333333333333,-66.58548847877942,-70.78099280625756,-104.33327769587576
2011-03-10,46,2010-03-12,2011-03-10,252,150,-3185.0920283989153,-3074.242388122418,-5128.609961248643,-5828.729963625057,-6067.686862397353,0.9974176888315042,-2320.6659027426645,-2444.406068237269,-3954.8205652215365,-92.71660302498432,-76.60399322815536,-184.1256703823955,-224.30398949497072,-244.29713649729422,0.9993333333333333,-67.40872618291156,-71.60522030413196,-104.70944003114596
2011-03-11,47,2010-03-15,2011-03-11,252,150,-3213.2391743973885,-3112.058612518087,-5151.776193319829,-5906.723153002176,-6173.487197933592,0.9967721110393802,-2379.072264460359,-2537.966536260525,-4124.391498754747,-91.9276221012796,-75.05929023047591,-182.76060249903605,-224.10813623260327,-240.49620427343345,0.9993333333333333,-66.44949396411188,-70.56052169976627,-103.57285605542206
2011-03-14,48,2010-03-16,2011-03-14,252,150,-3210.308925640235,-3095.1187406739073,-5171.165053578057,-5895.803694138188,-6165.46487986185,0.9967721110393802,-2377.9008937567373,-2532.4416393867286,-4109.01583970777,-91.29088664598474,-74.649231867808,-180.95246526821893,-224.35014245450336,-239.1407479565413,0.9993333333333333,-67.14693007454744,-71.97798548180782,-104.97074601792286
2011-03-15,49,2010-03-17,2011-03-15,252,150,-3211.8237199821187,-3087.6149490266425,-5159.343284080762,-5972.725305813462,-6194.831136060782,0.9974176888315042,-2370.6149962627687,-2492.222042491161,-4056.194412489784,-92.4713239407627,-74.62522456609463,-185.3182474017676,-231.5883260234054,-244.39457006887844,0.9993333333333333,-68.06348901779887,-71.003527224869,-106.51028072140662
2011-03-16,50,2010-03-18,2011-03-16,252,150,-3219.564723477887,-3113.052807576113,-5197.456675650437,-5876.229560797599,-6155.470917815885,0.9967721110393802,-2386.398835607339,-2524.25675454514,-4047.3384402753964,-193.14324277824434,-176.57173920585387,-316.15639909092073,-374.4226035276232,-400.83654024474606,1.0,-174.93815823340967,-163.3519843256595,-246.30781032201165
2011-03-17,51,2010-03-19,2011-03-17,252,150,-3236.8879675849284,-3136.8265774321867,-5184.842535375961,-5966.92723129554,-6160.113209756697,0.996776273372018,-2397.0756567240187,-2538.9515450460403,-4032.4774814300417,-89.69457727181977,-73.45898200366048,-174.40304397535206,-218.9819294083999,-232.70376495921712,0.9993333333333333,-65.99949572193066,-69.2945972003769,-103.19612596430999
2011-03-18,52,2010-03-22,2011-03-18,252,150,-3237.136230256621,-3135.8534282761702,-5213.9267179511035,-5873.747860951471,-6129.617365556003,0.9961315280464217,-2363.309491083996,-2517.3905497599926,-3967.6402998963435,-90.65587861678901,-75.03253023767765,-179.20042779160443,-219.56364117652095,-236.33376971721785,0.9993333333333333,-66.50455560750905,-69.79753445346412,-104.69704230649664
2011-03-21,53,2010-03-23,2011-03-21,252,150,-3227.1316796173974,-3106.000303879475,-5184.438640131353,-5865.451250736159,-6119.048889188889,0.9961290322580645,-2354.7150986251204,-2482.0443903381674,-3978.599984116718,-90.97063168734637,-74.62508476777757,-180.50487132806492,-223.7524462185656,-235.27816103277908,0.9993337774816788,-66.46589112390694,-68.52387590593318,-102.66283312795669
2011-03-22,54,2010-03-24,2011-03-22,252,150,-3243.059410482917,-3109.554069838791,-5191.788807973017,-5930.475292608401,-6171.48165458787,0.9967721110393802,-2402.1345142452324,-2482.9268544560055,-4059.668175758637,-205.27705181198436,-182.75222393589806,-343.6855555581765,-425.40060746194325,-457.7822938313368,1.0,-182.48819005986132,-173.68400404752973,-261.21012115695856
2011-03-23,55,2010-03-25,2011-03-23,252,150,-3254.8855693399346,-3103.2079104865456,-5226.202327601519,-6009.558017930006,-6213.488125347301,0.996776273372018,-2413.8798002517783,-2499.3274751583504,-4065.8237303172,-90.34765396742912,-74.97558509019592,-179.85779296823242,-218.54822356774392,-235.60048695412385,0.9993337774816788,-66.20367866252076,-67.93888822975855,-103.74865857799439
2011-03-24,56,2010-03-26,2011-03-24,252,150,-3279.6193323116318,-3112.8854109924937,-5288.929383478857,-6023.670289841571,-6290.4738292536995,0.9967741935483871,-2448.7931872526024,-2534.5117087400345,-4035.951598584707,-197.60890247869648,-178.13652276158498,-315.6113075911439,-376.5885410275335,-411.04915021272444,1.0,-178.14935277786722,-174.6065664220322,-242.75783574467243
2011-03-25,57,2010-03-29,2011-03-25,252,150,-3278.6973337056547,-3096.212798731218,-5291.002642244463,-6060.34950927543,-6324.295708405524,0.9967741935483871,-2465.197456369365,-2549.16733943928,-4150.469324467738,-90.5122843334705,-71.69068391020315,-182.95591214057714,-230.11837837089624,-240.95678036136127,0.9993333333333333,-66.31266776352344,-67.89088647991564,-104.0522384599943
2011-03-28,58,2010-03-30,2011-03-28,252,150,-3272.262383019744,-3109.958247485649,-5274.628280480411,-6032.155306169468,-6274.54555737103,0.9967741935483871,-2423.706999875016,-2544.4690153521788,-4005.3886530141453,-90.3401322171553,-73.0444069760186,-180.02750935016016,-224.3451706361122,-238.0187386306313,0.9993333333333333,-66.09907312808194,-68.9868828632579,-102.54487384886288
2011-03-29,59,2010-03-31,2011-03-29,252,150,-3290.9023987168835,-3117.0575919447183,-5297.069533935804,-6127.238926657023,-6362.928443825663,0.9967741935483871,-2468.178394021818,-2556.1337429070645,-4165.102570657111,-91.16427720105742,-73.114520355264,-182.3917428694198,-225.66360448728312,-243.59481014864204,0.9993333333333333,-66.8673676163256,-69.42753107905264,-103.45809473224527
2011-03-30,60,2010-04-01,2011-03-30,252,150,-3271.600049893961,-3096.4027036069265,-5238.623265098965,-5961.24014736743,-6235.938364170804,0.9967741935483871,-2420.970107470864,-2505.743809637247,-4106.566573368725,-89.72356120038052,-72.15062031791952,-178.13420916353923,-217.005583666421,-232.27894124924245,0.9993333333333333,-65.58668245100976,-68.30574572330954,-100.86344769505372
2011-03-31,61,2010-04-05,2011-03-31,252,150,-3262.0709312062454,-3098.4084722602283,-5244.433759944454,-5992.104923593528,-6209.035831861054,0.996776273372018,-2379.7377244282616,-2525.471397109518,-3957.322286721929,-192.9950053721129,-180.584297308383,-307.80820546650847,-355.5586879175393,-375.21154576770874,1.0,-174.63411790192865,-163.8301790578431,-248.28085487993147
2011-04-01,62,2010-04-06,2011-04-01,252,150,-3259.8846682986778,-3101.196891509169,-5233.751173774605,-5983.8822691821215,-6241.6359340830195,0.9967741935483871,-2394.2340662184606,-2527.751154267848,-4099.857894472968,-188.58144536991566,-178.27143111661718,-296.0910301185014,-340.86912552911264,-360.78822949188736,1.0,-171.84378756215742,-164.56558304632705,-247.5854598805272
2011-04-04,63,2010-04-07,2011-04-04,252,150,-3254.6539296478077,-3089.974285727747,-5210.807745447113,-5991.919974793371,-6220.620785105727,0.9967741935483871,-2401.7589739834034,-2522.43344474706,-4148.06313009385,-186.55303603433077,-175.24256922205132,-290.36616340355886,-332.5058606952302,-351.16872988912394,1.0,-170.42434188140717,-161.93989537266057,-251.340317808995
2011-04-05,64,2010-04-08,2011-04-05,252,150,-3265.4354928050006,-3095.3212212400495,-5226.205587374771,-5940.980529892781,-6206.913592468982,0.9961315280464217,-2397.51266229095,-2524.8679064025278,-4099.631733673343,-188.26429220231833,-176.05275668481391,-296.2018364492206,-342.5350246163063,-363.14223466474175,1.0,-171.38424073254703,-163.4713983199646,-253.92733242154335
2011-04-06,65,2010-04-09,2011-04-06,252,150,-3263.0103553787694,-3084.2618615741976,-5262.27234746933,-6006.64910986144,-6266.551019611047,0.996776273372018,-2412.8495727136115,-2518.1751765048493,-4096.341962885162,-89.80510630105735,-72.29519736945625,-181.60626556738316,-212.09552530393958,-235.07611548585155,0.9993337774816788,-65.50524305185598,-68.45810820573999,-103.93639177388529
2011-04-07,66,2010-04-12,2011-04-07,252,150,-3259.0758075013573,-3106.7094101293696,-5241.953726519109,-5996.524106242004,-6237.689046601869,0.996776273372018,-2396.7583190060723,-2507.6367964004885,-4093.188663584434,-90.84645525473684,-73.94934974332034,-183.6239911553927,-219.4375240729002,-234.82327959327694,0.9993337774816788,-65.8679355837618,-67.91306340996991,-103.57986771828764
2011-04-08,67,2010-04-13,2011-04-08,252,150,-3260.7332816205603,-3103.532624348705,-5201.773254847123,-6007.433743278026,-6230.41355784211,0.996776273372018,-2417.9985777796533,-2543.620686022185,-4000.085798926328,-90.68835466037504,-75.52214594587525,-180.01572310784775,-216.42387993409776,-232.4631412678793,0.9993337774816788,-66.09045701337249,-68.44656632310874,-105.44475097472946
2011-04-11,68,2010-04-14,2011-04-11,252,150,-3244.9099030381567,-3111.0266462544832,-5167.555677729343,-5958.756640573793,-6172.48880155907,0.996776273372018,-2380.32494313998,-2509.9860779885503,-3997.198371751695,-89.63611362139396,-74.62171589626631,-179.79210957645796,-213.32090827139686,-228.08802226780077,0.9993337774816788,-65.16829008106926,-67.01509998296834,-105.28308784783108
2011-04-12,69,2010-04-15,2011-04-12,252,150,-3240.6146566573625,-3083.4661815555173,-5160.592499232814,-5928.732213423378,-6127.767754093633,0.9961290322580645,-2373.399529562791,-2517.4066428496817,-4044.043971518284,-89.56431814348666,-75.11458300968569,-181.14929124031835,-208.69555392176267,-230.57731286917593,0.9993337774816788,-65.17599524223438,-68.32378831991154,-102.89771621437895
2011-04-13,70,2010-04-16,2011-04-13,252,150,-3257.1548021705257,-3085.791796015288,-5164.494434474164,-5901.757025001351,-6192.028904062016,0.9961290322580645,-2407.466214769633,-2543.0063249541404,-4182.621477660739,-193.4594265114504,-175.15126137946442,-313.37646524072034,-387.2999958610933,-411.0393432886559,1.0,-174.3991953160347,-166.36172744795138,-251.96010590002928
2011-04-14,71,2010-04-19,2011-04-14,252,150,-3266.6038294537493,-3088.99252713991,-5197.820275082937,-5932.294815157265,-6203.9426095926965,0.9961265332472563,-2406.5537445733285,-2561.1927496756666,-4165.300167050579,-192.22014388416608,-175.58021108510968,-313.00059270970667,-372.5683433865258,-401.67005531223236,1.0,-173.00315506324077,-158.84727252048253,-255.16053899651965
2011-04-15,72,2010-04-20,2011-04-15,252,150,-3278.404183252788,-3092.1937680761685,-5244.413924958253,-6001.190611615347,-6297.760306455064,0.9974193548387097,-2449.879070703236,-2555.596784277359,-4111.51544182981,-89.46275251613521,-72.59282825755326,-178.5588995871758,-213.80861030139354,-233.43742859911134,0.9993333333333333,-65.1197783064612,-68.18585022793957,-105.10643704568207
2011-04-18,73,2010-04-21,2011-04-18,252,150,-3277.0728522007707,-3097.5534819649215,-5184.667693390318,-5940.566300063909,-6221.123228433328,0.9967741935483871,-2415.706419641701,-2573.6644245456437,-4188.157682515752,-193.4230229262327,-173.45487041223544,-316.74071613452173,-390.99288335194774,-415.5073209567103,1.0,-173.72835779139754,-159.9102757472013,-252.0598163432999
2011-04-19,74,2010-04-22,2011-04-19,252,150,-3327.2086794213733,-3158.8075734520053,-5267.550406791915,-6089.070270770378,-6305.273046896855,0.9974193548387097,-2466.700406167801,-2625.4599941367806,-4078.4646899917116,-90.40922106469071,-73.8249326916615,-182.06932267226156,-221.21226214668238,-236.344725323323,0.9993342210386151,-65.53462129004348,-68.40060578887241,-103.71563361942033
2011-04-20,75,2010-04-23,2011-04-20,252,150,-3277.5641170946674,-3121.0385119940966,-5248.121386568564,-6026.944775599792,-6244.910179787896,0.9980657640232108,-2373.2430600867574,-2556.961100643279,-4125.097710863757,-89.27547572847614,-72.8120033084222,-175.1102313374375,-215.50783070367737,-233.24457789036617,0.9993342210386151,-65.80524849077003,-68.11074482190214,-101.9452214236567
2011-04-21,76,2010-04-26,2011-04-21,252,150,-3270.5615999229285,-3125.6469753145466,-5167.269369655438,-6043.733266117358,-6157.713811643316,0.9974226804123711,-2373.473673389456,-2553.6550182249207,-3933.1820411398658,-86.79538107423065,-71.84407473434293,-168.66867391919484,-204.1911238205703,-221.20388660782024,0.9993337774816788,-63.14037118631629,-66.02736640681835,-98.81656184687587
2011-04-25,77,2010-04-27,2011-04-25,252,150,-3279.787284611217,-3159.803981342627,-5216.150329068232,-5991.465107216424,-6203.168590590673,0.9980670103092784,-2386.4062077602443,-2576.8504541897955,-3877.4722512208805,-87.81121405647662,-72.53707788745723,-173.73238827339034,-211.7701027407049,-225.18186632804412,0.9993333333333333,-63.50511713278824,-66.4577193994906,-103.17386130629409
2011-04-26,78,2010-04-28,2011-04-26,252,150,-3256.663455842439,-3122.5609443501044,-5185.304331947758,-5954.466398634904,-6176.180794492918,0.9980657640232108,-2364.413067391556,-2589.6965410406465,-3933.9704404822296,-181.57588817159476,-168.34785177792236,-286.40577436689017,-336.6023692923019,-356.76912709764053,1.0,-166.20114929211724,-152.15065910409396,-228.0832144394268
2011-04-27,79,2010-04-29,2011-04-27,252,150,-3228.9203779778504,-3101.533866687717,-5120.956083946278,-5902.2741690426665,-6086.187484251193,0.9980657640232108,-2292.161421739512,-2522.4760566095847,-3784.934574346392,-181.6884643758641,-166.07637680555393,-285.92623565749886,-343.74378037560723,-363.33913466510353,1.0,-166.46137639172449,-151.16070060096004,-232.18588491085052
2011-04-28,80,2010-04-30,2011-04-28,252,150,-3224.067391931969,-3089.667326090177,-5061.6075759754995,-5889.309149554857,-6039.198762301259,0.9974210186976145,-2306.378732258959,-2508.656664817891,-3723.4522311566993,-201.48216840950005,-184.87474158036116,-341.6327061894539,-395.07409795480424,-418.4711286418057,1.0,-179.1515430093755,-169.39726825616162,-271.3965031993646
2011-04-29,81,2010-05-03,2011-04-29,252,150,-3198.7207217786327,-3049.573012789274,-5019.783056244708,-5843.859999524752,-5985.5040377093665,0.9980657640232108,-2305.0606533995815,-2463.0907835920534,-3754.1491890249536,-89.76350971389684,-73.40631400313802,-181.43988577404005,-217.41179061418273,-232.6554138408925,0.9986666666666667,-64.77328176994496,-67.32770329747234,-106.30473835650339
2011-05-02,82,2010-05-04,2011-05-02,252,150,-3187.846556736973,-3053.4938717307004,-5034.221637301943,-5780.29727944156,-5987.651598432662,0.9980657640232108,-2292.4407002427847,-2484.735756736547,-3687.7621180113856,-91.41873548547291,-75.73455119683805,-182.85049832466956,-220.91548221480832,-238.0819868743873,0.9993337774816788,-65.80507336777181,-68.50942202003532,-107.40602014225053
2011-05-03,83,2010-05-05,2011-05-03,252,150,-3149.3684183616524,-3038.526146545602,-4907.6054722455065,-5606.536612790827,-5840.938358773043,0.9974243399871217,-2222.369612988776,-2432.5469157038156,-3650.5418312221627,-93.84434329314105,-77.53740722286045,-188.17925680725247,-231.71473416967729,-248.67411112880598,0.9986666666666667,-67.6021321484771,-70.28020951682416,-110.46459733096667
2011-05-04,84,2010-05-06,2011-05-04,252,150,-3132.4801857804196,-3013.717340245267,-4915.196228057189,-5598.1972953448,-5807.75987200538,0.9974243399871217,-2173.3235125485517,-2390.0758535609857,-3668.7276042506874,-93.69801431409383,-76.22706747819612,-190.92782444884327,-236.90517179632494,-248.51183018307134,0.9986666666666667,-66.74331299059452,-70.51646244545253,-108.86028550437463
2011-05-05,85,2010-05-07,2011-05-05,252,150,-3098.6068610032876,-3004.59076370146,-4912.049999435735,-5567.532597468412,-5784.678602537413,0.9967804249839022,-2153.489753893613,-2380.3816981430327,-3628.237912503175,-200.27543353891625,-179.4943939645783,-334.9201815103121,-388.29747492922536,-424.27374599265517,1.0,-178.07654583173883,-167.3018932036661,-267.5783387577152
2011-05-06,86,2010-05-10,2011-05-06,252,150,-3068.5706274314766,-2967.9865101639916,-4856.913324350929,-5474.703667507874,-5750.184211074151,0.9967783505154639,-2135.706641175968,-2361.048480167954,-3623.6476773136037,-106.98954310907573,-88.1833194810928,-207.57507569121478,-253.79428625142643,-279.6990391411086,0.9993174061433447,-76.24960216131917,-80.80858728428427,-126.00976085980453
2011-05-09,87,2010-05-11,2011-05-09,252,150,-2980.1873323351956,-2900.6019200676083,-4744.169811627418,-5441.6959303448175,-5697.427500140084,0.9974176888315042,-2093.039183954681,-2317.4008517500533,-3510.396234689037,-45.98695209663179,-41.25601769321072,-79.67245753735752,-93.17258179364794,-100.15629742230504,1.0,-42.66803469369331,-41.64050346031714,-60.49032777262876
2011-05-10,88,2010-05-12,2011-05-10,252,150,-2970.0206964750073,-2903.5183932838427,-4729.0674948036885,-5439.990119913419,-5603.658326071206,0.9974193548387097,-2087.142439423588,-2290.1576892995863,-3374.5389918727074,-112.1692773362719,-86.94353136276175,-225.41761503734983,-290.67779458117343,-342.85997830215126,0.9970544918998527,-79.03297562283905,-78.00399533779293,-134.4293939523161
2011-05-11,89,2010-05-13,2011-05-11,252,150,-2979.980385039362,-2912.380637101067,-4734.265783794828,-5473.303401935078,-5648.430035567007,0.9974210186976145,-2103.148856664536,-2327.204091888986,-3490.139181871304,-199.64784714095143,-176.68655043239295,-336.6967903816128,-404.4806503232742,-435.194295127175,1.0,-176.91455165153064,-162.1871397031558,-261.0584492881543
2011-05-12,90,2010-05-14,2011-05-12,252,150,-2978.1669991056306,-2896.6169005703223,-4780.619412765489,-5438.829239390326,-5684.0630659998715,0.9974210186976145,-2108.5509318410946,-2325.857676961251,-3535.4479802331875,-99.14898345806692,-80.1977469185943,-203.51272519763083,-246.29819960849744,-267.11428890671755,0.9985107967237528,-67.88704053673158,-69.99572665022697,-118.53602753005386
2011-05-13,91,2010-05-17,2011-05-13,252,150,-2966.949524103525,-2894.2587091360856,-4751.754642402418,-5420.7084126489635,-5655.385739505985,0.9974176888315042,-2101.11345929707,-2314.5293278098734,-3467.4267076409947,-201.2534175006045,-174.4895986654692,-343.82879120915806,-425.48381695283393,-448.57153932643996,1.0,-177.00214741802654,-164.85930466078054,-269.38613011866136
2011-05-16,92,2010-05-18,2011-05-16,252,150,-2956.5878617865214,-2878.817810965744,-4720.932804521421,-5425.4898507239395,-5609.460574762246,0.9974176888315042,-2074.495235976015,-2297.0979941357996,-3413.030336747259,-195.0660086868871,-172.0764176928035,-329.34409968380305,-388.6148766840779,-416.7086224383016,1.0,-173.3112711564969,-164.1020315133807,-254.06114508818618
2011-05-17,93,2010-05-19,2011-05-17,252,150,-2926.4914418807407,-2837.0468220956345,-4696.644998052998,-5390.780426297558,-5586.420952753895,0.9967721110393802,-2008.0245364884443,-2233.5167527111007,-3385.223553234903,-94.83147070594373,-74.57134308312939,-197.5266731144499,-242.44925393639141,-257.8407571179945,0.998468606431853,-63.117231525766144,-67.03506893364343,-111.29296017359424
2011-05-18,94,2010-05-20,2011-05-18,252,150,-2943.548960092864,-2896.7273449315294,-4720.517596530538,-5408.387383937852,-5624.903351100636,0.9967721110393802,-2029.8899296950078,-2231.1728408580925,-3389.041050137841,-191.7364836358509,-178.66125717760926,-308.615485032235,-359.1218270754896,-379.5845049783628,1.0,-172.01815639942205,-168.00273159194523,-241.76972458488464
2011-05-19,95,2010-05-21,2011-05-19,252,150,-2865.511636611667,-2797.038998007645,-4573.442340399588,-5257.813024254763,-5471.736974288424,0.9967700258397932,-1942.8957732491194,-2152.0847563006573,-3268.6761550522383,-46.58225104579041,-40.771791177499665,-79.8829953272916,-94.6820650965894,-103.07647257317821,1.0,-44.501656160445876,-42.87765139184853,-58.85278893515696
2011-05-20,96,2010-05-24,2011-05-20,252,150,-2895.3233606622466,-2823.684650061691,-4642.382841172174,-5345.197719300957,-5547.492448842566,0.9967700258397932,-2008.3311825374126,-2208.4000085467405,-3370.5195378946432,-46.83513425946623,-41.6222028952365,-83.32843145593729,-97.55763211026407,-103.7093790922809,1.0,-43.320399646441416,-42.27611262065331,-60.5342053191251
2011-05-23,97,2010-05-25,2011-05-23,252,150,-2918.5690948688616,-2853.88668627447,-4670.62864414047,-5452.924180492429,-5629.646312509052,0.9967700258397932,-2012.733176387422,-2251.863253960225,-3444.0382532587532,-46.46904394067707,-41.221740066858736,-79.46519551301738,-95.74188329659681,-102.69048580539936,1.0,-44.47675144994469,-43.520091980507615,-60.07999141389053
2011-05-24,98,2010-05-26,2011-05-24,252,150,-2912.240457898404,-2851.038881673413,-4664.510835230014,-5447.968012630237,-5609.80281493825,0.9967700258397932,-2011.5881643349996,-2236.133051280386,-3372.4995049185504,-198.95417762208032,-184.35279495590933,-324.4281350816854,-373.3282426802615,-391.38223328959515,1.0,-178.21326699361873,-167.8943275468391,-252.78730800518088
2011-05-25,99,2010-05-27,2011-05-25,252,150,-2903.128699134575,-2837.58906609738,-4675.241859272262,-5429.254025139319,-5595.68024313094,0.9967700258397932,-2005.3174433639738,-2203.5025284064895,-3435.667655558951,-205.49728470993406,-187.80807708057145,-342.59182941137084,-390.8222587435856,-414.47004560217846,1.0,-182.59689737788275,-171.38611497389155,-276.9237931392248
2011-05-26,100,2010-05-28,2011-05-26,252,150,-2828.449468266517,-2769.7169497438026,-4605.99543010366,-5291.16818331022,-5488.23859718802,0.9961240310077519,-1906.1979174192056,-2127.386534028782,-3427.5050710139767,-47.804449728361604,-42.1692307097243,-85.57117939393298,-103.31518549648037,-108.26111525521912,1.0,-43.68324912368007,-41.90495157205281,-63.86199503182083
2011-05-27,101,2010-06-01,2011-05-27,252,150,-2834.3177034985492,-2761.910857862091,-4572.241230576533,-5264.583330100359,-5509.062076580084,0.9967700258397932,-1927.7416450540893,-2150.7559347963984,-3419.9612132854536,-202.19039457776637,-192.2011167330374,-319.0741544340355,-365.61764426796856,-386.70132784180345,1.0,-181.62997501812322,-178.3714182691465,-255.63638112820828
2011-05-31,102,2010-06-02,2011-05-31,252,150,-2806.568723493763,-2724.604191840463,-4580.588807396039,-5269.7247545390155,-5507.798398037448,0.9967679379444085,-1904.905747472643,-2073.048935299592,-3341.2837666421406,-200.54868956300507,-186.82983646317086,-318.8114470867199,-376.565201926859,-390.28670470890586,1.0,-180.44103365676366,-176.99311666426217,-256.99381177146654
2011-06-01,103,2010-06-03,2011-06-01,252,150,-2805.5846175853576,-2736.620076862093,-4528.40092086644,-5251.540270262177,-5454.8299339504865,0.9967700258397932,-1908.3696578114698,-2095.53904520195,-3345.4289860189574,-198.83217212930143,-188.90686177940518,-322.81024162190926,-367.9345754402024,-383.2068595753494,1.0,-178.76781931571531,-169.89157057100914,-256.8460232018488
2011-06-02,104,2010-06-04,2011-06-02,252,150,-2831.6195525268263,-2767.7417167619146,-4578.956344966079,-5311.782252226201,-5519.287367221264,0.9967721110393802,-1932.0581205489416,-2108.581861694956,-3319.7216789188,-48.01982370212909,-42.34087629541111,-85.64152677758773,-100.82814582381549,-107.28253963261729,1.0,-44.18564475204406,-43.003574855112575,-64.04803913495886
2011-06-03,105,2010-06-07,2011-06-03,252,150,-2707.580679221478,-2670.3273962500184,-4376.3565482422455,-5078.310231893025,-5255.298912928288,0.9967679379444085,-1787.609306715061,-2006.117799227375,-3140.6315949467544,-194.31181608184977,-181.45420488059284,-309.1329762192825,-352.65802262256506,-368.2464600185981,1.0,-176.38908355722347,-164.63817507217075,-251.77976330852172
2011-06-06,106,2010-06-08,2011-06-06,252,150,-2717.645069014718,-2721.124932785566,-4363.0662262839305,-5118.13678273757,-5279.275921683455,0.995475113122172,-1795.5114448763243,-2006.6988269899382,-3181.0657992230704,-186.86383456403738,-177.472929480346,-294.8086130023117,-338.85970347262236,-352.5746525946605,1.0,-171.24912505080172,-165.7637370419627,-247.47028885551563
2011-06-07,107,2010-06-09,2011-06-07,252,150,-2720.6518998181473,-2687.02110299484,-4400.031965407678,-5134.112617928709,-5333.276885554766,0.9961215255332903,-1821.9685296101836,-2024.0498289695147,-3273.8357662300755,-94.31673263622685,-69.5341461424738,-210.28208185376246,-260.6031908226371,-293.96206230788755,0.9952426260704091,-55.30115811870072,-62.254340903560056,-99.66909052014277
2011-06-08,108,2010-06-10,2011-06-08,252,150,-2726.0291587795273,-2692.67609745476,-4407.366384008526,-5124.557474791387,-5302.359691950866,0.9961215255332903,-1792.4213158461366,-2017.374548012498,-3085.275307872457,-48.7503444208772,-42.39449610440687,-86.69658882488531,-104.50742860415073,-110.00892332883537,1.0,-44.84048831408275,-44.12905388641026,-65.73233700139527
2011-06-09,109,2010-06-11,2011-06-09,252,150,-2666.2900699994043,-2617.912277863721,-4297.506320460404,-5064.503016779029,-5201.485114482574,0.996116504854369,-1721.4582026327298,-1972.321161933206,-2975.921144684591,-86.72367955412791,-67.93772203709977,-185.4557254867273,-237.33683738199775,-250.4995709678522,0.997,-49.663350266286905,-57.250394103114985,-95.96049724954821
2011-06-10,110,2010-06-14,2011-06-10,252,150,-2686.9531065269643,-2647.6662911692297,-4308.284592420576,-5085.787771665715,-5240.405239939155,0.996116504854369,-1751.6790930919838,-1983.936715037702,-3049.43571194749,-192.92740522992506,-180.22446715463255,-310.13661130459195,-354.99056567358537,-376.1746525340966,1.0,-175.34695830218075,-161.7626444202832,-250.39138068804382
2011-06-13,111,2010-06-15,2011-06-13,252,150,-2706.616988462286,-2661.0414776642615,-4388.787679387638,-5134.9884904362625,-5307.5571442158725,0.9961190168175937,-1777.889238631704,-1997.9467261266543,-3061.036463195815,-204.57015396995968,-184.20551074584773,-339.9583219149836,-399.31657509314687,-429.438418313393,1.0,-182.89650577932505,-168.82188941472378,-269.9772157145893
2011-06-14,112,2010-06-16,2011-06-14,252,150,-2662.7134442177053,-2583.009202389677,-4323.562161926776,-5008.295224658661,-5232.242721910679,0.9961190168175937,-1749.6119794026529,-1973.708515177913,-3092.9725387128788,-48.675058765873914,-42.607585241080216,-86.73719694219709,-103.79268228352247,-109.68787640065781,1.0,-44.63839693003663,-43.53766747118293,-63.76598885308472
2011-06-15,113,2010-06-17,2011-06-15,252,150,-2682.731963800762,-2598.949804952447,-4396.995786446944,-5029.941526467931,-5283.786945711416,0.9961215255332903,-1760.8329417447032,-1997.6931436906957,-3049.8361759421296,-83.72400388895603,-65.10056437629041,-175.56459585005592,-224.3893718470757,-237.27670603617653,0.996993987975952,-48.32686500783881,-54.986964543130206,-94.15856179387218
2011-06-16,114,2010-06-18,2011-06-16,252,150,-2681.3936633587955,-2615.928778633767,-4379.274923982681,-5076.908914847566,-5285.957667165715,0.9954721862871928,-1762.253939016357,-1983.330706340591,-3051.4286161017476,-47.824918637543334,-41.424559558409385,-84.09962229730115,-101.55242780984626,-107.52467127338588,1.0,-45.51754752404076,-44.35869876882598,-60.43066553665506
2011-06-17,115,2010-06-21,2011-06-17,252,150,-2688.675149962467,-2628.2636124364685,-4385.375481065665,-5071.380369438665,-5299.306906259375,0.9954692556634305,-1781.8207220485037,-2013.457363819266,-3068.5171737268015,-212.93753272015843,-195.92591132210353,-353.53699190914784,-419.91898494175706,-461.59098254923396,1.0,-189.47862558898785,-180.80704787687597,-274.29601779975934
2011-06-20,116,2010-06-22,2011-06-20,252,150,-2695.9873655902315,-2615.447891108247,-4386.399594458361,-5092.325581194119,-5305.402275222125,0.9954692556634305,-1790.1855483768582,-1997.2912160652088,-3133.984224661204,-214.15188590659977,-197.02436781842124,-356.2906023499318,-418.71533526603224,-449.97258991619145,1.0,-189.84247588584142,-182.3332120063937,-280.80890758676907
2011-06-21,117,2010-06-23,2011-06-21,252,150,-2672.6135099066564,-2598.652262965263,-4371.564462373346,-5042.191447922102,-5280.701943385853,0.9954692556634305,-1722.5910714195636,-1974.3445685953966,-3006.849485027043,-47.84722448304086,-41.30737828322424,-83.1230376261275,-101.14834954636474,-107.44349882741935,1.0,-45.41326264653451,-44.75207346502779,-61.30088286657892
2011-06-22,118,2010-06-24,2011-06-22,252,150,-2664.6761453337435,-2579.8572471067773,-4385.074252013692,-5005.923257164249,-5263.310440534271,0.9954663212435233,-1743.2967434939558,-1991.362217701431,-3001.45416164268,-91.16021905446588,-65.73884495552466,-189.8449691791109,-248.38611955216044,-290.60450182558964,0.9929718875502008,-52.181013519283944,-56.287123226362155,-93.27833984176397
2011-06-23,119,2010-06-25,2011-06-23,252,150,-2668.103462828485,-2574.456358930232,-4414.228132914529,-5092.724114352212,-5335.86910528338,0.9954633830200907,-1782.8243840543391,-2006.3153467439527,-2958.0399159933017,-206.36179160746917,-192.68087231563675,-328.820381865496,-393.1069965170065,-416.72431575014235,1.0,-184.47764610530498,-171.2331127013166,-265.3851079780321
2011-06-24,120,2010-06-28,2011-06-24,252,150,-2652.6397425716145,-2550.723812241892,-4401.233413661203,-5071.343360655259,-5316.38968379093,0.9954663212435233,-1755.4013177774991,-1974.7526187188882,-2952.3618737476995,-85.20191564789074,-61.65314993980529,-189.94099076377387,-247.92041681188917,-267.1084724069004,0.9959390862944163,-48.714974297180405,-55.43294079242058,-92.39142556415912
2011-06-27,121,2010-06-29,2011-06-27,252,150,-2669.602501134955,-2551.357359190426,-4428.543203193329,-5085.74542919251,-5354.998480331241,0.9954663212435233,-1770.8783161532049,-1995.8775956628979,-2956.525085494663,-208.47186759480243,-192.49223188256715,-344.2361616910953,-400.1140547894009,-432.6741467305644,1.0,-186.03240347258188,-173.40130591055635,-274.89477827320536
2011-06-28,122,2010-06-30,2011-06-28,252,151,-2596.71629438823,-2488.484348697514,-4289.196339437088,-5002.287272092956,-5206.707975205602,0.9954954954954955,-1710.1171826717828,-1911.7623480464965,-2883.5608144607263,-75.31384822128463,-57.929542374008115,-166.71444787782545,-211.29297583397064,-227.25093004775448,0.9956850053937433,-40.967460336051964,-46.90715546337056,-80.63183033802629
2011-06-29,123,2010-07-01,2011-06-29,252,151,-2593.892771393457,-2496.998419900604,-4275.528556841919,-4886.047372271073,-5163.064597169639,0.9954954954954955,-1709.592243371443,-1896.1847663616775,-2875.32936055044,-79.14196309684722,-59.433115123499874,-174.39526405422367,-215.68113633266904,-235.2605265255392,0.9945533769063181,-42.71259821280877,-49.26476971578413,-84.0685673006365
2011-06-30,124,2010-07-02,2011-06-30,252,151,-2586.398461914317,-2472.183218286513,-4271.500536766223,-4849.060885149748,-5132.599850343219,0.9954954954954955,-1689.28437971618,-1897.3411754257843,-2894.6171286668205,-220.52937305303396,-200.3944779060436,-349.3327897145235,-441.0571195378873,-468.38146240221045,1.0,-196.0064057199114,-182.50916170031792,-286.7535399513535
2011-07-01,125,2010-07-06,2011-07-01,252,151,-2591.602151917842,-2496.4652152998624,-4283.21381646319,-4891.442920556587,-5173.903085942561,0.9954954954954955,-1709.0153178321245,-1907.0001576515958,-2951.973860261306,-78.70897261553809,-61.92488140522553,-170.34005421165483,-215.37591463408614,-227.47776972467918,0.9968454258675079,-43.38795509095892,-49.37877149979383,-86.8609666087492
2011-07-05,126,2010-07-07,2011-07-05,252,151,-2600.065303806292,-2505.051054091894,-4313.48446371452,-4933.562640226833,-5193.723242998977,0.9954954954954955,-1718.5292848528331,-1910.8513958583605,-2910.3056970621205,-47.69341545738586,-41.55538567011044,-84.15413807425519,-103.05836482333437,-107.67038342338729,1.0,-45.39083554431281,-44.044201871181855,-61.26284875566021
2011-07-06,127,2010-07-08,2011-07-06,252,151,-2536.3147611612035,-2407.4605330255854,-4209.919509703511,-4873.832456538096,-5088.880615489949,0.9954954954954955,-1677.105548245124,-1851.82957446132,-2896.827577587309,-47.31387877241153,-41.05455748649278,-84.22872326561587,-99.7250129437815,-106.0818889856836,1.0,-45.104900829834015,-44.491035143475074,-60.7089848707681
2011-07-07,128,2010-07-09,2011-07-07,252,151,-2549.691287244452,-2434.7847085918665,-4242.146654528071,-4885.72684801819,-5134.196299909239,0.9954954954954955,-1671.0236372729973,-1829.0341299510974,-2970.8920019605152,-47.37850162229999,-41.20960983047004,-83.89207121715634,-100.56097701003547,-106.54299150475536,1.0,-45.17096566107666,-44.702170621345886,-60.17217427790274
2011-07-08,129,2010-07-12,2011-07-08,252,151,-2532.899551360137,-2396.0037654970392,-4228.461909800038,-4852.869824286197,-5073.545434554832,0.9961414790996784,-1669.6961310331226,-1855.6706909475872,-2973.9589841505094,-76.14078415948455,-55.077066718925074,-168.44748611288804,-208.1625266311262,-225.55148514645876,0.9943374858437146,-40.24578552707192,-42.88737459069038,-81.5719657921503
2011-07-11,130,2010-07-13,2011-07-11,252,151,-2584.7019071147038,-2428.737926004832,-4299.667760798862,-4998.820448251176,-5224.308772318864,0.9954983922829582,-1728.3426949945122,-1940.8949065780337,-3012.4965932814634,-83.00731950359159,-61.37666055427625,-185.27582022079898,-228.4859498332025,-247.12575186707804,0.9967707212055974,-44.50029495143353,-48.90838715953786,-85.70854701921107
2011-07-12,131,2010-07-14,2011-07-12,252,151,-2534.553078856926,-2431.2485409228484,-4207.76565144251,-4833.495413263753,-5112.402334471432,0.9954954954954955,-1660.7399593094906,-1875.3083885429146,-2877.3336030491905,-81.75955617265201,-60.58972651170721,-178.10989439705844,-226.42055835452854,-246.1184016946943,0.9967032967032967,-42.64686454765977,-46.21714660214916,-85.75731499431616
2011-07-13,132,2010-07-15,2011-07-13,252,151,-2534.124529249826,-2451.5531319939373,-4218.296451628794,-4847.738309750766,-5087.490223769304,0.9954954954954955,-1667.5643777181294,-1856.2184061924895,-2987.4274583401416,-81.70207561200144,-62.4814578880881,-177.6714096957599,-227.03922335035648,-239.73663021689404,0.9944933920704846,-43.15623485367351,-47.09187789264983,-86.0388086961727
2011-07-14,133,2010-07-16,2011-07-14,252,151,-2549.100092245487,-2463.588883771801,-4205.01226988774,-4883.226937326902,-5123.3624212135655,0.9967824967824968,-1664.1538569454651,-1873.9389737120728,-2941.8527103093124,-80.29593401198179,-59.38456630402726,-175.99576566880071,-225.44112318275108,-242.00932251044762,0.9967320261437909,-43.15650924070066,-48.248656500021546,-86.87660624046579
2011-07-15,134,2010-07-19,2011-07-15,252,151,-2471.9297714413146,-2384.7041533990746,-4123.780244138821,-4676.581267917157,-4938.458995703776,0.9961340206185567,-1602.4724850751445,-1809.1883938382712,-2968.6580902479805,-225.0871485551527,-202.42911487825822,-385.8186316608173,-476.57032911538914,-500.7634763120534,1.0,-196.74563405711547,-185.26463710239946,-287.60396620391606
2011-07-18,135,2010-07-20,2011-07-18,252,151,-2467.7849734010633,-2371.938381446764,-4113.311016848066,-4675.163989056075,-4921.022267143206,0.9961365099806826,-1595.6166819630857,-1792.9285303903018,-2921.135787149023,-231.1684885231717,-204.66601457350845,-411.88530591831477,-505.1210387342033,-525.6041519514471,1.0,-200.11220589178737,-181.4467893632676,-323.7715890185295
2011-07-19,136,2010-07-21,2011-07-19,252,151,-2468.053625519198,-2372.7411084963846,-4090.9246643178003,-4682.6011088449795,-4916.324799045837,0.9961315280464217,-1629.132921480633,-1785.1427607112855,-2950.2252328313357,-224.1249567012712,-195.03960398743533,-401.5979356662354,-477.9403597575958,-506.64272111723324,1.0,-195.21873397932146,-172.82381284965635,-321.057246081771
2011-07-20,137,2010-07-22,2011-07-20,252,151,-2504.4935039435645,-2391.9108679938167,-4200.935173205657,-4922.527466989938,-5161.285824155748,0.9967741935483871,-1687.1402716526432,-1800.4936150446188,-3160.888861355731,-210.28002275962885,-186.11750066169913,-365.10070633084456,-437.8282446365475,-450.85746814214525,1.0,-185.40465042184596,-169.96626378442934,-281.45589801294096
2011-07-21,138,2010-07-23,2011-07-21,252,151,-2438.6900366247405,-2384.100690189627,-4031.0885094037403,-4663.576368038662,-4886.907455294446,0.9967741935483871,-1591.2463566179076,-1786.376347568975,-2792.3840752315346,-218.46637031962572,-194.56464849386163,-381.2880554050245,-453.8146775247519,-477.31374518288624,1.0,-191.85946200211495,-180.62521723399666,-287.92516699347146
2011-07-22,139,2010-07-26,2011-07-22,252,151,-2429.480623818951,-2385.5619066613194,-4034.0832897668106,-4669.727470089598,-4865.280457434038,0.9954867827208252,-1599.9419690652433,-1768.5225750203633,-2771.858535044849,-218.191529824892,-195.52201979781591,-370.9307822534027,-455.9176705780155,-473.2834083344628,1.0,-191.83369566391892,-179.8531724299379,-287.08763645186576
2011-07-25,140,2010-07-27,2011-07-25,252,151,-2436.0087606074935,-2399.161997780232,-4036.364836925374,-4697.710634959303,-4895.992691213409,0.9961290322580645,-1579.0248482437223,-1781.1823435952272,-2755.908583018612,-48.530058144832154,-42.70190789764366,-87.77347223406619,-103.74964276930513,-109.87827571178066,1.0,-45.96550668625583,-44.73922128850354,-62.36904369874021
2011-07-26,141,2010-07-28,2011-07-26,252,151,-2446.7110122190606,-2435.0583354863,-4011.200535313641,-4742.131813634332,-4921.455976754786,0.9948353776630084,-1597.744178380402,-1814.8321179037894,-2759.815309050569,-206.45295648736268,-187.95731621019308,-339.91032364695155,-408.2126626471191,-438.3471551616314,1.0,-184.23823326086233,-170.69451779840404,-271.60391986169674
2011-07-27,142,2010-07-29,2011-07-27,252,151,-2457.892641268728,-2439.4229710995623,-4074.1880700184324,-4683.820281090639,-4935.680463973068,0.9941897998708844,-1568.1015751145517,-1729.0332634856,-2792.6388297341086,-200.20891414909113,-180.87524041874553,-337.8816392045283,-403.26249839526605,-419.94883480518484,1.0,-180.15123772996023,-172.67741530290238,-262.4826700667586
2011-07-28,143,2010-07-30,2011-07-28,252,151,-2508.955832194098,-2446.958248662585,-4207.213291930466,-4854.770825293205,-5052.4461423212615,0.9954867827208252,-1616.9205887460923,-1846.3964085708967,-2833.2527394617387,-200.93020887779372,-185.5135890081692,-333.86250458913827,-409.7290876601793,-425.3229539040274,1.0,-180.13005882006988,-164.7176573177955,-254.03076575966017
2011-07-29,144,2010-08-02,2011-07-29,252,151,-2515.243334947241,-2450.791711780504,-4211.745956865666,-4824.689993460801,-5045.621308229726,0.9961315280464217,-1612.1461245617181,-1783.1262056499547,-2850.0985883837175,-203.1240658755142,-183.2350803728212,-338.0290328173911,-410.40188266993647,-431.50706083355834,1.0,-182.20430287493946,-170.32861624711845,-266.59594370801364
2011-08-01,145,2010-08-03,2011-08-01,252,151,-2491.9081970307216,-2417.7806705229304,-4150.560747911259,-4779.03281962443,-5003.215425582113,0.9974193548387097,-1628.1954082896577,-1811.6114150162082,-2807.3075486782986,-206.39370864305803,-188.98253915671384,-327.7433450416022,-408.89073313018906,-434.58780102758766,1.0,-185.1047044555532,-173.0407777956195,-265.6333173292138
2011-08-02,146,2010-08-04,2011-08-02,252,151,-2540.964405681902,-2514.472014312323,-4218.143008579203,-4922.973557549934,-5056.78661021403,0.9974210186976145,-1678.1700169527742,-1902.2230420769765,-2866.0653682921134,-48.12889832382207,-41.956872598564786,-86.35958843814731,-99.59411838532547,-106.08590106599249,1.0,-45.619152687195815,-44.92484080146342,-62.212527138236325
2011-08-03,147,2010-08-05,2011-08-03,252,151,-2507.8240478430293,-2472.2850578687458,-4154.205839043585,-4778.082985422358,-4989.463475857767,0.9961240310077519,-1631.8070876539457,-1790.553321848518,-2826.306946358722,-197.6305809149824,-182.7703201676862,-314.1694615245851,-364.8556892140439,-387.16172192048873,1.0,-179.32110103284512,-169.2043178138745,-257.8515855681765
2011-08-04,148,2010-08-06,2011-08-04,252,151,-2684.5263196884966,-2657.137862998607,-4509.241883054628,-5158.52330738396,-5412.880643900952,0.9967741935483871,-1804.9973779180464,-2002.5550998569759,-3089.628375164276,-195.760412115877,-180.6964821862806,-319.4223935268108,-357.53312367734355,-379.9270969109421,1.0,-177.90590473410606,-171.09452350727256,-255.25896777813406
2011-08-05,149,2010-08-09,2011-08-05,252,151,-2660.3639833411103,-2632.705256554039,-4431.446400777422,-5162.74101898725,-5386.946592420631,0.9967721110393802,-1759.2153040795026,-1979.4394757265275,-3109.892650201732,-196.34921221214745,-182.6007742858789,-315.63081062838046,-356.96944000101786,-377.45546904526003,1.0,-178.53539048412767,-169.8537489565437,-251.48288319543337
2011-08-08,150,2010-08-10,2011-08-08,252,151,-2941.6592110570646,-2829.0992354787377,-4944.322781291573,-5594.943794783021,-5920.981533194912,0.9967824967824968,-2056.5329311846176,-2278.217023997002,-3323.5057124225555,-104.13020758550756,-80.94679635075974,-217.79037588563858,-269.0008815196271,-288.7984307684857,1.0,-69.71741868411426,-75.05222580419135,-123.54940923949734
2011-08-09,151,2010-08-11,2011-08-09,252,151,-3021.3952071740655,-2901.967862489131,-5014.26165882413,-5685.125713517081,-5982.299675756529,0.9967948717948718,-2122.644417208485,-2343.341764986454,-3526.3972399325507,-101.61177948053013,-78.89513821527805,-211.97157743053512,-261.5219105685338,-277.91909130079677,0.9993377483443708,-72.18092622237751,-76.50472990148789,-119.56863270910085
2011-08-10,152,2010-08-12,2011-08-10,252,151,-3073.850559700491,-2950.432742323142,-5087.713687301994,-5780.579823469402,-6117.553992511671,0.9967866323907455,-2150.7571349256373,-2384.3786632340175,-3620.1660675822845,-203.3126120278655,-185.69496272610024,-332.212923495068,-385.60371722444967,-403.1337023525148,1.0,-182.5622232604834,-171.4702584104529,-262.8407484705523
2011-08-11,153,2010-08-13,2011-08-11,252,151,-3116.2309332261516,-2978.2354811655223,-5136.737237198935,-5939.584357636127,-6217.9500384093235,0.9967928159076331,-2207.728072880742,-2436.0091717889995,-3688.362111709717,-199.46120938409732,-180.606413951138,-332.7783453462738,-377.44305495696045,-396.96393044697453,1.0,-179.4517346183493,-166.91875986206088,-260.4516884566741
2011-08-12,154,2010-08-16,2011-08-12,252,151,-3022.535707646472,-2894.8114469875395,-5034.2475686928565,-5834.223395168276,-6067.088897435653,0.9967928159076331,-2101.1982691743688,-2318.558994928597,-3467.639575351435,-201.43474346507566,-187.20332896758384,-324.1157732251631,-373.3955774740647,-389.3727601598635,1.0,-181.6066627957606,-169.45859284632894,-264.87451578369297
2011-08-15,155,2010-08-17,2011-08-15,252,151,-3012.540567935997,-2906.3708809294076,-5030.605579464778,-5737.919688440494,-6038.121433010409,0.9974326059050064,-2068.243620025516,-2302.941215654776,-3467.7778519429153,-196.41161983193982,-182.25241504896837,-320.107449734277,-363.04296305912357,-384.0855445603993,1.0,-177.80275365445542,-169.03106117175136,-253.44832366519327
2011-08-16,156,2010-08-18,2011-08-16,252,151,-3016.3606211052806,-2868.8632078364462,-5037.204618265494,-5725.054505204522,-6017.059191021317,0.9974358974358974,-2074.056974154807,-2339.445719327361,-3461.8356410933307,-80.3144058740418,-66.24006154088212,-156.74688210682967,-186.743415606615,-199.97542499425057,1.0,-58.49558967404025,-61.32429519053468,-90.31290979526534
2011-08-17,157,2010-08-19,2011-08-17,252,151,-3027.4398744735886,-2886.625232873896,-5051.193249739244,-5724.928801870911,-6043.140545783986,0.9974358974358974,-2080.9033788003926,-2329.2032965713497,-3455.124327658245,-79.72715753403479,-67.18721458838108,-156.4855598084894,-185.88300109194114,-197.35556633077826,1.0,-57.998803299693186,-61.17650173044793,-91.80346951028663
2011-08-18,158,2010-08-20,2011-08-18,252,151,-3138.722626447004,-3025.1852132662975,-5151.0704612166755,-5947.881663981701,-6203.900239443064,0.9967886962106616,-2210.9116436088807,-2430.2892938527357,-3754.042590849515,-76.22206494676529,-63.950396202835364,-149.16466447460456,-174.39623191248134,-184.32913933819208,1.0,-56.41667676829685,-58.6571903553698,-91.42145867213951
2011-08-19,159,2010-08-23,2011-08-19,252,151,-3121.0225167289163,-3008.3958009159387,-5152.678798749568,-5909.497977179756,-6163.101178738443,0.9967866323907455,-2203.229888682165,-2400.915754500995,-3712.2083457251606,-75.90645630466297,-64.48023543397622,-144.08956455083566,-172.6370475685384,-181.5051414418582,1.0,-56.3858333463254,-59.32206975705541,-89.84814451018686
2011-08-22,160,2010-08-24,2011-08-22,252,151,-3131.936850823817,-3022.3636397627265,-5180.000124502223,-5952.470074180384,-6185.059834868968,0.9967866323907455,-2238.2073441605194,-2416.0794395127846,-3806.4476826485075,-76.55781363287431,-64.3127801146405,-145.32238728951742,-177.03683067309828,-183.9722471942222,1.0,-56.8157814578157,-58.846120571924246,-91.17613485192548
2011-08-23,161,2010-08-25,2011-08-23,252,151,-3127.981219801302,-3052.5401304280617,-5080.261658995485,-5848.70216442443,-6089.608821798185,0.9955012853470437,-2159.8515583478393,-2389.5420558045957,-3627.6109055472575,-187.38782341965936,-172.33392711882777,-299.51970467722845,-349.5139948550559,-358.76412797468515,1.0,-173.24685603392882,-167.65507567985557,-236.57884073820654
2011-08-24,162,2010-08-26,2011-08-24,252,151,-3131.442011873261,-3030.996631698549,-5118.966634005563,-5843.318728269657,-6088.522231185849,0.9948553054662379,-2151.743497048048,-2407.230135930863,-3589.453257882633,-187.82956568977937,-170.66218512300654,-308.74677719264645,-349.070663609905,-366.27246413257876,1.0,-173.15979262716928,-163.35854349648164,-236.1875288878828
2011-08-25,163,2010-08-27,2011-08-25,252,151,-3121.521774997629,-3026.5843095303767,-5091.935950345228,-5816.782679531699,-6086.093410849124,0.9948553054662379,-2146.78834402471,-2396.949557359558,-3589.806458864654,-73.46291870059002,-61.79459598732744,-136.42022355836863,-164.9261711223602,-170.74754575962555,1.0,-55.87968448331286,-57.895739762346146,-88.85076378363908
2011-08-26,164,2010-08-30,2011-08-26,252,151,-3079.6819057045063,-2977.062476672708,-5032.593589926981,-5753.232569469265,-6002.384301049924,0.9954983922829582,-2125.4119075469953,-2354.6389752992486,-3535.4116199643463,-189.10583341072774,-173.16392385515957,-303.4882556581894,-346.5848171387355,-360.71482803864,1.0,-174.1903296598818,-166.60504001328087,-242.69303310789502
2011-08-29,165,2010-08-31,2011-08-29,252,151,-3100.692971501732,-3035.0443959752592,-5042.945187752735,-5771.184944734182,-5999.509076640061,0.9961389961389961,-2130.140707080064,-2370.5678711850464,-3495.9606485887452,-191.00919896613573,-173.82254825669537,-310.0807238048583,-347.88118564554827,-363.6359402891657,1.0,-175.71580236295407,-169.13279959805715,-240.06854796713182
2011-08-30,166,2010-09-01,2011-08-30,252,151,-3110.932238591066,-2999.972940512515,-5086.403789909792,-5822.029968644407,-6055.25613395581,0.9961389961389961,-2143.4658298390477,-2368.570036245766,-3433.0890782381753,-193.58959509574035,-176.00217865490396,-317.3003870327841,-365.0375241389064,-380.85471272445614,1.0,-177.05570405199882,-166.87844938178623,-254.60056324183364
2011-08-31,167,2010-09-02,2011-08-31,252,151,-3057.9111361923406,-2949.862677975104,-5025.076699136591,-5710.540347302319,-5963.805842557121,0.9967824967824968,-2109.9886194581595,-2323.153061279458,-3384.725536029251,-72.11656032100564,-60.70062567602324,-132.79164997376884,-159.31639090087208,-167.34110648578286,1.0,-54.803471731658114,-55.89186597748403,-87.8060356385682
2011-09-01,168,2010-09-03,2011-09-01,252,151,-3069.0626534680173,-2977.0313603630675,-5021.279503648602,-5742.337053216984,-5980.2458238324325,0.9967824967824968,-2104.7746342463165,-2315.910194266695,-3354.395985056449,-193.88938982348375,-173.00973565799683,-325.07956668212427,-380.4710540516965,-399.2292679601911,1.0,-177.74666777142687,-164.52633707981485,-249.0773038552607
2011-09-02,169,2010-09-07,2011-09-02,252,151,-3092.2358575305607,-3010.699914724374,-5076.042598836149,-5762.39457442259,-6040.680369488251,0.9967824967824968,-2133.1556728865494,-2340.0222132263525,-3458.117283655686,-193.99725325924857,-172.19113366976424,-315.77415652321895,-380.55993033794323,-409.6568408299109,1.0,-176.101218607954,-166.16501373715337,-254.23849134034668
2011-09-06,170,2010-09-08,2011-09-06,252,151,-3082.0991830853854,-3013.92494573286,-5017.0810256617615,-5698.993304658148,-5993.76820798482,0.9967845659163987,-2101.6056537871636,-2331.9971864574927,-3404.9244554004067,-72.019968685744,-62.85449974473451,-132.7102457994956,-158.13703137332558,-166.7994959670015,1.0,-54.902017389047074,-56.95442331646166,-89.83447065828531
2011-09-07,171,2010-09-09,2011-09-07,252,151,-3096.820383953443,-2977.138715103382,-5086.7443200177595,-5809.822920344445,-6038.487432915274,0.997427652733119,-2086.3479017434906,-2351.2885082142584,-3452.8376931269527,-70.03955786518266,-60.5455329131214,-128.90391192188937,-154.31148227306983,-159.407253454748,1.0,-53.725419364819835,-55.00270790449323,-85.45756829082134
2011-09-08,172,2010-09-10,2011-09-08,252,151,-3091.9080498381677,-2969.577172698203,-5049.250072914226,-5754.865156640047,-6015.524872975743,0.9980707395498393,-2088.4572770357863,-2342.38341476683,-3631.356435002384,-204.82082260383203,-184.29011429903784,-343.29136635037736,-402.49249764635175,-424.47626294377284,1.0,-184.14225289282817,-171.46795598453826,-280.33028946130406
2011-09-09,173,2010-09-13,2011-09-09,252,151,-3115.979606569489,-3014.3250945029336,-5090.736901715774,-5785.319579263605,-6043.57402505804,0.9980707395498393,-2104.229633163839,-2360.312972594213,-3598.1949684162014,-69.52613822455963,-61.570959591272455,-129.70142191379696,-149.68350705241346,-157.17953317464088,1.0,-53.304208097142514,-55.18420400278132,-85.73072688605633
2011-09-12,174,2010-09-14,2011-09-12,252,151,-3100.3755596833385,-2981.5309242792537,-5079.8225347304815,-5774.843963589938,-6026.492439604737,0.9987129987129987,-2117.1356472768775,-2346.1772251684183,-3595.84998321298,-210.34958522363715,-190.1175505509096,-358.80949743347327,-418.66590607601665,-446.1229519487675,1.0,-188.09886688938607,-174.52736154933558,-298.38248023353304
2011-09-13,175,2010-09-15,2011-09-13,252,151,-3116.455902080017,-3047.865023790924,-5080.283671333589,-5785.770565319424,-6049.116176833275,0.9980694980694981,-2140.757690016173,-2388.5202293489315,-3598.491446728671,-211.7216076425639,-191.44758338518315,-366.879943685386,-426.90614913000246,-459.69754652009703,1.0,-188.95512667821453,-175.58042886313797,-284.9435875032376
2011-09-14,176,2010-09-16,2011-09-14,252,151,-3129.1537197491243,-3057.9517924234688,-5135.41121146473,-5804.984099080134,-6091.411521192465,0.9980694980694981,-2162.878069248585,-2390.1631480729857,-3630.7647854808274,-67.82886592498149,-59.636365595375814,-124.58859606426745,-146.6058506799733,-152.98844195354295,1.0,-52.635184439198035,-53.59077439224079,-80.83598687687449
2011-09-15,177,2010-09-17,2011-09-15,252,151,-3113.4244144879594,-3046.3646680663733,-5140.671281291391,-5820.9697668156905,-6076.386841586477,0.9987129987129987,-2164.3448543962663,-2412.6722290051343,-3568.11371178712,-201.65746219813641,-176.934281692434,-338.7862525410163,-430.4043417565232,-457.9244757428833,1.0,-180.83238963098606,-165.0341151619335,-253.37545735895446
2011-09-16,178,2010-09-20,2011-09-16,252,151,-3137.6023139830077,-3031.315606535531,-5162.179350671582,-5872.139310362623,-6085.79897423626,0.9987129987129987,-2188.218156742681,-2420.0867408960025,-3675.117881061024,-198.7676164627261,-178.18761679560927,-325.374212486267,-412.34525730601683,-434.1132337458078,1.0,-179.06496544491185,-166.89758541996022,-252.75428329663166
2011-09-19,179,2010-09-21,2011-09-19,252,151,-3127.262640751685,-2992.2733809735164,-5132.857867831665,-5778.900073774474,-6061.40046957146,0.9980707395498393,-2178.2080124867066,-2423.642936332998,-3643.52297157385,-201.74439264522027,-183.19533712363582,-325.64359508453487,-411.5177467566028,-440.8915746119403,1.0,-180.847701497081,-167.47896763449802,-262.6438890893964
2011-09-20,180,2010-09-22,2011-09-20,252,151,-3130.6271243198103,-3005.0936081960535,-5133.685424435891,-5787.763136317682,-6042.057952832059,0.9980707395498393,-2174.4190741143248,-2412.855171530793,-3610.3003134870464,-199.04064120085425,-179.65837391016575,-315.33933602617907,-417.90229979277086,-436.47293249687175,1.0,-179.469872686985,-169.4958842612328,-255.61488952602483
2011-09-21,181,2010-09-23,2011-09-21,252,151,-3179.9486995835887,-3113.80060169058,-5199.33649593659,-5932.646710791838,-6225.176560186267,0.9974293059125964,-2208.1214459060957,-2418.329068107417,-3586.5763009934026,-194.5448665688092,-177.24768531575126,-317.1646601223652,-372.7889069161668,-409.66541132277143,1.0,-176.52691147234964,-165.412762875404,-255.49995841687627
2011-09-22,182,2010-09-24,2011-09-22,252,151,-3105.528102177492,-3062.502668281145,-5058.535384985012,-5746.280150801819,-6008.378737276214,0.9974326059050064,-2132.502343432828,-2308.6493084663516,-3566.107448123042,-194.91286476822486,-180.24299675107153,-310.05265301226024,-373.8803090263021,-407.1363371657117,1.0,-177.3031231548317,-166.10539467794433,-252.67631833072383
2011-09-23,183,2010-09-27,2011-09-23,252,151,-3073.638234859392,-2989.565709081603,-5064.523046724858,-5728.099381438057,-6003.088279767316,0.996790757381258,-2116.500333704581,-2293.2871490527928,-3522.0724042011148,-65.14399533448204,-58.35973474062808,-117.54179615956059,-134.84112286351677,-143.0498657081264,0.99933818663137,-51.1437306654643,-52.35331634040039,-77.38979512597857
2011-09-26,184,2010-09-28,2011-09-26,252,151,-3084.9068303384825,-2999.8327116933965,-5082.545226004043,-5732.911031803846,-6058.135060375353,0.9967886962106616,-2126.0877095851783,-2308.3457090677293,-3539.7508002465834,-64.59705646225436,-57.663491051785336,-115.59583998029058,-138.30208888396012,-143.57498102505232,0.99933818663137,-50.6626960289123,-51.46224387631429,-80.21805112046749
2011-09-27,185,2010-09-29,2011-09-27,252,151,-3065.274724853684,-2992.946489195806,-5051.217661580046,-5695.358264427885,-5981.59494131478,0.9967886962106616,-2130.7850535842276,-2299.605360205032,-3669.4550800680245,-64.50113776375551,-56.95235121645422,-116.49620474211174,-137.65051258398964,-142.78646909585188,0.99933818663137,-50.35419482021444,-50.722744087763985,-77.07016407853314
2011-09-28,186,2010-09-30,2011-09-28,252,151,-3101.7997164868257,-2998.0472863762634,-5089.5882978464015,-5735.6537319739755,-6038.5262752407925,0.996790757381258,-2175.4488984117083,-2325.2628090118214,-3727.9582676838554,-202.5851002050001,-186.5883437551414,-325.0318774398851,-393.05976384558886,-417.61880732052583,1.0,-182.2483653824438,-172.36888600663784,-262.9176882194122
2011-09-29,187,2010-10-01,2011-09-29,252,151,-3088.1869690048684,-3005.041603063627,-5087.92090325649,-5774.432141036057,-6016.777161839846,0.9961489088575096,-2135.9946832086225,-2286.231650780927,-3473.8339251827033,-204.69512440191141,-188.62592573792938,-327.39777004425804,-393.30873852993665,-422.2663974099849,1.0,-183.6079058119736,-174.40201187928866,-265.9631726529967
2011-09-30,188,2010-10-04,2011-09-30,252,151,-3137.655317675191,-3060.8775796910713,-5116.229650224798,-5838.890386172945,-6081.095143352241,0.9961464354527938,-2145.0106101690717,-2306.0918371732205,-3595.393103239276,-62.64232184942713,-55.879977841047676,-112.07701732912676,-132.70571368785886,-137.03903789277027,1.0,-49.46451437078021,-49.11871412071875,-78.97590157684616
2011-10-03,189,2010-10-05,2011-10-03,252,151,-3183.490125083888,-3108.707462555576,-5244.446288854673,-5956.805097137817,-6245.058006452529,0.9961513790891597,-2188.754481134875,-2426.353652785663,-3681.5406383686827,-201.0987218197374,-186.72903756427547,-314.7233759090572,-385.5322710787254,-414.99814241000877,1.0,-180.54110362100667,-168.39371915711493,-256.3421150985246
2011-10-04,190,2010-10-06,2011-10-04,252,151,-3147.9119472085,-3063.663996451599,-5200.805430964761,-5904.338071148263,-6180.2919959410265,0.9961439588688946,-2139.3674980310116,-2362.7113143601314,-3725.1964662244513,-201.21896089159569,-185.02366776261533,-321.0816122311774,-382.12972765935757,-423.051328132008,1.0,-180.2013665219385,-162.26335087594094,-259.8893039827465
2011-10-05,191,2010-10-07,2011-10-05,252,151,-3167.5823031693103,-3084.5007245731117,-5244.573093679137,-5988.770885016724,-6236.374497643266,0.9961464354527938,-2169.0941545605706,-2409.731458588043,-3741.4555834402317,-196.82523964202628,-183.47681576652283,-310.2761062643032,-366.66343090693056,-404.2792034489858,1.0,-177.94592180952313,-163.0875427385573,-254.09521082979563
2011-10-06,192,2010-10-08,2011-10-06,252,151,-3192.690307894036,-3117.3704306573636,-5272.332216188149,-6022.052126029132,-6301.857015144552,0.9967866323907455,-2211.418992907542,-2435.947435283545,-3753.8979246045997,-196.7431981769409,-184.94368590267595,-310.1272376198622,-360.14982087628465,-387.5100444704732,1.0,-178.51382402639277,-171.70836686435024,-256.3905907717354
2011-10-07,193,2010-10-11,2011-10-07,252,151,-3178.3886278562845,-3105.9838174194024,-5223.2216456936385,-5988.381486451977,-6257.4404826291275,0.9961464354527938,-2171.4868410555036,-2427.0667381954268,-3850.769254715695,-202.21144388770705,-185.84988295091688,-330.90624306384797,-389.0853789498051,-407.6034798356725,1.0,-182.28206754462354,-172.30081723348297,-263.9579253422024
2011-10-10,194,2010-10-12,2011-10-10,252,151,-3217.7541305341224,-3171.1520588705635,-5239.640955846786,-6015.090146045929,-6297.545192069268,0.9961513790891597,-2195.2726269669784,-2463.0903796774655,-3785.6489506233056,-202.49514172613186,-187.7396939389311,-327.1750894131525,-389.51636339424954,-410.8486605511156,1.0,-182.447361404772,-170.5206650115878,-265.16991408883183
2011-10-11,195,2010-10-13,2011-10-11,252,151,-3180.3296869017468,-3138.460773010611,-5204.889988990312,-5972.060818302024,-6253.083617878126,0.9955041746949261,-2154.453561520864,-2415.131856055259,-3762.5998217958545,-58.75854376007299,-52.166932235313276,-102.76596932671436,-121.42695909756858,-126.32795182062524,1.0,-47.52005331690343,-48.08747841997881,-74.13946029640543
2011-10-12,196,2010-10-14,2011-10-12,252,151,-3173.4070932631876,-3112.0137881125775,-5206.19073850791,-6000.231908332439,-6214.266563904785,0.9955041746949261,-2137.6967262246976,-2405.583900015605,-3611.4948264169743,-208.17448745645365,-195.4273447241054,-340.80701428854223,-392.2317762860983,-404.95225537844163,1.0,-186.43712815982656,-172.26261952485214,-283.5295571129549
2011-10-13,197,2010-10-15,2011-10-13,252,151,-3168.2943163305754,-3089.6345806607483,-5173.595369667099,-5923.304445226927,-6184.365430005868,0.9955041746949261,-2133.1301516564745,-2397.4566844644846,-3605.4881379563863,-205.91722409420672,-196.04950883337773,-335.4444720498439,-376.0167527323465,-394.12744841266266,1.0,-184.85177432601418,-170.5170137507467,-283.30234542441247
2011-10-14,198,2010-10-18,2011-10-14,252,151,-3170.0047995508166,-3129.0331792159186,-5168.303481479974,-5927.883538985293,-6187.419734267653,0.9955070603337612,-2141.7674616036384,-2446.369127952823,-3702.507681371781,-58.942163522488734,-52.86592484780687,-103.95259384621794,-122.50305602812502,-127.86702131897219,1.0,-47.860840214860474,-48.28665741953732,-72.01782194846247
2011-10-17,199,2010-10-19,2011-10-17,252,151,-3205.150352167987,-3182.61886077559,-5202.506156180221,-6061.029575235394,-6257.589169660007,0.9955070603337612,-2168.320130333628,-2460.36712670145,-3716.6685682881753,-213.51699792043212,-193.97474224743814,-356.044759117366,-424.728939011583,-469.91870891772265,1.0,-188.99533887804677,-172.37701250666706,-279.1554679350681
2011-10-18,200,2010-10-20,2011-10-18,252,151,-3224.950463674036,-3196.9340795039498,-5230.822637572206,-6083.938093789347,-6305.475142499028,0.9955070603337612,-2186.3303808571573,-2459.2680477194262,-3790.560276014968,-57.990633239159955,-51.588237441365834,-101.64836960429727,-119.24196763956967,-125.62551893666605,1.0,-47.14311751515196,-47.65357818057336,-73.01919578341631
2011-10-19,201,2010-10-21,2011-10-19,252,151,-3239.7994428657435,-3230.3054715343183,-5305.202777973424,-6057.398153979017,-6368.356770355101,0.9955099422706863,-2208.5729833236032,-2469.828068797956,-3785.5918671080967,-216.13651860267785,-195.44611134073944,-368.89374147301976,-457.7612407508703,-490.34535596547437,1.0,-190.93024390895206,-178.64450465289116,-290.67304077406686
2011-10-20,202,2010-10-22,2011-10-20,252,151,-3234.617959147249,-3231.2948951565777,-5245.578003651385,-6119.623308552779,-6304.0208924639355,0.9967948717948718,-2207.346730859574,-2435.8593213927147,-3726.4466807461863,-209.89448390417434,-186.1741894078025,-348.0609309525199,-437.6381435036663,-485.10183272539274,1.0,-185.6704309089081,-169.6442736820731,-282.10992816093716
2011-10-21,203,2010-10-25,2011-10-21,252,151,-3221.7375649499704,-3242.1979055866213,-5228.195995263998,-6125.963274035854,-6280.681771377929,0.9967989756722151,-2177.786119725177,-2421.916239811336,-3682.1857038400203,-58.35598393701343,-52.073834580322995,-101.8958740781681,-123.24364553976343,-126.86091705948547,1.0,-47.38626039141595,-46.82082767199033,-72.1989741726832
2011-10-24,204,2010-10-26,2011-10-24,252,151,-3234.168401127676,-3255.0828093694035,-5248.713163409652,-6152.656782950056,-6312.674917674493,0.9967948717948718,-2196.1905142212954,-2458.467225415755,-3672.6118973936673,-207.87422893089678,-186.90947884041583,-340.6510412643396,-426.90745813077126,-478.1520046461853,1.0,-185.04908589683967,-165.9854624198488,-273.61176364966394
2011-10-25,205,2010-10-27,2011-10-25,252,151,-3266.626717697798,-3284.655687824591,-5312.093161649504,-6137.987769200378,-6392.308548439622,0.9967989756722151,-2213.9568196477535,-2495.528498634801,-3682.9353565107754,-57.95525526085364,-52.51798494527693,-101.31920644173218,-118.09253277992494,-123.38634757196539,1.0,-47.11177471051382,-46.97362693105044,-72.59793867229955
2011-10-26,206,2010-10-28,2011-10-26,252,151,-3255.6030242067745,-3249.494357565305,-5256.063112123623,-6055.522285943146,-6314.231012093562,0.9961587708066582,-2197.45853980916,-2437.4889336769634,-3737.8329747881335,-201.91025809901427,-181.55856162917436,-337.56136775575885,-408.3354467629703,-439.77676421861594,1.0,-181.15405334044692,-166.2299026024293,-261.9976059912389
2011-10-27,207,2010-10-29,2011-10-27,252,151,-3288.7751313773956,-3310.947169693161,-5284.234351993278,-6044.000053836613,-6329.560024404917,0.9961563100576554,-2202.2051111907313,-2510.2719063507225,-3687.8667908019215,-200.51601957329612,-177.35305676499436,-329.58318376710486,-395.2080164642702,-442.26398631538837,1.0,-179.84224492033135,-166.58562209105875,-262.71974933648306
2011-10-28,208,2010-11-01,2011-10-28,252,151,-3284.307380438428,-3283.8283365109037,-5268.393563696915,-6001.2969508278875,-6290.470378689743,0.9961563100576554,-2211.423603593047,-2477.08100738221,-3633.3041660919234,-198.2315689047453,-178.2207859692292,-320.70665961890813,-385.45641307986176,-428.80336260880557,1.0,-178.69069551507445,-163.94371789802486,-263.6708092727167
2011-10-31,209,2010-11-02,2011-10-31,252,151,-3325.521847402348,-3359.2561986109185,-5314.5721395717865,-6182.259055390939,-6388.545323942703,0.9961563100576554,-2278.211496139356,-2531.2574842405456,-3622.6505011716986,-203.3756312940407,-183.0043839621681,-337.20109157876686,-411.8900746568673,-443.43669519828507,1.0,-182.40392113163483,-174.9726808673081,-254.88041979415655
2011-11-01,210,2010-11-03,2011-11-01,252,151,-3307.8294725953056,-3352.509129930407,-5342.302285459766,-6153.106145318521,-6358.177971783946,0.9955156950672646,-2224.869538443789,-2500.6254975022002,-3603.362614679828,-201.3489249479153,-181.72166383355807,-329.1836149998796,-395.15344874923056,-445.387962212756,1.0,-181.01398508982888,-169.6072107403371,-268.17276708159255
2011-11-02,211,2010-11-04,2011-11-02,252,151,-3359.9395865723322,-3359.409187339097,-5465.6141654740395,-6290.278889715642,-6587.111494599314,0.9955156950672646,-2307.659769880716,-2604.1679329048197,-4155.711895953043,-56.20485469924478,-51.42747316807095,-97.32327482187316,-112.91378847660084,-117.08561225717824,1.0,-46.31041587638856,-45.68750981706289,-70.96656815462434
2011-11-03,212,2010-11-05,2011-11-03,252,151,-3345.009959789332,-3364.939015339472,-5396.656023392143,-6182.304592637439,-6455.043000503403,0.9961587708066582,-2286.504216483906,-2585.418477619836,-3799.783585048571,-209.92405011371343,-186.5068198966309,-347.17761914606416,-418.72749311228813,-463.19796887148794,1.0,-186.21591081450302,-169.78437741394222,-292.6188559581652
2011-11-04,213,2010-11-08,2011-11-04,252,151,-3362.5517971793315,-3440.062930572635,-5415.508236872277,-6240.0255708325685,-6482.135382062313,0.9968030690537084,-2271.8352972852845,-2594.9041691002526,-3801.8931722035995,-222.47609139726774,-193.26104988211057,-383.35859815056347,-478.7130865112585,-537.9899016654413,1.0,-193.42489999456623,-175.9134858104538,-299.2977702768829
2011-11-07,214,2010-11-09,2011-11-07,252,151,-3347.3481700053185,-3397.9991851358773,-5413.031880132124,-6174.244209838023,-6460.257128274774,0.9968030690537084,-2255.6958292747695,-2564.7361541216405,-3728.1103327424553,-213.48687109809433,-182.16550525860964,-351.38754840784713,-465.9685007103556,-519.0553363175443,1.0,-187.36079656147683,-168.2382534621972,-291.3455964382111
2011-11-08,215,2010-11-10,2011-11-08,252,151,-3383.655691732653,-3472.1597985383833,-5432.418810181273,-6162.992685204295,-6514.59069462137,0.9961612284069098,-2316.258047474811,-2621.56649585771,-3674.461330207788,-208.57358204444478,-184.14129996953233,-329.74153353317075,-423.3969014559496,-489.5291538725421,1.0,-185.24945287107076,-162.3020419174893,-265.97939556989417
2011-11-09,216,2010-11-11,2011-11-09,252,151,-3449.316670332526,-3534.9697952496686,-5613.438315925535,-6249.1871190810825,-6664.556821130523,0.9955214331413947,-2382.3718978718966,-2717.590570039216,-3787.894839011622,-212.42105710004563,-188.77647624809413,-348.38963618507574,-441.82660164919065,-496.6937102461286,1.0,-187.05193746121887,-159.69983719537902,-290.20213527882316
2011-11-10,217,2010-11-12,2011-11-10,252,151,-3436.4113892562186,-3520.197163193365,-5564.957959641224,-6211.734717523676,-6605.312583860491,0.9961612284069098,-2354.2874185866435,-2696.2148572667124,-3634.432009824871,-56.00874242050901,-51.334453134395375,-96.35442112291358,-110.2893068549358,-116.25183945451178,1.0,-46.04657871464423,-45.84793297286157,-70.87331969133824
2011-11-11,218,2010-11-15,2011-11-11,252,151,-3417.2724441540668,-3454.8059621039256,-5525.582191156898,-6130.623192324687,-6538.267262198052,0.9961612284069098,-2322.3377767710062,-2671.7775456676336,-3582.727339933184,-220.08175880973448,-188.29024405386735,-380.4536229408804,-474.94782055156054,-522.5156465490461,1.0,-191.76974136385556,-170.4033609249998,-305.2245243880821
2011-11-14,219,2010-11-16,2011-11-14,252,151,-3419.3188561738207,-3448.6661762168096,-5524.865987371364,-6141.473384842245,-6543.232089212053,0.9961612284069098,-2331.4591664476116,-2672.239344441597,-3582.4600711507337,-223.60829760870882,-185.27191218377249,-394.45854908523495,-495.1785417077334,-530.1932125563178,1.0,-195.3988237190834,-176.95061331625197,-291.4878121712358
2011-11-15,220,2010-11-17,2011-11-15,252,151,-3408.463651626752,-3473.940753485903,-5520.297652476932,-6135.137790392438,-6501.218136289969,0.9955242966751918,-2328.1221499011276,-2687.0535959102103,-3661.3274750093083,-56.33108413680715,-51.700982029748594,-96.47007106172703,-112.69398517150205,-118.43769411357583,1.0,-46.191529095561904,-46.06156319911975,-71.0773500510152
2011-11-16,221,2010-11-18,2011-11-16,252,151,-3401.1657060666957,-3442.622297243836,-5530.118240667603,-6188.094957794544,-6498.223571362109,0.9961612284069098,-2322.2715363870675,-2664.020065685377,-3664.1217832422562,-223.856435756333,-193.21664551876134,-392.19299819334924,-488.7215613463284,-528.8313327604819,1.0,-195.95782502051588,-176.59861450631777,-293.7259790160435
2011-11-17,222,2010-11-19,2011-11-17,252,151,-3405.740741261842,-3444.862571382988,-5527.028289781269,-6166.246571491368,-6492.10743941974,0.9955214331413947,-2384.3758150692483,-2714.9293108202633,-3693.3884176051884,-221.7021269749709,-190.79458338870242,-396.31381015049215,-492.0859874159031,-519.8747199646688,1.0,-194.0011365165835,-173.2747260154607,-309.09961521584387
2011-11-18,223,2010-11-22,2011-11-18,252,151,-3391.5741991873138,-3420.016371672682,-5485.501735100482,-6150.066806567059,-6467.68529897852,0.9955185659411011,-2342.186332682176,-2651.2400483745855,-3650.439450767971,-218.72894806556258,-186.43011941331082,-394.93068989003314,-482.84133157461696,-502.9206311919556,1.0,-191.94026760561238,-174.01625067529605,-282.80561624585357
2011-11-21,224,2010-11-23,2011-11-21,252,151,-3412.9371311192217,-3468.110674326107,-5544.44651631603,-6081.64860093616,-6489.957602474142,0.9948783610755442,-2382.179810758231,-2681.711371917377,-3662.240285558397,-56.24793861420815,-51.296982669031394,-96.92157580174418,-115.73150300390441,-119.95214599292903,1.0,-46.320033646017926,-45.89204918401229,-69.86596411038437
2011-11-22,225,2010-11-24,2011-11-22,252,151,-3404.818231003585,-3457.3372447570664,-5496.198213271974,-6109.980238953728,-6467.834185211443,0.9942381562099872,-2376.209815421126,-2680.286143007023,-3659.5541259843462,-216.10444641311133,-185.88119089804707,-389.4068738898708,-477.1513192103376,-502.79820428407515,1.0,-189.39383537858814,-175.40834436787108,-280.08861112775327
2011-11-23,226,2010-11-26,2011-11-23,252,151,-3422.6472276186823,-3429.1941252544257,-5549.066548097486,-6149.32622457029,-6520.948316815733,0.9948783610755442,-2423.7714178528354,-2717.1249160430166,-3664.146522370189,-56.114486862077584,-51.654994696515615,-95.05518742777014,-114.55482541614967,-118.53060321410074,1.0,-46.333418778222835,-45.67967518087431,-68.11145883666414
2011-11-25,227,2010-11-29,2011-11-25,252,151,-3406.5234956566146,-3413.780694871779,-5505.226258144261,-6077.681542972208,-6481.058743825751,0.9948783610755442,-2414.0945591644404,-2700.4620444540346,-3640.9509592411773,-197.95028596447298,-174.50186227107727,-339.6758351463061,-398.0213406628094,-422.7121644624202,1.0,-178.26122197489124,-170.04654351660625,-264.01371628393633
2011-11-28,228,2010-11-30,2011-11-28,252,151,-3415.316416483939,-3444.5426869245316,-5530.029064469595,-6131.2046780923,-6506.600908934052,0.9948783610755442,-2410.8442476064197,-2707.4137917939834,-3610.1591105270713,-199.82865413397246,-180.68580880757258,-337.5402738060976,-401.8790877388073,-419.3119574942957,1.0,-180.4664882074137,-169.27456001004967,-273.5439537209424
2011-11-29,229,2010-12-01,2011-11-29,252,151,-3428.5525001192336,-3442.949687372033,-5528.429261469901,-6087.405373489874,-6499.0657016118785,0.9948783610755442,-2408.564071217743,-2744.5480223271284,-3641.161314534872,-190.85217364814235,-174.817136889537,-313.45732158622513,-365.3046657235834,-380.80840306410977,1.0,-174.69290716525873,-160.62851831989522,-246.63742301428846
2011-11-30,230,2010-12-02,2011-11-30,252,151,-3470.7327411477286,-3463.423838720339,-5526.923586081326,-6104.367638409751,-6542.803592444727,0.9948750800768738,-2453.8622416960598,-2755.7154266302805,-3611.26575672171,-195.39804402981247,-176.35817187074963,-329.3419477694562,-375.1101391549797,-395.94093704569343,1.0,-177.1337419389179,-162.48218544161327,-277.19509304982586
2011-12-01,231,2010-12-03,2011-12-01,252,151,-3463.041896067462,-3463.0931129728933,-5536.28690074022,-6090.24963073534,-6531.989541535013,0.9948750800768738,-2440.0363325821545,-2748.5844043945053,-3653.69169262729,-201.77603004948412,-186.67314046766495,-338.6355596019138,-390.2014593658929,-405.8457439682765,1.0,-181.4303611274858,-168.65381335755856,-288.5811361679281
2011-12-02,232,2010-12-06,2011-12-02,252,151,-3452.387575221356,-3440.7305333641534,-5476.820431963182,-6084.5499076276465,-6507.745990656428,0.9948717948717949,-2419.3792515403015,-2733.2506095094614,-3606.4636670371956,-54.99869282070109,-50.669548121445985,-94.41254126020311,-110.19548844209531,-116.30585525488806,1.0,-45.91469782093074,-45.163557232246184,-66.84391193279562
2011-12-05,233,2010-12-07,2011-12-05,252,151,-3470.8164767573903,-3449.6726954561655,-5538.067707147034,-6129.982896960251,-6559.78965236973,0.9948717948717949,-2455.4258131376314,-2763.2291451044407,-3642.28691284996,-202.38524111071456,-187.7919222077565,-339.85478240403705,-388.7649360659419,-405.79463818008526,1.0,-181.74868802427426,-159.5963174337429,-267.9434698844495
2011-12-06,234,2010-12-08,2011-12-06,252,151,-3465.850482168057,-3460.3756573442206,-5578.104796082548,-6131.001767897556,-6559.596019929903,0.9948717948717949,-2464.196888098049,-2752.2515319879603,-3707.5455649077576,-204.41673560339282,-190.19111971708213,-337.7980166225196,-382.44910802788195,-399.76199280387016,1.0,-183.52046386741455,-165.22509074117664,-268.4883704134582
2011-12-07,235,2010-12-09,2011-12-07,252,151,-3464.1001406450864,-3472.428553403299,-5545.628106182469,-6074.927613674274,-6529.498075548616,0.9948717948717949,-2449.524019326999,-2760.0409730523606,-3648.2919209533707,-203.1396045894366,-189.28871560211317,-340.73501916983827,-386.7117438014251,-404.0484868972899,1.0,-182.74959808259536,-166.16962128455302,-255.13059266779013
2011-12-08,236,2010-12-10,2011-12-08,252,151,-3487.0895120923087,-3480.2029553725215,-5598.3983837643655,-6159.246550952895,-6596.117028325658,0.9948717948717949,-2449.255565656225,-2765.4458283398353,-3734.1269917065574,-197.170068208751,-186.81169389812771,-315.46840301048246,-364.42870601029483,-383.14972557866815,1.0,-178.67505897987354,-163.87359478852423,-255.56785081796053
2011-12-09,237,2010-12-13,2011-12-09,252,151,-3491.1723154142355,-3477.2887193175893,-5585.448564402055,-6216.18873798096,-6584.7336601556,0.9948717948717949,-2442.5713874888297,-2751.6296660111448,-3708.509867096407,-190.2659900657115,-180.02028182648996,-301.18046321155924,-339.985408075242,-361.6523453180228,1.0,-174.19430389126032,-164.35258207541594,-247.66722036750303
2011-12-12,238,2010-12-14,2011-12-12,252,151,-3523.5235398150785,-3520.336555658117,-5626.872118683637,-6210.443433853872,-6645.3014340120335,0.9948750800768738,-2485.6354826790757,-2769.6083941619045,-3807.7745154230697,-190.96321309045672,-177.97945386270743,-304.71057059662127,-350.44326814111764,-365.74561445918823,1.0,-174.4846420631247,-171.17677657381887,-250.36230783700142
2011-12-13,239,2010-12-15,2011-12-13,252,151,-3512.166458438807,-3512.8461271282795,-5634.827892262668,-6255.686025813047,-6642.506033068613,0.9955128205128205,-2458.103599203114,-2775.8157931586293,-3800.7327051712577,-190.48086084499786,-177.15763279295237,-300.48237949264853,-336.49978083758117,-356.3363799271745,1.0,-174.37363615558044,-168.86177226434555,-242.00343220278924
2011-12-14,240,2010-12-16,2011-12-14,252,151,-3494.289243143682,-3531.7009045440195,-5631.492855130115,-6216.1886858897105,-6617.2236898222955,0.9955099422706863,-2427.047134499767,-2732.6524179944195,-3728.871153071673,-53.748240978018394,-49.49765460396315,-91.91617929862277,-104.72030349045023,-109.87735117474413,1.0,-45.31909168552409,-44.55752941737982,-67.84384100549971
2011-12-15,241,2010-12-17,2011-12-15,252,151,-3494.643508007197,-3536.424334868273,-5630.434780677439,-6261.537652124912,-6669.10774120099,0.9955099422706863,-2427.5612213122745,-2784.2336431035264,-3799.0911477802156,-188.82640497186443,-174.82732684380363,-303.09693361918283,-348.1999852916972,-368.5636274233886,1.0,-173.12767151123526,-166.39393006979748,-240.77437108765744
2011-12-16,242,2010-12-20,2011-12-16,252,151,-3508.4259631806494,-3507.075149743895,-5636.796664010733,-6308.462273538012,-6694.166719894316,0.9955099422706863,-2458.870455366463,-2719.6658410747877,-3835.1483271196166,-190.70634247777676,-178.57953723589512,-304.5469625932609,-346.36890002232616,-369.3631459453684,1.0,-174.6576350682926,-169.2495654929484,-248.5047631101231
2011-12-19,243,2010-12-21,2011-12-19,252,151,-3504.836219520474,-3456.7634506451145,-5619.485807288988,-6297.605576848333,-6682.251356473066,0.9955099422706863,-2461.2718269553,-2758.183715344454,-3841.6609557719867,-189.38722707596568,-178.33008975232738,-294.81596636561244,-340.23084377082773,-360.17455372663443,1.0,-173.99247478048449,-171.2072660514116,-245.4088529861451
2011-12-20,244,2010-12-22,2011-12-20,252,151,-3530.529930353617,-3471.650722243354,-5717.381834751681,-6364.53023293381,-6754.579296908111,0.9955128205128205,-2479.6033911661957,-2763.3224248624238,-3864.6072073638234,-193.13217431659146,-179.09245933350252,-310.498386208898,-353.3297839337689,-375.2692494414742,1.0,-176.25371015736567,-165.00103137618842,-253.81469107736652
2011-12-21,245,2010-12-23,2011-12-21,252,151,-3522.6966691234734,-3461.955417293895,-5718.572887158492,-6418.316047630271,-6772.755707180738,0.9955128205128205,-2453.591022882306,-2739.5315363576447,-3964.5706269325738,-195.8403994681783,-181.85477144223046,-320.30701489662073,-357.851931418279,-379.2276845301319,1.0,-178.03944542755661,-168.49234316601144,-260.5754543579233
2011-12-22,246,2010-12-27,2011-12-22,252,151,-3533.6611947299666,-3456.7916654720166,-5725.760315899414,-6463.094999277007,-6799.460631109451,0.9955156950672646,-2460.8657505331207,-2767.636262875533,-3957.226962890449,-197.04832578964962,-181.02362485852,-323.2669384764529,-368.0332149032495,-390.98028548749454,1.0,-178.3323971189062,-165.71393168079803,-252.84069798828824
2011-12-23,247,2010-12-28,2011-12-23,252,151,-3532.9170886451175,-3467.4099273301363,-5715.513703661747,-6400.047152760951,-6782.986849966808,0.9955128205128205,-2461.1532337455747,-2806.5724687033758,-3940.8944248946254,-196.68975192619737,-179.10637836555662,-319.9714455645688,-369.9422500660611,-386.0483809026643,1.0,-178.3055976079672,-165.0906569635663,-257.81696620626633
2011-12-27,248,2010-12-29,2011-12-27,252,151,-3526.47100279029,-3444.23043132207,-5698.4833399191475,-6420.3312089105475,-6771.363003091411,0.9955128205128205,-2455.3807874596623,-2771.3431019889745,-3946.69494611425,-53.343688167248224,-48.684247912120284,-91.75515896162756,-103.7963696569303,-109.45201383605367,1.0,-45.01923609854035,-43.418728889448744,-66.87783541020808
2011-12-28,249,2010-12-30,2011-12-28,252,151,-3526.874238006969,-3453.5555293683533,-5702.165730125927,-6378.744994459683,-6767.829605629351,0.9955128205128205,-2431.821759193476,-2769.421376061681,-3847.779137667369,-53.19878303087885,-48.68411198804617,-90.8888257873682,-101.92115013392693,-108.48051366344464,0.99933818663137,-44.86720706709348,-42.39006199693482,-67.55869238423078
2011-12-29,250,2010-12-31,2011-12-29,252,151,-3531.5051503484474,-3474.0764066259903,-5727.304131816918,-6436.437249864891,-6798.550078584407,0.9955128205128205,-2454.1659656324177,-2731.981945032348,-3945.7729277085873,-202.4408927546188,-184.62180167809686,-340.7335188774009,-402.83097741878487,-415.9701365266152,1.0,-181.24937680293493,-168.5079287293264,-269.59815600396416
2011-12-30,251,2011-01-03,2011-12-30,252,151,-3528.455860858649,-3464.321891278324,-5724.212444422483,-6437.840765667217,-6787.598481572559,0.9955128205128205,-2452.8455214541564,-2719.4681560749664,-3936.871578339162,-201.16469203409318,-189.27207469323218,-331.05492182553604,-390.22511586857576,-405.85041366714427,1.0,-180.56090055914837,-165.83125136620006,-261.0576814133305
2012-01-03,252,2011-01-04,2012-01-03,252,151,-3554.173046750487,-3463.871212904274,-5769.580780119115,-6473.31700019774,-6846.117601160496,0.9955128205128205,-2498.709584070049,-2765.2121444413206,-4090.9765209267352,-199.6913005723655,-187.38175311598494,-322.9630842985333,-383.26510614111703,-396.1653517341234,1.0,-179.9968918982383,-164.05212623689772,-258.62921272913593
2012-01-04,253,2011-01-05,2012-01-04,252,151,-3548.9700911804007,-3499.8140172533804,-5754.590734958521,-6438.046643217708,-6824.304260651918,0.9948717948717949,-2496.2553058954154,-2745.1602761544955,-4041.0367163851993,-202.79822903163495,-186.6821236984357,-334.86618943624643,-392.1219965548365,-411.295424434521,1.0,-181.9921111673152,-162.31141214325652,-260.0515262798079
2012-01-05,254,2011-01-06,2012-01-05,252,151,-3531.1897408103914,-3442.020854576298,-5762.970467245152,-6365.0630405212105,-6773.363244983279,0.9955099422706863,-2469.598633629848,-2697.8978706302373,-4038.033991876432,-199.99127916918712,-187.58077800825737,-325.6745668658703,-371.91674761914544,-390.83978516903505,1.0,-179.80560114910472,-163.90847527251907,-263.41404207836354
2012-01-06,255,2011-01-07,2012-01-06,252,151,-3521.1429587809807,-3433.719173304856,-5648.820235923388,-6407.167185331982,-6740.641882255445,0.9955099422706863,-2455.735571771343,-2686.1097414377477,-4012.2602786028665,-200.19780678908612,-185.80008318652656,-326.9032378358356,-378.9882218695682,-408.120347567681,1.0,-180.05856320911747,-166.15293769813482,-260.9849227343137
2012-01-09,256,2011-01-10,2012-01-09,252,151,-3526.170851832385,-3432.6698346778358,-5720.387768332394,-6418.032086597759,-6774.910759748914,0.9961489088575096,-2449.9072011752464,-2694.016759928439,-4115.633011151799,-199.29184529126817,-188.3019836891584,-326.40386578555155,-370.3697161462942,-392.89309718263047,1.0,-179.5015596373396,-165.92830913954086,-266.07774426365677
2012-01-10,257,2011-01-11,2012-01-10,252,151,-3536.285031399699,-3435.195216677104,-5746.219959866172,-6457.45746594553,-6811.742158126244,0.9955099422706863,-2451.057782946641,-2699.694959572601,-4044.3031272203407,-202.25622529806088,-189.80502772593576,-331.535731021032,-376.6520175189329,-398.92225329578014,1.0,-182.05106109199457,-173.75184045668684,-266.4477727859316
2012-01-11,258,2011-01-12,2012-01-11,252,151,-3535.1184047912207,-3465.6214373275234,-5701.584193275579,-6343.094720014437,-6738.777515817734,0.9967928159076331,-2495.0061534366982,-2748.7176792120085,-3969.5244406221595,-52.69749812532296,-48.96009441234486,-88.82085698557327,-101.80577742922826,-106.70403156722188,1.0,-44.35993605829057,-43.3950152074214,-66.19673938649481
2012-01-12,259,2011-01-13,2012-01-12,252,151,-3510.9339245650785,-3437.3326387991137,-5640.459309077986,-6263.426743433273,-6642.659508376115,0.9955128205128205,-2417.147612994267,-2669.60098855651,-3883.1768673666443,-52.575568516897484,-48.31430872044652,-89.55855877867663,-102.15389848094382,-107.10597639965964,1.0,-44.348092993279835,-43.81583464661523,-66.76145348407204
2012-01-13,260,2011-01-14,2012-01-13,252,151,-3498.5195898607617,-3453.2188695550353,-5656.970901951605,-6282.403441499613,-6643.509583796712,0.9974342527261065,-2422.4810924307412,-2666.7552283829154,-3847.277215978496,-53.13259229210231,-49.12113159794327,-89.76567395569195,-103.10688330770847,-107.52314695807237,1.0,-44.75412878824377,-44.54173132130425,-65.67485550176082
2012-01-17,261,2011-01-18,2012-01-17,252,151,-3510.4180584002797,-3474.1405364872844,-5655.19401174137,-6297.125057763878,-6648.312089099543,0.9974342527261065,-2450.201774145582,-2683.789043656477,-3775.2568315858566,-208.94690226656508,-194.52962254873034,-348.8909289104426,-407.8375400208664,-423.3007641162666,1.0,-186.93555028615847,-180.83652129855741,-268.9706753907947
2012-01-18,262,2011-01-19,2012-01-18,252,151,-3504.779886154178,-3446.291404274476,-5694.068341904414,-6261.258971864084,-6671.188277555362,0.9967928159076331,-2422.4204582248803,-2657.119359081768,-3907.1164411132604,-205.273961079009,-191.08547515754316,-345.2027832679705,-394.5896751682693,-414.91183052673114,1.0,-184.418708763136,-176.64757991572458,-268.7214652341798
2012-01-19,263,2011-01-20,2012-01-19,252,151,-3444.966220327432,-3403.179168481395,-5553.603990857484,-6216.581035897023,-6537.9623579871195,0.996790757381258,-2377.433259835802,-2611.182190685939,-3871.2365990466615,-205.2584739694533,-185.99788363112827,-343.12530073237855,-397.7062993583505,-423.21092692302926,1.0,-184.70160567875988,-175.42421411917044,-270.5232416229182
2012-01-20,264,2011-01-21,2012-01-20,252,151,-3479.599438794911,-3421.816141727632,-5641.758357392887,-6290.151554213,-6616.198185560996,0.9967969250480462,-2388.969398258549,-2672.272095239884,-3853.169987114147,-207.61517812612337,-185.1210896792096,-352.4347415702221,-408.02609529916816,-431.63091523661944,1.0,-186.21572738654535,-177.99541588802376,-269.19419703380646
2012-01-23,265,2011-01-24,2012-01-23,252,151,-3495.155776341657,-3430.4981514081956,-5646.598589137017,-6380.395978141869,-6643.819476840885,0.9967948717948718,-2396.376797450502,-2650.7903825454073,-3833.0664285850744,-207.30533259718027,-182.85930779750726,-352.9598347865436,-414.02608206295326,-438.64390145827616,1.0,-185.8565549942117,-176.46369315867136,-262.0054437740263
2012-01-24,266,2011-01-25,2012-01-24,252,151,-3486.9694462929883,-3445.0847383212786,-5597.788749544441,-6348.874734290184,-6636.852697978392,0.9967948717948718,-2378.4180450065783,-2683.36284441829,-3923.6294493886357,-200.27934285120807,-183.44319009656692,-332.7523172989524,-386.7078539251244,-405.2617781231037,1.0,-180.99947551159343,-174.08077245383876,-254.82181727830024
2012-01-25,267,2011-01-26,2012-01-25,252,151,-3453.7723286517776,-3418.503649041503,-5578.539649404786,-6247.474644200728,-6536.884525156666,0.9967969250480462,-2358.5670705709294,-2611.775999112626,-3824.599208669936,-195.77435572712452,-177.126320673793,-322.57438189351785,-383.0381258313986,-403.25045894729874,1.0,-178.30603451636506,-171.5302858234605,-245.776435455397
2012-01-26,268,2011-01-27,2012-01-26,252,151,-3436.6078309111786,-3384.720259601565,-5493.566729798094,-6167.854748713123,-6486.040262661204,0.9974358974358974,-2328.896416040865,-2606.5858116467593,-3847.062734028679,-200.27397212243966,-177.0820145816914,-338.24025220814127,-404.4634842057528,-423.76306475924235,1.0,-180.56703172189333,-170.18501764932643,-254.76639954244706
2012-01-27,269,2011-01-28,2012-01-27,252,151,-3456.7537143720256,-3422.892982656326,-5564.076771515787,-6259.567103560199,-6533.57887757205,0.9974375400384369,-2389.6298762396646,-2665.660627507308,-3938.329682316189,-197.74177747066233,-175.69901313186716,-333.1487200267542,-394.0502200212952,-418.79686730603567,1.0,-178.76446428119095,-167.18735850337316,-258.0520098560797
2012-01-30,270,2011-01-31,2012-01-30,252,151,-3473.170300412332,-3425.69217678318,-5564.080797306314,-6322.51920574083,-6585.883368743428,0.9974375400384369,-2408.721080218963,-2692.6781131267294,-3930.6020642689914,-202.1267890627819,-178.72685218533667,-349.129755899073,-423.50377617683836,-442.27774139725204,1.0,-181.66757731123218,-170.6232292633172,-250.27379631085532
2012-01-31,271,2011-02-01,2012-01-31,252,151,-3463.8340755017616,-3424.0654624569634,-5568.747910262626,-6312.1056793613425,-6539.831225038456,0.9974375400384369,-2396.88663002684,-2692.209315541194,-3890.668400297005,-191.6887073270356,-173.14698349160776,-314.87083617399173,-376.1657822424967,-396.42555154826533,1.0,-175.0512749788978,-164.9056234735822,-231.91603892371793
2012-02-01,272,2011-02-02,2012-02-01,252,151,-3470.486078532243,-3404.2513098363597,-5602.016738990912,-6339.330048039422,-6580.0612356841475,0.9974358974358974,-2398.2549666655714,-2698.133920938488,-3946.099936491276,-53.72776232101856,-49.651456368245356,-91.08695944598745,-104.01011238090477,-109.68334641471866,1.0,-45.02471519773796,-43.34927277619893,-67.84187713510973
2012-02-02,273,2011-02-03,2012-02-02,252,151,-3431.4382335585224,-3384.1792232224257,-5471.728262912025,-6229.484793564803,-6471.222333661644,0.9980756895445798,-2372.637603624916,-2639.8459345977503,-3939.637934755024,-200.4402393185718,-173.00501752950663,-352.1337496346319,-419.0089244923471,-442.36552153228286,1.0,-180.38241195843955,-171.79360004274483,-244.06448586337848
2012-02-03,274,2011-02-04,2012-02-03,252,151,-3443.314467707895,-3423.170756841121,-5502.0704643835315,-6219.25981915966,-6472.502738200566,0.9980769230769231,-2396.578529034309,-2717.793348387779,-3787.55457703598,-200.94236059489972,-177.32892940850846,-342.2108016429639,-414.50420025097327,-436.3295064063886,1.0,-180.7401689383389,-169.13571256454497,-246.26966075430838
2012-02-06,275,2011-02-07,2012-02-06,252,151,-3432.331170280629,-3410.462987371316,-5472.903239774198,-6187.8293535529765,-6432.02164216024,0.9974326059050064,-2347.0986797640035,-2685.3717229064923,-3832.851210637789,-200.9624510905317,-183.59988333070197,-322.74742617209375,-396.41006592019744,-409.51086626803,1.0,-181.34807555517997,-172.32770963136633,-264.07827134021585
2012-02-07,276,2011-02-08,2012-02-07,252,151,-3440.0167341494785,-3421.175293130059,-5479.754232653378,-6193.737776776797,-6437.350488145826,0.9974342527261065,-2357.4484200373427,-2694.6247588587535,-3835.4393812501457,-201.6422844344107,-183.32659075790912,-333.2060800355475,-402.1133627593129,-414.0523970462745,1.0,-181.67749612595833,-176.98939825031508,-262.6354023603383
2012-02-08,277,2011-02-09,2012-02-08,252,151,-3416.7862631887174,-3397.0603461134715,-5464.943565328119,-6192.058597131108,-6385.586328052404,0.9974342527261065,-2308.403478759415,-2638.07154468242,-3893.145579443968,-198.29223770233438,-184.4639966242778,-316.3625600355964,-379.4343146446709,-396.44322411730997,1.0,-179.5619909680866,-167.37450572756282,-261.44603643247626
2012-02-09,278,2011-02-10,2012-02-09,252,151,-3392.6609328818317,-3328.0815594984283,-5444.9818471318085,-6136.586067239057,-6371.219770284944,0.9974342527261065,-2298.3040160187707,-2581.706661265835,-3899.528708764755,-52.50765275145596,-48.95793330099928,-87.27470692417351,-99.36051279345753,-105.26135051638158,1.0,-43.82814565034227,-42.47009333564735,-66.15145862701274
2012-02-10,279,2011-02-11,2012-02-10,252,151,-3401.980389907201,-3333.5019061669564,-5458.20482815616,-6139.012117329001,-6378.539742706761,0.9974358974358974,-2289.8997242179025,-2588.079192537803,-3790.711667149289,-196.63574454800283,-181.55569998024833,-316.5333255957578,-360.47132407330133,-386.3030866387299,1.0,-178.57889269954555,-170.49719742410008,-262.7826079370289
2012-02-13,280,2011-02-14,2012-02-13,252,151,-3417.656842059017,-3366.2274015359953,-5458.901332445389,-6213.235086019179,-6418.041603281419,0.9974358974358974,-2312.501561551323,-2592.640863003332,-3799.5911642499773,-198.71274431505185,-183.59482952115144,-320.34302111378855,-369.3599018481871,-391.91118842290183,1.0,-179.45113133221665,-169.61835047785155,-265.99687651563676
2012-02-14,281,2011-02-15,2012-02-14,252,151,-3417.2291095762766,-3349.5476395305045,-5448.753687930315,-6280.0747460756975,-6441.783245004539,0.9974342527261065,-2320.3303302629665,-2600.7737958046982,-3902.3955435522566,-199.32978896131252,-187.45141551459724,-322.2002989539125,-364.090578380432,-381.61779405081705,1.0,-180.51753924928136,-175.57766994933266,-275.61363565106274
2012-02-15,282,2011-02-16,2012-02-15,252,151,-3442.5608948919084,-3386.6294264084117,-5547.353582169963,-6304.257538262381,-6500.719706904245,0.9980769230769231,-2385.080966031168,-2639.4390829385457,-3903.6791832257386,-199.19056042654773,-182.951925793803,-319.5424410189889,-375.9025788132454,-391.73996058312105,1.0,-180.11671071478585,-169.21533411731843,-250.84023519616838
2012-02-16,283,2011-02-17,2012-02-16,252,151,-3434.1672748193814,-3371.0500211033545,-5506.143864820771,-6288.893383918888,-6476.8612957130445,0.9974358974358974,-2361.113405664331,-2628.516649059546,-3955.8918665707843,-195.5936826098827,-186.90662885639188,-309.32828935329445,-345.90442823923644,-359.836117639039,1.0,-178.1033588378577,-172.80904786160337,-248.99987100004634
2012-02-17,284,2011-02-18,2012-02-17,252,151,-3420.5650347201668,-3353.942122324009,-5446.531981024629,-6240.419143580322,-6444.046325542436,0.9974358974358974,-2349.013457529726,-2613.740403738592,-3918.4807671572476,-199.34346597341246,-186.41719538315306,-320.4918883562543,-358.68278854060935,-377.3326339476484,1.0,-180.46964565537561,-167.03624224630963,-255.5521675964175
2012-02-21,285,2011-02-22,2012-02-21,252,151,-3426.283735252378,-3341.4197688592667,-5444.455560102982,-6271.601487885805,-6446.613918369544,0.9974358974358974,-2343.768362776772,-2593.409967724834,-3897.214468794908,-198.7360107151456,-185.97980092541997,-318.8556843705074,-354.26178945519825,-373.8716750776912,1.0,-179.89555837812577,-167.9340972752133,-271.764049276619
2012-02-22,286,2011-02-23,2012-02-22,252,151,-3402.165619216827,-3332.725092851105,-5464.756748299989,-6222.894427166332,-6445.751242179019,0.9974358974358974,-2357.6221261625897,-2623.9361683858892,-3954.2275938955363,-198.7535919624386,-189.38460152815225,-313.45733899304196,-359.8422457192975,-377.899154894971,1.0,-180.39871861286383,-172.20842630173837,-257.8686512877047
2012-02-23,287,2011-02-24,2012-02-23,252,151,-3390.1846405676206,-3328.9867333054954,-5428.133896621718,-6143.765995058838,-6396.968487173486,0.9974358974358974,-2310.4190297225114,-2541.7041479676295,-3884.697923880886,-199.03930392485583,-185.7442773639276,-323.36770613565665,-362.04180780157657,-381.7406222260431,1.0,-181.10721728108254,-173.58046536495564,-267.70110870682595
2012-02-24,288,2011-02-25,2012-02-24,252,151,-3391.4199549664067,-3303.6508642636,-5453.664228463331,-6156.572295538968,-6374.809289839846,0.9967928159076331,-2299.820252155712,-2542.4955696733755,-3789.8253459056427,-200.22584905274388,-185.71314877489579,-323.3102113111489,-368.8384955436582,-387.2186199237664,1.0,-181.9402122732387,-172.1665904157618,-267.1471410734783
2012-02-27,289,2011-02-28,2012-02-27,252,151,-3402.2621106409006,-3306.668522067228,-5466.250630857022,-6155.548383169762,-6405.108364201886,0.9967969250480462,-2338.281067306186,-2536.3370142592526,-3847.587796542869,-199.78892102942402,-185.68104816804106,-326.88829667168943,-371.72458991950884,-389.02970759640215,1.0,-181.6588189992368,-176.62100300370895,-261.70455036090175
2012-02-28,290,2011-03-01,2012-02-28,252,151,-3401.749446899433,-3322.236001414606,-5457.494107841713,-6151.3873338278245,-6392.269034036212,0.9967969250480462,-2324.9304502980312,-2538.4371989831784,-3880.849828404036,-200.80363018337664,-185.73288640816315,-331.9497938771604,-378.8594530194695,-392.38625514411996,1.0,-181.65489213861235,-173.8231824658186,-271.7505439707088
2012-02-29,291,2011-03-02,2012-02-29,252,151,-3383.7592566156627,-3314.87911826424,-5429.249711413008,-6125.753298696934,-6331.884860156527,0.9967969250480462,-2296.552136643394,-2465.4747122440413,-3706.0792748839644,-199.68089949278445,-188.1524844057729,-314.79695485128184,-364.7020109949427,-379.9514905778643,1.0,-181.7308673711376,-176.15721227432738,-262.3246406949199
2012-03-01,292,2011-03-03,2012-03-01,252,151,-3387.348522181712,-3320.481656142646,-5427.929582374525,-6121.419198925153,-6362.497756076751,0.9967948717948718,-2309.1175426969885,-2466.0893400342366,-3912.6820613086456,-200.36652359052172,-183.07633910895635,-330.0740583874113,-374.7675073515425,-392.94312835959124,1.0,-181.87435649150368,-179.79880307570443,-247.80621303123095
2012-03-02,293,2011-03-04,2012-03-02,252,151,-3382.3319965699684,-3314.608199150635,-5449.956161077332,-6169.517424977417,-6367.6459736330735,0.9974375400384369,-2301.7062044861996,-2474.7364616124323,-3907.7268034296176,-203.11795290847348,-186.7168030230012,-330.91083936665547,-378.9068658879667,-395.1879419116586,1.0,-183.4076650132519,-171.88437134094832,-262.40547103349763
2012-03-05,294,2011-03-07,2012-03-05,252,151,-3380.631832520786,-3319.3859982864615,-5441.795013770442,-6118.5852521235065,-6367.196755398071,0.9974375400384369,-2308.4965371007443,-2454.3421739019536,-3910.4993689323974,-206.18163811817337,-194.86079844516,-334.95891220657506,-382.103206475297,-405.01616937501507,1.0,-185.26696920696878,-171.75301735618527,-273.8632723627851
2012-03-06,295,2011-03-08,2012-03-06,252,151,-3389.1483412152866,-3338.8101921230314,-5447.478591546018,-6200.410329618487,-6416.792717180172,0.9974375400384369,-2313.3421513271896,-2455.7991064732764,-3905.9812315062454,-207.27817737781373,-192.7016842248045,-337.0420944785382,-385.56384873485325,-404.6233316073817,1.0,-186.52433275623923,-171.21121404891332,-279.54909839710814
2012-03-07,296,2011-03-09,2012-03-07,252,151,-3378.9572764949803,-3326.9765772882247,-5400.376293994203,-6112.304335702282,-6341.94371400855,0.9974375400384369,-2279.6891653913485,-2451.7219130148815,-3777.0551047452036,-207.25106717745868,-194.62069456087056,-338.5431116429868,-386.701530638215,-406.8211264284637,1.0,-186.31493814798785,-168.51310893518226,-288.3305602933353
2012-03-08,297,2011-03-10,2012-03-08,252,151,-3380.5316020296614,-3320.6524047394696,-5414.6787536123875,-6119.565043406201,-6349.262066563697,0.9967948717948718,-2294.560946084387,-2447.4352747359817,-3683.541412377972,-51.87042170870053,-47.636557905779675,-85.74593831590266,-97.44852532690695,-102.9956734814503,1.0,-43.60507321384939,-41.58944751837212,-64.41032136967151
2012-03-09,298,2011-03-11,2012-03-09,252,152,-3393.513010879371,-3334.530633824614,-5450.035642439175,-6158.715162484924,-6356.752290398797,0.9968152866242038,-2280.507074515892,-2413.8597324720313,-3859.167314387872,-203.3018132313729,-190.30613034321811,-330.54503516519503,-369.2162674239337,-391.60888479665164,1.0,-184.18893356277366,-172.16386673360472,-266.81656359831544
2012-03-12,299,2011-03-14,2012-03-12,252,152,-3391.832469114153,-3337.5988280175247,-5416.874984098582,-6141.142719336703,-6342.078576118528,0.9968132568514978,-2281.353239135784,-2430.814746207255,-3759.5613772166193,-206.00231492610982,-194.69455945819843,-331.400878293414,-378.7153797751115,-397.982735630024,1.0,-185.5582434675208,-173.8384291813324,-270.89088257757993
2012-03-13,300,2011-03-15,2012-03-13,252,152,-3415.733120369036,-3341.7851334656475,-5468.084474208502,-6179.4346863425135,-6422.058119810612,0.9968132568514978,-2304.0525151918278,-2460.595815376435,-3777.5809402558234,-52.03472674488638,-47.76884769209531,-86.88872114714844,-99.75148414339881,-105.31965146969407,1.0,-43.570500280294425,-42.312416917856154,-66.3004929925126
2012-03-14,301,2011-03-16,2012-03-14,252,152,-3399.0680018168396,-3331.2725290961494,-5435.604788636026,-6139.059630815069,-6401.867497925438,0.9968152866242038,-2302.527004675652,-2480.2283064541493,-3845.915090548154,-51.81772201347847,-48.04057589224669,-85.96370600177079,-98.093197379354,-104.23345223937933,1.0,-43.395350467803475,-41.55452387698657,-64.37976812077228
2012-03-15,302,2011-03-17,2012-03-15,252,152,-3410.2209649045276,-3336.061563200244,-5463.695590280201,-6212.598789778612,-6402.679117998095,0.9961807765754297,-2326.8812670107022,-2511.193848010121,-3866.171657485651,-208.12482880356188,-193.21713478187817,-340.0479775918359,-397.2372687539803,-415.41877233109096,1.0,-187.20596395719707,-177.97444943045653,-271.04313426939734
2012-03-16,303,2011-03-18,2012-03-16,252,152,-3413.045443001836,-3348.0802954746414,-5486.039098316651,-6200.285435461708,-6394.944623558869,0.9961807765754297,-2325.7148822062054,-2518.7013105908873,-3841.4937972568914,-201.83367325679205,-185.3124655633601,-334.16848224365197,-386.69177483034167,-398.57649376897376,1.0,-182.85189026976835,-168.46306002563188,-274.0806044509432
2012-03-19,304,2011-03-21,2012-03-19,252,152,-3407.9844551688975,-3347.469814531366,-5426.011398047469,-6178.26624582658,-6381.569352953745,0.9961783439490446,-2310.1129349018142,-2498.9283522040278,-3759.769584161662,-203.36067132399265,-182.7331788740766,-343.33412280150105,-386.1724463553233,-402.9450182884663,1.0,-184.194558368287,-170.99267747080054,-262.6202571355861
2012-03-20,305,2011-03-22,2012-03-20,252,152,-3403.123112944552,-3326.4023571259627,-5428.701821420344,-6194.736390389742,-6400.449622049331,0.9961759082217974,-2301.7732265237755,-2468.824230278894,-3756.091531800575,-52.51199808645037,-48.45172080204,-87.547951912197,-99.44362319189909,-106.11594887178435,1.0,-43.94108330814932,-43.57099100016586,-65.24037793089612
2012-03-21,306,2011-03-23,2012-03-21,252,153,-3429.72138110328,-3345.1746311689026,-5481.329699288433,-6206.459427157317,-6459.341134824903,0.9968354430379747,-2328.6520540923043,-2511.061695899235,-3772.086243498321,-205.24084209072362,-190.92130089191332,-341.6420975485834,-384.4241482475394,-402.01145613679915,1.0,-185.49621554323713,-170.8187987006524,-271.9561535299681
2012-03-22,307,2011-03-24,2012-03-22,252,153,-3437.780135860818,-3361.139663611907,-5486.100982909993,-6243.779415251158,-6471.977874785835,0.9962025316455696,-2347.949342344911,-2484.3542337899,-3907.7207753429852,-202.17283037801707,-186.9249755298224,-324.9889537498473,-379.3726394318331,-392.25680626921917,1.0,-183.8767093552609,-172.6382521686444,-257.1820630675077
2012-03-23,308,2011-03-25,2012-03-23,252,153,-3426.379772944252,-3339.4654996914155,-5468.128519251004,-6167.329744472916,-6403.06912273564,0.9962001266624446,-2316.7397021309403,-2477.0932670770962,-3852.936209734602,-198.25147600343772,-185.04481677666058,-319.8254986554511,-358.60004404213703,-379.1967927090882,1.0,-180.99485399160469,-166.5974852965057,-255.08757658610386
2012-03-26,309,2011-03-28,2012-03-26,252,153,-3423.892682207833,-3362.0519959341846,-5456.296875032014,-6140.249771278434,-6388.95281780457,0.9961977186311787,-2317.6140884963975,-2499.0781945357135,-3826.7529045229285,-197.4982256816357,-182.13172946682528,-320.9028219148419,-367.2583682104088,-379.0350087414105,1.0,-180.1633884125905,-168.86499843002204,-266.76576951513294
2012-03-27,310,2011-03-29,2012-03-27,252,153,-3431.895012407962,-3377.66952823096,-5498.856402770812,-6175.027618598532,-6399.7887148128,0.9961977186311787,-2326.718938412995,-2499.3975041440485,-3824.683042589406,-53.12399936115417,-50.10083582523834,-87.33494020586524,-101.4133762588408,-106.60057005049174,1.0,-44.45831706570111,-42.74670003687527,-64.80527814151928
2012-03-28,311,2011-03-30,2012-03-28,252,153,-3422.4195074133495,-3350.7174809880867,-5486.746684695766,-6152.291842018939,-6372.277649463816,0.9961977186311787,-2310.6808790195555,-2488.7485654195225,-3796.9560067215116,-200.90413924939813,-185.14194617201446,-330.4281246928927,-371.4232276796261,-386.89266798171406,1.0,-181.9575003579037,-173.24271881414103,-269.9529494733706
2012-03-29,312,2011-03-31,2012-03-29,252,153,-3424.0772242676785,-3341.2336443557233,-5484.627780965226,-6170.868805941307,-6394.924963895637,0.9961977186311787,-2317.4747924501885,-2484.144723580451,-3793.618512951592,-53.200410692854376,-49.238838194024666,-88.194279905016,-102.87077049024911,-108.18929238792506,1.0,-44.30423707388175,-42.40121064881438,-68.76086697918643
2012-03-30,313,2011-04-01,2012-03-30,252,153,-3418.0954307470324,-3344.530889711766,-5443.310767745773,-6115.566203875197,-6343.1880788870985,0.9961953075459734,-2316.1613601816903,-2461.2810903031636,-3825.871781230739,-205.71312763132866,-191.35772450405733,-334.8899160446262,-376.2359604762048,-394.01610402246416,1.0,-184.74896457023388,-174.03765922356007,-272.7447518195543
2012-04-02,314,2011-04-04,2012-04-02,252,153,-3427.4813343606597,-3351.9321203202103,-5455.350473725104,-6149.206902490582,-6357.468739087236,0.9961977186311787,-2325.328199962363,-2415.5406773541085,-3828.022797385245,-212.44220237268152,-193.2359708031523,-352.10676213084133,-410.77091279228324,-437.3253550421765,1.0,-188.6050867971792,-174.68521846069984,-285.5626937388642
2012-04-03,315,2011-04-05,2012-04-03,252,153,-3423.847055729296,-3356.306411366472,-5442.008757435878,-6156.127906419575,-6326.395328664689,0.9961904761904762,-2311.005528322766,-2437.3344373305345,-3798.2770760247786,-52.74390900068547,-48.853521531737044,-87.74215431760186,-101.64286971396592,-106.47957682190949,1.0,-44.3894236943083,-42.80680437566851,-65.9276103031482
2012-04-04,316,2011-04-06,2012-04-04,252,153,-3427.5631096027128,-3367.153155953473,-5454.59277926684,-6137.358860921871,-6317.6667465663,0.9968253968253968,-2305.509902434765,-2423.264647560817,-3786.038121445433,-206.76966656290674,-192.1521073801398,-340.27183538358577,-386.64439360578643,-410.5421315827839,1.0,-184.95649427753693,-172.62844610686983,-283.1306275456014
2012-04-05,317,2011-04-07,2012-04-05,252,153,-3423.6488411709847,-3372.222331115335,-5419.486098029681,-6141.834627817435,-6290.734352410266,0.9968274111675127,-2300.8245698488354,-2427.2519473716115,-3761.5708460966503,-196.8391835076426,-188.54737668308672,-310.14499229476615,-347.6463164861667,-363.4504024582386,1.0,-178.93809619182224,-175.56621857449278,-256.18094137083375
2012-04-09,318,2011-04-08,2012-04-09,252,153,-3442.3451142824797,-3388.5869401117384,-5430.048338009027,-6167.215508651275,-6326.507584631043,0.9968253968253968,-2328.629567856668,-2443.453093597762,-3810.336654475536,-197.64729994001405,-185.10050177124594,-319.13232316839355,-362.2608878332593,-385.2079243800799,1.0,-179.33346449075617,-175.8326909134555,-255.27481298451085
2012-04-10,319,2011-04-11,2012-04-10,252,153,-3429.0302279101647,-3366.0936081608947,-5420.2717298008665,-6141.344434406252,-6319.5674769677535,0.9961904761904762,-2311.370633608804,-2470.7063916985876,-3849.1122476106025,-192.94439558677462,-180.356364404021,-307.843334358721,-349.2934060626172,-369.3136035463483,1.0,-176.06584585536132,-171.1656458944577,-252.35210279361132
2012-04-11,320,2011-04-12,2012-04-11,252,153,-3439.8444886358334,-3400.5576002724188,-5420.551505346973,-6121.181675563435,-6292.263397057412,0.9968274111675127,-2291.6807789445115,-2425.6351520097896,-3768.2659534554095,-192.24737424280073,-178.53896889959844,-306.0661917428986,-355.0888324484393,-372.7046046253837,1.0,-175.51850298054327,-169.15731692401246,-243.8964850283266
2012-04-12,321,2011-04-13,2012-04-12,252,153,-3445.66475608838,-3412.19308162078,-5430.347060633125,-6085.43695746867,-6289.885160955657,0.9961953075459734,-2299.4945686701913,-2431.9495603620303,-3692.3464675240675,-52.010776452884606,-48.8638394763462,-84.19495675099178,-96.8626400732421,-102.34805362057159,1.0,-44.00873533347004,-42.050459464217774,-64.82266515556842
2012-04-13,322,2011-04-14,2012-04-13,252,153,-3433.9327363278517,-3389.860540892369,-5448.4206052660975,-6115.868844325856,-6303.250813052355,0.9980976537729866,-2277.113307078049,-2379.670573078158,-3805.9977291941123,-194.55215233196643,-180.6095940629292,-313.18356946841897,-368.0358913068177,-384.6630807851321,1.0,-176.40543894465358,-169.0681460932997,-261.0685328306231
2012-04-16,323,2011-04-15,2012-04-16,252,153,-3427.676483412778,-3390.4063045965995,-5444.358898452018,-6136.011436595888,-6284.442014228961,0.9980964467005076,-2264.816440503643,-2431.1277524626394,-3851.5748672604936,-193.32049056587485,-178.49219512022518,-307.6680330280533,-361.20351945540966,-380.7724637699128,1.0,-176.15725866339525,-166.82728621956196,-255.136845563599
2012-04-17,324,2011-04-18,2012-04-17,252,153,-3464.677684552219,-3424.7574474433395,-5476.210600680001,-6209.159275622113,-6428.174793077143,0.9980952380952381,-2321.04560826098,-2477.2298953458653,-3890.8133385175865,-190.40877795068857,-175.0852698756242,-302.20013649459486,-353.17722305833814,-376.60831069000574,1.0,-174.57330573540165,-167.42125847580706,-242.48081048645548
2012-04-18,325,2011-04-19,2012-04-18,252,153,-3464.2471067564306,-3387.6872986722565,-5522.997496206825,-6285.050054320013,-6453.622008172149,0.9974603174603175,-2331.912134810769,-2513.69166132294,-4041.7781897424225,-191.4170010407545,-177.85179660041933,-295.9966132529868,-355.5333667433489,-379.3290617510972,1.0,-175.25970907560625,-167.19815763511693,-248.09608138589405
2012-04-19,326,2011-04-20,2012-04-19,252,153,-3448.4488709763978,-3380.9237095117996,-5472.614404651391,-6290.96673778384,-6424.4509660425765,0.9974619289340102,-2320.238888498406,-2437.6535175142435,-3915.247004169859,-192.71238924325547,-182.5185825933442,-298.1949966189507,-359.50549277475403,-378.0826044402001,1.0,-176.294219895624,-166.0814681691571,-250.91671534538023
2012-04-20,327,2011-04-21,2012-04-20,252,153,-3446.1804545524806,-3389.7405192742895,-5400.789384901466,-6163.964270031716,-6329.195693242847,0.9980976537729866,-2326.0108709147853,-2398.176406371762,-3923.8478448714695,-193.15950897113956,-180.4333878404035,-304.5309302340931,-351.87373621916043,-364.45133778117463,1.0,-176.89231463782767,-170.08151573494013,-246.8235664335004
2012-04-23,328,2011-04-25,2012-04-23,252,153,-3460.8152107097003,-3401.4370659772917,-5491.235895725253,-6208.246778020604,-6394.68088898441,0.9980964467005076,-2364.734961808383,-2419.4268394440073,-3889.202995718178,-193.40562974473391,-178.6546679364152,-305.5043621350063,-359.2513109551886,-373.66250489626816,1.0,-176.9102033386881,-171.71248881643922,-256.22430441455737
2012-04-24,329,2011-04-26,2012-04-24,252,153,-3446.8805979009207,-3385.486023220315,-5479.29038616593,-6178.585824427882,-6357.132695493955,0.9980964467005076,-2343.004345590205,-2390.1502326283285,-3905.59123392088,-52.990363070165394,-49.80183159672628,-88.62461802552703,-101.27101555485245,-105.66415911989608,1.0,-44.391785255926536,-42.72549725403756,-67.004158127167
2012-04-25,330,2011-04-27,2012-04-25,252,153,-3428.218930874361,-3350.486456791355,-5468.80652442436,-6181.316884469093,-6379.26869915507,0.9980952380952381,-2327.9022376495773,-2362.425823628374,-3826.0442666255753,-191.9443995668221,-177.42758656807615,-305.71644507240455,-361.95848573519794,-381.6914157800104,1.0,-174.96934000818766,-165.37069860626897,-244.1690400245229
2012-04-26,331,2011-04-28,2012-04-26,252,153,-3459.8819642410263,-3371.3024104220412,-5457.279621134128,-6257.093166251383,-6431.401370067017,0.9974603174603175,-2366.3119684400444,-2444.7027330553947,-3919.2538356613386,-52.21781753562811,-48.52223245134929,-86.70997096925429,-98.94029582114297,-104.04510800667549,1.0,-44.03341235012924,-42.5366246926967,-64.76115432236045
2012-04-27,332,2011-04-29,2012-04-27,252,153,-3426.295602766871,-3365.428263134149,-5370.928319983351,-6105.268647445097,-6265.305084066998,0.9974587039390089,-2318.538535088988,-2401.540673591049,-3881.3448420105706,-190.56895097743643,-177.87868911147154,-304.3620523249239,-349.6964270111566,-370.50066316946106,1.0,-174.76647491659494,-165.13499919032222,-241.18341307834777
2012-04-30,333,2011-05-02,2012-04-30,252,153,-3425.456457728238,-3369.921522965297,-5406.792402747865,-6106.234803758489,-6270.43533865182,0.9974570883661793,-2311.798507726717,-2394.962331000312,-3850.323638750708,-200.0445993693649,-180.6898357750632,-334.9867079640838,-401.90593302880234,-418.6724625469944,1.0,-180.603649606865,-166.46706093593764,-260.3920209697396
2012-05-01,334,2011-05-03,2012-05-01,252,153,-3426.3899112580716,-3372.145897124813,-5407.52562908922,-6113.970096237278,-6262.24761085164,0.9974570883661793,-2317.030698895164,-2428.5103048013275,-3848.8969843263726,-52.219557092771566,-48.444180347175745,-86.74075097642312,-98.97499365771016,-104.69136237219939,1.0,-43.607705377990975,-41.799385363672364,-65.8414375507359
2012-05-02,335,2011-05-04,2012-05-02,252,153,-3423.4269371420687,-3373.942367705551,-5383.817235830021,-6123.911326132641,-6273.761559684687,0.9974570883661793,-2301.453716995397,-2408.3642458128675,-3910.051782156631,-52.40930103533748,-49.51014516656652,-86.46147225515618,-99.8905717056041,-104.16923537527919,1.0,-43.57799426072864,-41.79626856137684,-65.65811333287596
2012-05-03,336,2011-05-05,2012-05-03,252,153,-3451.7721660325474,-3400.9279313190195,-5424.377528932114,-6160.258734175036,-6347.552505444197,0.9974570883661793,-2309.359614237092,-2462.121789177959,-3810.992588435304,-201.02989747575924,-182.78434635896446,-337.5587266917845,-391.43787200719976,-406.9947027365678,1.0,-181.27987996862254,-166.48576636108933,-270.11020317419764
2012-05-04,337,2011-05-06,2012-05-04,252,153,-3449.1625570675096,-3414.238749371679,-5461.230703252524,-6149.034191533496,-6326.4363707475695,0.9974570883661793,-2316.0880387020325,-2472.47505884087,-3897.819424659401,-201.05815040682245,-183.90102025420737,-336.55918724863216,-389.0304475682643,-410.28692594198276,1.0,-180.54796165104108,-167.9845577762304,-271.1254419558378
2012-05-07,338,2011-05-09,2012-05-07,252,153,-3451.654750039441,-3394.1219676160745,-5489.669820721567,-6177.431764194181,-6353.790309047892,0.9968193384223919,-2318.0125350085223,-2462.201232144933,-3862.604396929902,-203.59444902891192,-181.3593226114061,-351.1483205245539,-408.127969314462,-429.59683102880444,1.0,-182.41851820803672,-170.07962849259334,-267.9873966200202
2012-05-08,339,2011-05-10,2012-05-08,252,153,-3459.9844668964233,-3405.874552702082,-5456.420258029946,-6187.332878543926,-6368.3699075011245,0.9961832061068703,-2328.9197282032496,-2500.1214110274364,-3948.112754598345,-202.73705198423042,-178.64214421693862,-350.745460536325,-407.54105862150124,-433.6710721039928,1.0,-181.69851830400904,-165.91633133744878,-264.4924090741332
2012-05-09,340,2011-05-11,2012-05-09,252,153,-3464.926883549692,-3409.928999434652,-5530.504697249548,-6167.962902594278,-6375.387689430304,0.9961832061068703,-2330.667682511414,-2478.928804352586,-3889.5678687805935,-52.16346027085483,-48.61731391724326,-85.95447921346033,-99.70769690561325,-104.005738629956,1.0,-43.32488295562642,-41.42386174046844,-64.71655461006301
2012-05-10,341,2011-05-12,2012-05-10,252,153,-3460.926352253972,-3386.04853205811,-5497.2422657462575,-6166.237541060578,-6404.221438311787,0.9955499046408137,-2301.080367567528,-2487.7342805880844,-3803.5880689330365,-52.357429191710466,-48.993670023500265,-85.95877041498827,-99.19497500848334,-104.06372330584983,1.0,-43.35909038885809,-41.556945860549675,-66.20502411888958
2012-05-11,342,2011-05-13,2012-05-11,252,153,-3463.1431575676856,-3406.350681466867,-5523.642533436982,-6156.312679125211,-6401.773925763995,0.9955527318932655,-2297.8713087323044,-2478.1549640386584,-3787.397508814877,-196.85776274094428,-174.0736471283321,-332.19371497696767,-393.86717029901985,-419.2140297457705,1.0,-178.12729835909553,-163.2209747264351,-259.1868875652313
2012-05-14,343,2011-05-16,2012-05-14,252,153,-3460.1244373355594,-3438.2091920528933,-5502.961578020601,-6134.57457938807,-6359.412515571897,0.9955499046408137,-2290.9113573474433,-2471.1720641106576,-3774.9866554552873,-200.81141999745915,-179.16975792937956,-336.93764566969924,-410.99007609320364,-432.6388301973612,1.0,-181.1372959110133,-170.22009162081935,-262.710697949532
2012-05-15,344,2011-05-17,2012-05-15,252,153,-3470.528805029744,-3423.3739908682937,-5503.073725820556,-6155.63325866818,-6380.562932100942,0.9955527318932655,-2300.7184772036194,-2497.074312836754,-3847.8350319346223,-201.12394901585694,-179.13160920299754,-337.0947042379628,-404.8430769845142,-434.0887083962093,1.0,-181.4148433393792,-167.9792619196325,-262.47597762955513
2012-05-16,345,2011-05-18,2012-05-16,252,153,-3495.3744784215924,-3438.376833123969,-5522.074767273813,-6171.226315796988,-6413.7647488919765,0.9955499046408137,-2325.445798837534,-2538.970247790921,-3911.133683385759,-205.86904289474174,-183.06148386778597,-345.34618781117973,-424.8149036393245,-450.2195085245137,1.0,-184.66359547176464,-172.1588616790841,-257.3557731204529
2012-05-17,346,2011-05-19,2012-05-17,252,153,-3497.8502723356823,-3442.5788886691826,-5554.351415449583,-6235.842233869638,-6456.546410904136,0.9955527318932655,-2350.501559954471,-2547.7307955305587,-3953.6266602861965,-209.10725396161826,-186.09882553536846,-345.24936644425486,-429.7822077692461,-452.3577797483058,1.0,-187.2236087158537,-173.5566939722081,-264.8401198259662
2012-05-18,347,2011-05-20,2012-05-18,252,153,-3490.763217076644,-3436.7680601863644,-5558.001531330539,-6237.022391906144,-6445.166181999472,0.9955555555555555,-2328.82790227151,-2497.1460201170403,-3906.5164231700405,-212.9876120273848,-192.09107056178715,-348.7351897900082,-434.3801091617056,-457.397706263298,1.0,-189.40909089593836,-172.3914758774691,-281.90333308096535
2012-05-21,348,2011-05-23,2012-05-21,252,153,-3496.538436341354,-3436.682227309413,-5640.824444503041,-6250.389907580044,-6476.254602507735,0.9949206349206349,-2328.5901008362293,-2465.8190366208137,-3960.633764425185,-212.93983197388403,-192.22642077610124,-358.15503960821815,-432.4325093718239,-450.23684217976967,1.0,-189.73272314528182,-179.2616974100444,-282.905278807127
2012-05-22,349,2011-05-24,2012-05-22,252,153,-3487.4400228473914,-3431.4821343695467,-5577.793927213471,-6268.321587592559,-6453.421888790602,0.9955527318932655,-2338.6709809650956,-2472.683812598009,-3928.7804070741445,-215.3306236602801,-195.22261705786616,-362.2348560584152,-427.1949739082834,-448.4678686076605,1.0,-191.24613547498268,-175.68715998321267,-282.2752830583364
2012-05-23,350,2011-05-25,2012-05-23,252,153,-3480.2070938511797,-3423.456561610802,-5594.739946930252,-6243.5869943675325,-6447.701237671012,0.9955583756345178,-2336.4378948841463,-2472.0561776300783,-3952.752994133841,-51.3897615545536,-48.264532707478345,-83.9605410661204,-97.19256459941347,-101.91429846111582,1.0,-43.11002309866147,-42.5733720546905,-65.33790634273353
2012-05-24,351,2011-05-26,2012-05-24,252,153,-3481.6754598701177,-3434.4344532757327,-5597.451099163164,-6269.430627469212,-6454.14887364057,0.9968294229549778,-2344.455464595364,-2478.2104809220896,-3946.2473340131464,-214.7535926541842,-196.17877875408055,-351.3600000882874,-441.07068901695266,-454.91851910242605,1.0,-190.91215059904823,-182.73776603994855,-288.4250312083698
2012-05-25,352,2011-05-27,2012-05-25,252,153,-3477.087432329833,-3422.049644763252,-5596.6812954447105,-6262.023121795562,-6442.829664051366,0.9968294229549778,-2341.5353868219513,-2483.7060290244362,-3947.010751069377,-213.38661534504416,-195.6174173172746,-358.0771807169098,-421.8996946648635,-443.40876874752956,1.0,-189.8992440558105,-180.2878079361481,-287.5574566074457
2012-05-29,353,2011-05-31,2012-05-29,252,153,-3488.963885270565,-3435.4597884915875,-5561.120551172646,-6226.667058147093,-6452.8391159266075,0.9961928934010152,-2350.503203011889,-2475.6699439144945,-3950.0351052939513,-212.11210714721767,-192.6256530185808,-358.54591584296554,-427.1115439783807,-445.78155032831114,1.0,-188.78821477161702,-170.09765314802672,-288.9272825247326
2012-05-30,354,2011-06-01,2012-05-30,252,153,-3488.6825844933537,-3424.5047074824697,-5560.560702490628,-6243.091201575881,-6424.153397223554,0.9961953075459734,-2346.0933950593026,-2470.775159427381,-3925.7689288757315,-211.30800038870467,-189.75440091117153,-360.28409347721316,-426.63483110799257,-453.4591288879282,1.0,-188.0570387259757,-174.01435824245067,-269.7301278262018
2012-05-31,355,2011-06-02,2012-05-31,252,153,-3473.1876704774445,-3398.3321773230255,-5597.444685892561,-6188.098072355462,-6441.633293923883,0.9955611921369689,-2344.358155897425,-2509.9400733863777,-3903.70763786526,-207.67274748941242,-185.4393000347111,-351.21067361009835,-420.87282866141766,-447.6767239210565,1.0,-185.84935550508985,-172.80549791972982,-267.8801393944887
2012-06-01,356,2011-06-03,2012-06-01,252,153,-3489.4904459108166,-3433.250083064994,-5586.703825003098,-6176.785774527397,-6441.758595873958,0.9949238578680203,-2364.335315973263,-2534.5807285969063,-3873.6384647166756,-203.40046388406634,-182.94690369974995,-336.71999322497606,-415.9125326613112,-431.78177202842073,1.0,-182.60468851434254,-171.60598878246662,-260.64707078176593
2012-06-04,357,2011-06-06,2012-06-04,252,153,-3508.649846376389,-3446.735178293201,-5620.784070895273,-6215.128604495162,-6484.795162290457,0.9961928934010152,-2420.3211337948237,-2542.141335853614,-3868.6673863486876,-199.54165428868697,-180.0600564980868,-332.4566399002999,-395.7475380512561,-410.9139228526324,1.0,-180.11333459705665,-163.6100200081242,-254.86348236155268
2012-06-05,358,2011-06-07,2012-06-05,252,153,-3504.5718373304126,-3468.0182778231438,-5534.5920538823875,-6175.591866778008,-6426.28168516031,0.9955527318932655,-2395.9388460057867,-2511.4416309222224,-3902.3507040551676,-51.86823805607559,-49.393119583054194,-85.81630825138295,-98.21426292810821,-103.46093175913818,1.0,-43.41207631520243,-42.31317993068509,-65.42743519496764
2012-06-06,359,2011-06-08,2012-06-06,252,153,-3531.4770865544415,-3499.4115895322875,-5594.41906377624,-6220.797543589318,-6442.007833227587,0.9955583756345178,-2407.686716294196,-2486.8507646786343,-3919.1736982724765,-199.69628209086588,-183.9678123501244,-331.90931785838836,-389.0280333138308,-416.92589473892076,1.0,-179.17006533398214,-160.90192551881685,-274.0981983126453
2012-06-07,360,2011-06-09,2012-06-07,252,153,-3538.1137448200802,-3496.018608869715,-5583.647542694451,-6175.860144038836,-6432.103252195307,0.9955611921369689,-2416.064214367938,-2506.1418655852017,-3909.125170993913,-196.48501944703696,-178.3222803823221,-328.38467199189887,-395.7255189276558,-418.5377612908015,1.0,-177.26239485026375,-161.69797825999703,-257.4768857267629
2012-06-08,361,2011-06-10,2012-06-08,252,153,-3532.2272881575873,-3482.6096942753747,-5558.372603994981,-6184.82925319662,-6416.766465006318,0.9955640050697085,-2397.384063470494,-2490.3719623961583,-3903.112662880428,-189.08958834827385,-174.93469317269842,-304.1426229128016,-360.96867829367994,-380.5717785243362,1.0,-172.8897743986848,-166.14620741369248,-247.47181054974035
2012-06-11,362,2011-06-13,2012-06-11,252,153,-3531.3703930157058,-3484.4709807594545,-5543.824269027662,-6172.573440845704,-6409.534905298347,0.9955640050697085,-2391.233353826864,-2493.922390910631,-3889.407150042864,-192.56854687952793,-179.1523344515274,-308.70836358353245,-365.34400507272255,-383.32289703482803,1.0,-175.4100295198583,-169.28170390514035,-243.74736313716363
2012-06-12,363,2011-06-14,2012-06-12,252,153,-3536.0226040481375,-3483.055441222864,-5548.770502227111,-6112.05363306022,-6381.755896447427,0.9955640050697085,-2400.3852143494646,-2485.0318666687767,-3905.955474701733,-192.1102675913114,-181.05538293848343,-303.71658147645036,-361.2706028000083,-368.0825196277758,1.0,-175.07944844662333,-165.34410719484487,-247.6766602897554
2012-06-13,364,2011-06-15,2012-06-13,252,153,-3540.262756118045,-3510.3013827824825,-5560.443633726379,-6168.167991341467,-6376.410271053634,0.9955583756345178,-2406.8628345902025,-2484.886944259622,-3913.2235239167376,-192.2691179339312,-176.160872680791,-312.66017285703026,-359.80528726956163,-377.681984016827,1.0,-175.23367903087944,-165.91116393605023,-245.44023478486733
2012-06-14,365,2011-06-16,2012-06-14,252,153,-3532.9092198144826,-3539.7465556313264,-5539.443541757917,-6113.230353859034,-6340.640760280077,0.9955583756345178,-2400.649133896017,-2503.6907953629902,-3893.139406421519,-191.70764341840504,-173.01154929124044,-318.2327584220444,-373.50238715820643,-389.71111856596514,1.0,-174.29229964722109,-161.42809729491591,-244.0628473796449
2012-06-15,366,2011-06-17,2012-06-15,252,153,-3557.272251855638,-3552.059456345858,-5579.5900702957215,-6138.936217679097,-6378.3946331556945,0.9955583756345178,-2429.8503031687846,-2546.6748357912697,-3903.0236011243624,-51.56648867587749,-48.45915559197354,-84.25354025248829,-96.88960280709139,-102.2621193568101,1.0,-43.26049849875121,-42.28286153162805,-64.30891700575728
2012-06-18,367,2011-06-20,2012-06-18,252,153,-3512.919879825521,-3509.1997578864875,-5485.940418778804,-6043.760018659483,-6250.558963662547,0.9949238578680203,-2356.688203116392,-2473.758734956897,-3870.030016657619,-191.11774500346252,-180.99554517776758,-303.92087141950253,-342.04147108462666,-359.4350566722234,1.0,-174.17566447380244,-161.80006464756394,-248.35034766540397
2012-06-19,368,2011-06-21,2012-06-19,252,153,-3514.2407972041033,-3515.4479442837646,-5467.026598178283,-6018.724510033707,-6217.228419246491,0.9955583756345178,-2366.966835635834,-2441.787822871193,-3885.374341165651,-51.555164468714466,-48.47987374798945,-84.62707845159801,-96.41188400287561,-102.11453065850469,1.0,-43.42226362729274,-42.312320453511965,-64.68352312230309
2012-06-20,369,2011-06-22,2012-06-20,252,153,-3509.0251046056514,-3506.7168374254875,-5469.758462007236,-6026.712309258251,-6227.622698738135,0.9949238578680203,-2349.1881303808664,-2481.020389807699,-3837.925712479623,-188.91158403609765,-177.61653595739722,-302.7379466598576,-345.2940946811783,-357.32225511571943,1.0,-172.38273538017202,-161.09382615626043,-249.78930539256274
2012-06-21,370,2011-06-23,2012-06-21,252,153,-3514.7258303646145,-3502.276428932412,-5474.316638818477,-6049.419772928397,-6245.3577909558235,0.9949206349206349,-2351.2176957416054,-2486.4209227270962,-3937.0287185665147,-188.1788304584682,-177.4660076353087,-297.30031686665416,-341.1641106992884,-351.49339141410144,1.0,-172.08172225605983,-161.60316599367135,-251.14816545313295
2012-06-22,371,2011-06-24,2012-06-22,252,153,-3543.350551070307,-3528.378340799823,-5475.487121201088,-6118.799820876102,-6297.625370493576,0.9942857142857143,-2389.0487995721783,-2500.6970619032354,-3935.0743700994276,-193.62510497684923,-178.96392647319482,-314.4243412179736,-371.9085440142153,-389.81580196876445,1.0,-175.86656003224945,-165.61918473301415,-257.03786330830735
2012-06-25,372,2011-06-27,2012-06-25,252,153,-3550.006723350773,-3522.586470800415,-5501.02156155282,-6114.200170969016,-6293.433323997537,0.9949206349206349,-2377.9696152370902,-2526.544616288231,-3912.4829663913274,-197.90804040620688,-183.33094692041067,-325.09523866203034,-376.4587477228304,-394.36604273752266,1.0,-179.09183595530217,-167.13879236433004,-261.2853122858506
2012-06-26,373,2011-06-28,2012-06-26,252,153,-3542.4948931870963,-3512.5439303285516,-5522.816758438908,-6106.179138625189,-6317.987520631876,0.9949206349206349,-2376.754738621207,-2554.437023762955,-3905.5835347867474,-51.72992247086784,-48.20678285224439,-86.60565640442822,-99.1799783991341,-103.69907839808492,1.0,-43.15580059868205,-41.259110792040715,-64.04076241675659
2012-06-27,374,2011-06-29,2012-06-27,252,153,-3543.098946701571,-3525.3333599298835,-5514.075677677396,-6138.893484659909,-6294.829125077633,0.9942857142857143,-2364.8396344257394,-2491.199686334318,-3996.166025405163,-200.8140418123113,-182.10408729386478,-335.7120698828738,-388.62170289519247,-412.41250827777947,1.0,-181.19424867385578,-176.03942946904627,-253.24975675288502
2012-06-28,375,2011-06-30,2012-06-28,252,153,-3541.6187855685557,-3526.4545680805118,-5535.786076121104,-6122.227078030048,-6310.909419979199,0.9942857142857143,-2364.1199839972164,-2523.4422168565425,-3984.3541198173584,-200.99796808489623,-180.98643376007178,-334.2715480328919,-382.1889705698769,-406.324897098703,1.0,-181.3504556170869,-170.29756778006174,-256.71193271908976
2012-06-29,376,2011-07-01,2012-06-29,252,153,-3537.7987976140375,-3534.820721292364,-5494.880815101248,-6073.192757791465,-6280.442189580018,0.9942857142857143,-2359.872906914141,-2485.9317097892754,-3969.369523301545,-206.30116049412348,-186.4976304398572,-350.1828659558694,-404.86785859199483,-429.7264552585685,1.0,-184.73941968203684,-178.22694777624758,-264.05495138284607
2012-07-02,377,2011-07-05,2012-07-02,252,153,-3535.389237798968,-3530.5277727522966,-5526.710173412149,-6122.823405909903,-6319.784198156872,0.9942857142857143,-2366.806638034257,-2484.667088734883,-3944.961106479184,-209.49225622039944,-188.74977260969257,-363.62794054016484,-429.61196907751594,-448.2113308845456,1.0,-186.49782766962505,-177.56084769644505,-276.04104485081604
2012-07-03,378,2011-07-06,2012-07-03,252,153,-3548.354021672362,-3531.7324859086193,-5547.175518739976,-6151.262473589841,-6344.284993727996,0.9942857142857143,-2374.198206503065,-2491.2160847427613,-3954.9311613839727,-52.205927271216815,-49.1273056758197,-85.88717920261738,-100.10534750621001,-104.21216404455619,1.0,-43.43933046392553,-41.886387226498584,-65.41940020382492
2012-07-05,379,2011-07-07,2012-07-05,252,153,-3538.388284234972,-3525.031726990423,-5518.969916177611,-6108.4230330597675,-6309.727765047327,0.9942857142857143,-2368.8622827026356,-2474.9097731484403,-3954.1121287440246,-209.04928142126707,-185.76802464863357,-363.20143591400773,-433.6526001395035,-452.8653480758475,1.0,-186.25815561835347,-178.8231911009459,-268.17946171131604
2012-07-06,380,2011-07-08,2012-07-06,252,153,-3519.8391411429757,-3518.9743576563037,-5448.296185321825,-6028.8830149276955,-6248.812591141891,0.9942820838627701,-2350.8242120873,-2492.484067871109,-3895.964040400197,-207.23032725440868,-185.07397801340704,-360.72849417449106,-424.5560596266661,-446.01062948892604,1.0,-185.35396506589043,-172.45148915248706,-262.3095757515177
2012-07-09,381,2011-07-11,2012-07-09,252,153,-3524.688284831609,-3523.1559894771067,-5491.859046037003,-6081.044399990867,-6268.91987228691,0.9949141767323586,-2356.9837591070536,-2489.350021964175,-3953.39050901773,-52.067253322998,-48.639705311625335,-86.85929291007402,-100.14333044779056,-105.16334885577352,1.0,-43.25672410505338,-40.96194196449408,-67.05681598577458
2012-07-10,382,2011-07-12,2012-07-10,252,153,-3505.016661848644,-3489.6170624598403,-5434.670175365796,-6013.62008079385,-6234.185061953671,0.9949141767323586,-2340.851768428755,-2451.4688946690326,-3938.3238490534986,-198.96582983057647,-180.56249604365763,-328.59773078474484,-377.8959461076571,-401.25931760090486,1.0,-180.49086562908548,-170.20234637568697,-259.7449414351191
2012-07-11,383,2011-07-13,2012-07-11,252,153,-3504.7957309815647,-3496.248783486863,-5467.679246012991,-6051.990953847704,-6228.707771031571,0.9949174078780177,-2328.3591958390534,-2437.76740775306,-3914.3465338265996,-201.69440676474346,-182.37080939826637,-337.0479426361263,-410.34100021512876,-429.953118009321,1.0,-182.03336394560566,-168.49807954345104,-259.75819628450574
2012-07-12,384,2011-07-14,2012-07-12,252,153,-3507.773042525863,-3507.2418365570365,-5448.2448628934035,-6021.75345049905,-6217.344296473646,0.9949141767323586,-2344.6678026392515,-2463.1198496615893,-3925.6409925371113,-201.2478896756253,-180.9821238486764,-329.73663368459864,-396.04140561288335,-426.9830597852969,1.0,-181.69577395797313,-173.36209074040937,-255.39719149187667
2012-07-13,385,2011-07-15,2012-07-13,252,153,-3510.590501024163,-3514.0836611752106,-5430.830318310776,-6037.116191434816,-6214.462830938087,0.9942893401015228,-2333.5148976305627,-2424.5878614528256,-3980.884024209074,-201.20029819191234,-177.89213859319455,-335.2261826835444,-405.6226809118359,-427.0471238202547,1.0,-181.8784444037616,-176.4821155214731,-256.056857153831
2012-07-16,386,2011-07-18,2012-07-16,252,153,-3518.4993855224443,-3530.4670420972934,-5453.043884411944,-6026.677848035858,-6231.310006907412,0.9942893401015228,-2352.9208890939462,-2476.327851320585,-3881.1658060979485,-207.93620407089935,-192.51237112472919,-343.32036155748085,-399.34222239680724,-420.3610529336141,1.0,-186.06387101962534,-170.58626799868128,-281.8085871539646
2012-07-17,387,2011-07-19,2012-07-17,252,153,-3499.9452714999566,-3509.5934309149807,-5423.927503297141,-5999.902068022722,-6171.055338924155,0.9942893401015228,-2333.9154824296374,-2446.920756273119,-3889.6577521056424,-203.53025306573542,-186.53625061079094,-338.89782162700243,-389.14890216319355,-411.00541675972386,1.0,-183.3603406774254,-171.58706222950505,-271.03745293152144
2012-07-18,388,2011-07-20,2012-07-18,252,153,-3503.312462394205,-3480.728095261984,-5467.281357010367,-6070.123323168789,-6278.816040956078,0.9942857142857143,-2324.8521906587353,-2470.2192854573655,-3941.058743698046,-202.254414684016,-186.55598935863168,-329.9924232438302,-381.9856526263046,-399.77812553614507,1.0,-183.1844554308777,-171.96367858269952,-272.3661537026477
2012-07-19,389,2011-07-21,2012-07-19,252,153,-3502.3620381928295,-3489.330139465522,-5503.721893743731,-6093.479190076219,-6296.846995629149,0.9942857142857143,-2325.246883778913,-2442.9907406814027,-3929.120849364997,-196.409247804099,-185.97773626447105,-312.93746563753297,-352.40595400334445,-370.56664683983786,1.0,-178.98125589882096,-168.17783492224947,-261.6766833179003
2012-07-20,390,2011-07-22,2012-07-20,252,153,-3523.972009832016,-3487.8623497911494,-5565.058063507592,-6233.839192751114,-6453.7160493227275,0.9936386768447837,-2360.7358997033953,-2562.1439698851345,-4035.7491124853423,-204.2642001509544,-188.80481964670034,-338.805099143144,-386.1140165012542,-406.7577373021726,1.0,-182.94436510047615,-169.45229500477376,-268.71779085134693
2012-07-23,391,2011-07-25,2012-07-23,252,153,-3514.6628388328436,-3485.0101189710113,-5557.721924433572,-6252.436607031203,-6405.155625898872,0.9936346276257161,-2358.080450171615,-2497.683798231593,-3951.892625465175,-201.6543458071188,-186.69847784559005,-328.044452565984,-371.6408700821265,-394.611219245699,1.0,-182.18513305805087,-170.5558709386423,-266.0864305056928
2012-07-24,392,2011-07-26,2012-07-24,252,153,-3501.549035942402,-3470.377326782088,-5555.367273985127,-6211.6788656307945,-6411.95625919516,0.9936346276257161,-2332.8251744711974,-2508.9875950760297,-3866.7689919334116,-200.77393553426094,-183.9917875327771,-333.40690453116986,-381.6447586240954,-399.66920387748434,1.0,-182.1096807017733,-166.60157900241137,-261.876605333513
2012-07-25,393,2011-07-27,2012-07-25,252,153,-3482.2856767424432,-3438.0163162382655,-5571.832171167063,-6189.353008124806,-6399.403703249671,0.9936346276257161,-2316.657586507188,-2413.0330959962325,-3924.6261723590246,-203.83723491583356,-186.60321490280407,-337.9138868619224,-385.07442852078816,-401.81848583227696,1.0,-184.13639425983408,-168.04561359649364,-265.7583464406152
2012-07-26,394,2011-07-28,2012-07-26,252,153,-3440.5409599047885,-3429.4902516008715,-5405.520705622107,-5928.056203862258,-6168.6012624745235,0.9936427209154481,-2266.973842233484,-2392.4387643497894,-3818.092011772794,-208.12442652282527,-190.77807022548063,-344.99837935788844,-396.75336804700214,-419.2535537917012,1.0,-186.6685178960477,-173.4183225137316,-272.4654094310921
2012-07-27,395,2011-07-29,2012-07-27,252,153,-3471.8111866522468,-3417.656319196931,-5485.370336883378,-6030.42258573496,-6280.901625228483,0.9942820838627701,-2309.5056183257093,-2429.971526265123,-3893.026600453224,-205.667039627208,-187.43201669536228,-341.0232699800788,-392.51074017602076,-418.2565955889698,1.0,-184.40439964242353,-167.04385800927096,-284.6739411541102
2012-07-30,396,2011-08-01,2012-07-30,252,153,-3455.452654289318,-3393.7854169606367,-5456.737377882996,-5998.899197827326,-6248.2236054293335,0.9936507936507937,-2297.5902588478534,-2435.8142111608117,-3853.0674274678495,-208.07496174285117,-193.20563974223268,-346.6559284948127,-404.8506003015677,-419.8658485464008,1.0,-186.3604388073291,-169.434131932287,-294.5410075643802
2012-07-31,397,2011-08-02,2012-07-31,252,153,-3469.046436278779,-3428.8311260752494,-5438.752282512974,-5984.764495284302,-6225.421880381334,0.9936467598475223,-2308.840394345919,-2476.575486709129,-3874.360454270566,-214.3430764291218,-194.21547534451219,-366.5626026490109,-434.7434673812106,-452.08210920136605,1.0,-189.50192540474475,-175.72076438266697,-292.0198675439902
2012-08-01,398,2011-08-03,2012-08-01,252,153,-3469.529122714386,-3420.791997228598,-5487.134035103428,-6038.054256499182,-6258.4782989076975,0.9936467598475223,-2320.1528883009437,-2497.707582562303,-3874.805657833103,-51.945845560747024,-47.95326363790338,-87.1664776845177,-100.30693355117387,-106.18062556917432,1.0,-42.993661286186885,-41.028885907263934,-65.26772605588191
2012-08-02,399,2011-08-04,2012-08-02,252,153,-3465.8757180737657,-3430.620816052473,-5450.9881022862155,-6009.829742123967,-6219.031772603868,0.9936548223350253,-2330.52326260487,-2494.530264759083,-3861.789177948809,-223.08431294502552,-195.21069006781974,-379.0264315829141,-467.15173174759235,-499.30919447097585,1.0,-195.16066397332293,-179.6867807652633,-310.018015326214
2012-08-03,400,2011-08-05,2012-08-03,252,153,-3468.3171612584038,-3394.6824819516764,-5389.034873453958,-5982.249529577877,-6208.143846018635,0.9936427209154481,-2331.4854767810916,-2541.4040845508116,-3860.578211054288,-222.29525689746853,-198.1885203829346,-388.73387157511183,-444.6436343703647,-476.2730796989723,1.0,-194.88686354582967,-184.00027658024425,-315.6065426520105
2012-08-06,401,2011-08-08,2012-08-06,252,153,-3467.668076298583,-3418.6232532636795,-5401.895553838683,-6003.631244189683,-6229.210140678665,0.9949174078780177,-2336.369333943314,-2545.505429355941,-3855.9272947497316,-224.69982419121246,-196.89153128253565,-391.7427372898141,-456.6244404386491,-489.0338068674989,1.0,-196.6759659574325,-185.36992375005048,-299.99905254291804
2012-08-07,402,2011-08-09,2012-08-07,252,153,-3322.6898293300915,-3310.5075790040946,-5163.5006612647885,-5780.91040499482,-5962.254553376407,0.9949174078780177,-2155.668853938403,-2289.344070857649,-3810.633820310554,-212.05209746064398,-191.75990744493862,-350.8958618639691,-412.1500954406179,-445.3669544052504,1.0,-188.69033054477097,-176.72335740550693,-283.69060486698123
2012-08-08,403,2011-08-10,2012-08-08,252,153,-3328.950546636911,-3323.5042925613325,-5174.396617234393,-5864.351987606481,-5978.933592672749,0.9949206349206349,-2173.289406765937,-2335.260615118292,-3775.6371345536386,-207.00068518705825,-194.07206289361505,-333.27473541009,-390.5871108507578,-406.4149555799835,1.0,-186.30653367634244,-173.4930251084877,-282.8153891065173
2012-08-09,404,2011-08-11,2012-08-09,252,153,-3309.867092465702,-3309.0937245084115,-5140.131476345561,-5678.226154916604,-5899.787687024235,0.9949302915082383,-2149.3135257851204,-2348.6180753619055,-3723.0690460876885,-204.567190560015,-190.19306859804345,-329.1129396309806,-388.41685756166464,-404.94348046823416,1.0,-184.40817369144534,-174.76052226724966,-268.55766305040163
2012-08-10,405,2011-08-12,2012-08-10,252,153,-3276.6129394264153,-3252.1479309386123,-5137.139116692472,-5748.2338131781735,-5944.059872743937,0.9949206349206349,-2123.904532250767,-2178.1320742483217,-3692.184063703016,-210.57217506459534,-194.71674468540076,-342.85900096767574,-399.1588248777265,-416.86067258887107,1.0,-188.7598394979641,-182.24904987663743,-277.72401378605525
2012-08-13,406,2011-08-15,2012-08-13,252,153,-3314.8736193601535,-3282.8073469756164,-5172.081512668329,-5773.66910796687,-5996.315260754032,0.9949174078780177,-2142.1049060758032,-2243.2621723008424,-3751.3730759029067,-203.78168184148288,-189.14667782814377,-328.15542130666626,-371.7777927654565,-387.7915096062642,1.0,-184.74962925905947,-176.0689882627479,-270.83408041496597
2012-08-14,407,2011-08-16,2012-08-14,252,153,-3327.413435643839,-3280.9324187725706,-5219.304860843922,-5845.412198993199,-6030.641968435606,0.9942893401015228,-2153.492481690273,-2238.4457896049157,-3769.1246700749584,-199.8137902119634,-188.19929818603376,-323.334919768293,-366.90554567745596,-380.5077155810777,1.0,-181.42084217875345,-175.87725766727095,-268.74540216764694
2012-08-15,408,2011-08-17,2012-08-15,252,153,-3306.2476633230995,-3258.8139727117323,-5187.68783568742,-5824.492747260148,-5998.036712789743,0.9949270767279645,-2140.7636666559397,-2179.5808456780865,-3771.816853350648,-199.96944795060725,-190.87075543399578,-315.85914091596794,-358.08039335692735,-370.0433645412183,1.0,-181.55123274076215,-172.71450530503498,-261.1052535486182
2012-08-16,409,2011-08-18,2012-08-16,252,153,-3307.5071816602463,-3262.3672645124716,-5185.820941903179,-5769.102745845461,-5997.529622974686,0.9949302915082383,-2137.6879842088333,-2184.5821697405645,-3769.7240197375186,-67.10004887363868,-58.41057535868802,-121.0908313353129,-143.51460527072842,-153.71448556252912,0.999346832135859,-51.16527523472029,-51.41746242779716,-79.68832568140077
2012-08-17,410,2011-08-19,2012-08-17,252,153,-3257.297454437206,-3222.5707570800214,-5180.430421126888,-5733.670934617427,-5948.105078106036,0.9949238578680203,-2100.916821991585,-2187.8949323911816,-3621.3116642455293,-193.67638925381328,-183.06003902080525,-299.21651211438143,-350.99097387582884,-362.0084262690654,1.0,-177.4299607231214,-169.03112800495123,-253.03004588797015
2012-08-20,411,2011-08-22,2012-08-20,252,153,-3259.0252475124034,-3220.411542522164,-5155.1667094153345,-5720.100953603756,-5943.454510531657,0.9955640050697085,-2117.11709748926,-2182.6387018560554,-3637.3399415775225,-70.1265447633457,-60.69647907746847,-129.26483046385272,-153.413952808423,-162.40969334604932,1.0,-52.85796923428783,-53.58890016124394,-82.97063178047765
2012-08-21,412,2011-08-23,2012-08-21,252,153,-3259.8552717269995,-3225.858767855333,-5131.145546545767,-5756.251188573227,-5949.70794657117,0.9961977186311787,-2123.3391009738366,-2167.3190463694027,-3636.5593928672565,-191.80525627582563,-181.85805679007956,-302.3776409841322,-332.1975815610794,-353.35456044158155,1.0,-175.43785118886544,-167.22702244034969,-256.32802887484786
2012-08-22,413,2011-08-24,2012-08-22,252,153,-3282.9292330992253,-3239.3924624183824,-5222.806571118767,-5823.978087757754,-6035.721488102811,0.9961977186311787,-2171.0483777288514,-2345.6281584148537,-3633.7932816837624,-189.177888540782,-178.7120516868697,-298.537577106316,-337.42581474127377,-349.5618441852059,1.0,-173.42711146536678,-163.06243340891538,-250.8568625018358
2012-08-23,414,2011-08-25,2012-08-23,252,153,-3285.292633980333,-3251.060204396391,-5235.291467984173,-5871.781317729347,-6053.162427730867,0.9961977186311787,-2177.1392752281145,-2350.5519478131573,-3630.2322159427176,-73.18776283332859,-63.31271833069326,-136.472740250102,-162.631442589148,-172.7178824234605,1.0,-54.16211355655847,-54.90304338646531,-83.91562271772258
2012-08-24,415,2011-08-26,2012-08-24,252,153,-3293.4969602327064,-3251.6949057743777,-5205.120627133764,-5862.671344798258,-6066.746448342603,0.9961977186311787,-2173.906579989681,-2345.012493012909,-3728.54683615985,-189.47738339387652,-182.90247960052926,-295.20970826997575,-326.0487951491236,-344.58364169670085,1.0,-173.7129214228276,-168.64584748954755,-247.6231808034104
2012-08-27,416,2011-08-29,2012-08-27,252,153,-3296.4003693695167,-3241.0734659502973,-5211.152273261292,-5863.752196788537,-6075.641508817987,0.9955640050697085,-2166.3683956882555,-2394.859181719393,-3664.4264306432374,-194.04706065736943,-190.5892253870303,-302.57845665634363,-338.4748398121317,-350.88746408660563,1.0,-177.63572438669755,-169.78718838886118,-256.0721948552072
2012-08-28,417,2011-08-30,2012-08-28,252,153,-3256.688486423774,-3207.1055162026673,-5162.483647156867,-5776.708025915571,-5995.705101043074,0.9955555555555555,-2124.6998573605892,-2272.3514459071644,-3579.93344848896,-190.88380393185545,-183.17629743672916,-293.41676279280557,-334.12383771012384,-347.5226861213412,1.0,-175.19289716805395,-170.7031756125866,-248.27506443320956
2012-08-29,418,2011-08-31,2012-08-29,252,153,-3284.2105141114303,-3227.473394084696,-5194.637866060179,-5825.569459746979,-6054.464154741736,0.9955611921369689,-2138.0739612661423,-2285.787038867453,-3644.8095240826556,-77.3055909898879,-66.36266472610245,-146.46248925943098,-174.42741813252053,-185.27219550186007,1.0,-56.32758225016647,-57.40629487865931,-89.0185643242184
2012-08-30,419,2011-09-01,2012-08-30,252,153,-3277.3588424348904,-3226.753644413652,-5200.169180284366,-5856.916211690597,-6056.440592125777,0.9949302915082383,-2135.9142362463876,-2312.0704294921593,-3646.831093874966,-75.64282246450902,-64.81503205705272,-142.03545057959542,-169.86265111702082,-179.6175653756386,1.0,-55.24186254570119,-56.15084502725274,-87.417688371776
2012-08-31,420,2011-09-02,2012-08-31,252,153,-3261.0234658410845,-3208.427933882551,-5178.771071497234,-5773.991388735527,-6026.023142831898,0.9955611921369689,-2120.617272926489,-2284.4426118270367,-3630.9346942858165,-201.24988253584465,-186.31403095631305,-330.1944428532259,-378.4976493601133,-399.9130895404202,1.0,-181.36303375215562,-174.00644118238353,-263.75337615451963
2012-09-04,421,2011-09-06,2012-09-04,252,153,-3215.8735077268816,-3155.517785551346,-5114.453512926419,-5747.614296880037,-5983.2860233842575,0.9955611921369689,-2102.6727104124857,-2232.393384875483,-3614.264045231264,-77.41745978194693,-66.41967067100666,-150.42440971685835,-177.1590696850058,-187.52321712412297,1.0,-56.16913800970817,-57.225743784102704,-89.95776622383545
2012-09-05,422,2011-09-07,2012-09-05,252,153,-3224.785439413126,-3176.61604510965,-5076.99319467538,-5681.350915895954,-5942.830715609778,0.9955583756345178,-2111.3612073094646,-2221.844858946802,-3625.3232085638792,-201.2691732153834,-185.50358172641847,-333.1941805353527,-376.3067207036368,-403.9655776429821,1.0,-181.75748641883584,-175.58950936826707,-264.5506557369647
2012-09-06,423,2011-09-08,2012-09-06,252,153,-3209.3654832017164,-3177.4254350890974,-5114.909355671745,-5760.864904459662,-5951.699209520977,0.9955611921369689,-2081.617798186458,-2234.653867792007,-3575.626858217181,-78.33231592575763,-66.36112546612289,-151.70755740645527,-177.72653815295493,-189.02188019675802,1.0,-56.77207166100319,-57.189118291258666,-93.34116536939806
2012-09-07,424,2011-09-09,2012-09-07,252,153,-3212.8427529709816,-3152.3538919706357,-5156.468530236455,-5786.328876601361,-5964.09566846348,0.9955555555555555,-2112.3378937675243,-2253.985359009963,-3565.3552465249722,-207.0416885963884,-182.70164584301477,-343.601092028928,-444.9405300928752,-471.01055581488487,1.0,-184.576496339614,-174.70218883116303,-268.3018829024821
2012-09-10,425,2011-09-12,2012-09-10,252,153,-3197.9332137876927,-3137.8470213057744,-5129.6543339072605,-5762.626219249771,-5966.321326105979,0.9949302915082383,-2074.1929499578778,-2247.2415508186696,-3582.486521109607,-81.05141772299518,-68.6776762908982,-156.18019117507825,-184.91896591019707,-198.79324311719733,1.0,-58.138753513210844,-58.093792283857525,-94.52032433836085
2012-09-11,426,2011-09-13,2012-09-11,252,153,-3217.9940113601738,-3168.3878214688993,-5146.974907359812,-5826.728457394618,-6002.359509460531,0.9961977186311787,-2124.683467803799,-2248.427824018791,-3590.067942212448,-208.42016784064876,-187.50247613906578,-347.3465700820454,-423.05491450009254,-456.0167692738898,1.0,-185.58902093510537,-171.82786960551837,-288.72487392514785
2012-09-12,427,2011-09-14,2012-09-12,252,153,-3217.866934873809,-3174.658278533929,-5162.985212611976,-5808.4588347703775,-5997.960082745885,0.9961953075459734,-2104.7446652489084,-2295.1738668984126,-3573.018522367945,-205.5095024016249,-184.9522366504469,-339.35252677992906,-413.69412414541057,-443.3308698162716,1.0,-184.04852294282665,-168.30278494493606,-281.25054052264176
2012-09-13,428,2011-09-15,2012-09-13,252,153,-3193.821959963019,-3117.888947532433,-5045.072701589964,-5739.655272192554,-5911.826649485669,0.9955611921369689,-2069.5775679729322,-2216.8522028615016,-3574.9807214459966,-47.57614977945895,-42.80047587933605,-81.60914808448207,-93.83769556982111,-101.12121918543261,1.0,-43.371379581465575,-41.74132672226387,-59.1656248770041
2012-09-14,429,2011-09-16,2012-09-14,252,153,-3199.0128064968067,-3135.9983872570147,-5087.558494436256,-5763.686320782701,-5933.709641323515,0.9949270767279645,-2062.1871306155685,-2272.947690607712,-3563.979468005389,-82.6990087620392,-69.15221082106086,-160.3421421809512,-195.35031485427268,-206.82461591842787,1.0,-59.02728532903849,-59.30365328115541,-95.20086011879879
2012-09-17,430,2011-09-19,2012-09-17,252,153,-3184.1760086131885,-3114.9970861002594,-5049.877962857091,-5727.871525532764,-5890.0335990855065,0.9949270767279645,-2037.6532528891037,-2264.8722055263697,-3566.2978104942013,-202.99664151194102,-182.88603461165883,-340.97701306172553,-414.9701057321209,-445.2039506349371,1.0,-181.91071189772055,-167.84679259059644,-269.2169849231011
2012-09-18,431,2011-09-20,2012-09-18,252,153,-3175.1576682717464,-3099.9020216334225,-5044.448739978593,-5726.428261327595,-5895.5229480719445,0.9949270767279645,-2030.5206611003373,-2237.885085095376,-3538.408328381378,-201.0453931427338,-182.4319858695428,-327.53586431139837,-392.4535791172418,-421.8061047639894,1.0,-181.44589380995498,-170.94185558891047,-266.82074647277307
2012-09-19,432,2011-09-21,2012-09-19,252,153,-3176.8133190811486,-3097.728632940809,-5052.590119781378,-5716.540374442506,-5892.294730195176,0.9955583756345178,-2047.2953521509467,-2201.0372530051723,-3540.7359097523877,-81.8013630726292,-69.5485119595102,-156.94421985120619,-190.74615378256175,-201.57619409811463,0.999346832135859,-58.5984583417633,-59.808689697874,-97.4981601912523
2012-09-20,433,2011-09-22,2012-09-20,252,153,-3150.3754417792416,-3038.434411829874,-5062.8907383383685,-5738.477829860597,-5916.405824067135,0.9955499046408137,-2039.3262075366881,-2165.4416763156446,-3522.465311297217,-211.38836542990398,-184.40062880632584,-378.2726129022144,-444.216703750299,-471.61601154790986,1.0,-187.07577186218484,-165.95418744971903,-288.8828571637122
2012-09-21,434,2011-09-23,2012-09-21,252,153,-3141.9920882365236,-2994.8818207570403,-5014.846072595089,-5859.147419992007,-5995.705811804168,0.9955527318932655,-2051.211822230238,-2256.621447244445,-3570.8774514766815,-92.92530334200586,-75.57547474141873,-187.52163180723724,-237.03804073113963,-251.4081907927087,1.0,-65.43253628182931,-68.23275092797616,-107.15773578981718
2012-09-24,435,2011-09-26,2012-09-24,252,153,-3146.823595826839,-2992.8483025044743,-5065.722884764629,-5913.256826420708,-6041.3835476527,0.9949141767323586,-2055.516615151959,-2269.319532570273,-3561.9775976576752,-91.65389872561514,-73.03026012039567,-185.1709547833715,-230.34351085506586,-249.8812052017051,1.0,-65.15795834052851,-67.02881568995687,-105.72162794676593
2012-09-25,436,2011-09-27,2012-09-25,252,153,-3129.3297222950746,-3004.7002088821355,-4978.555699975066,-5810.798010777756,-5948.270155923912,0.9942748091603053,-2027.9485399323737,-2226.128049156044,-3611.281484687141,-203.70988399568557,-183.65171606221924,-340.04108704835835,-415.040842614086,-447.0808423307077,1.0,-181.16812216210684,-165.45970205656062,-271.27446107938044
2012-09-26,437,2011-09-28,2012-09-26,252,153,-3164.7047956938677,-3036.1135100024485,-5020.985972356381,-5841.610580256146,-5996.303708156949,0.9936548223350253,-2092.5848888634305,-2314.783357880144,-3619.282574267875,-90.926342274328,-72.72110518252012,-182.04303034190684,-226.29459526181486,-241.23245164761937,1.0,-64.3478646826139,-66.91923568881955,-106.09916305085213
2012-09-27,438,2011-09-29,2012-09-27,252,153,-3137.830202700855,-3001.813193842687,-4988.314028574388,-5831.9926066516955,-5965.300960741577,0.9936548223350253,-2077.3473464356866,-2353.1437742061785,-3616.3064870483054,-202.60938443884078,-180.7349637384546,-343.18667503920204,-413.20859285962575,-441.39105708774366,1.0,-181.09468891771584,-167.95186968774576,-268.6115328067133
2012-09-28,439,2011-09-30,2012-09-28,252,153,-3146.2803713168378,-3020.629072725692,-5005.322404198783,-5856.130274313185,-6008.40439889072,0.9942820838627701,-2078.9848141598773,-2335.8662099745507,-3641.858879027835,-95.86601204426748,-77.1609975854091,-196.06770295666945,-240.10785837577615,-255.17303533122632,1.0,-66.97996081248532,-69.82829790822504,-110.12245137880211
2012-10-01,440,2011-10-03,2012-10-01,252,153,-3109.463226869885,-2979.1448594524854,-4959.1441092585965,-5825.326466943629,-5950.138207999789,0.9936467598475223,-2051.7661615146358,-2283.377229769582,-3623.259716310892,-197.73914286910696,-172.23878360925923,-336.5790535312997,-412.5632294171175,-453.5570196513624,1.0,-177.3230933554655,-163.25492611783545,-254.8201840571214
2012-10-02,441,2011-10-04,2012-10-02,252,153,-3061.1264110473558,-2943.832052200205,-4867.689857467244,-5674.917123374846,-5833.0178119146785,0.9936467598475223,-1988.6387329010402,-2221.1056872118993,-3510.76003607628,-207.52643520983895,-178.05614999798246,-340.55749903887966,-435.54171967428266,-512.1724023119848,1.0,-183.34630827696927,-166.09842302160084,-260.9513417896112
2012-10-03,442,2011-10-05,2012-10-03,252,153,-3025.6109006507513,-2917.588849648738,-4829.8529670398875,-5601.409092958194,-5724.811159706118,0.9936427209154481,-1946.7267799532015,-2138.4499822923,-3430.3727782848555,-200.3534929834848,-174.92683739143865,-333.3956962365156,-426.3039736013313,-457.242973309441,1.0,-178.9805639346227,-164.6349627146898,-251.09390293784782
2012-10-04,443,2011-10-06,2012-10-04,252,153,-3044.20220497305,-2921.196896182223,-4870.525144564516,-5627.755000799026,-5782.067468887549,0.9942784488239034,-1951.7303871521506,-2236.820555992527,-3448.310065250243,-101.79255676897503,-82.50949807867438,-209.5494945535901,-256.7376298873533,-272.4733888821301,1.0,-68.87586581004736,-71.28124297895016,-116.86317283758171
2012-10-05,444,2011-10-07,2012-10-05,252,153,-3033.485673321503,-2929.388584967117,-4861.256983521798,-5566.236277211138,-5766.264367245661,0.9942711648631445,-1977.5669648226637,-2221.806726422009,-3461.262632146765,-196.29610862634777,-173.1081548332474,-330.13195756070684,-409.8255018149676,-438.5075745437587,1.0,-176.54698736369988,-166.61933713929432,-251.58381918543213
2012-10-08,445,2011-10-10,2012-10-08,252,153,-3048.4349588041136,-2934.3681955276456,-4891.695209274714,-5616.7213780789625,-5797.856265579386,0.9942711648631445,-2013.1265476420758,-2235.515834947941,-3489.695805396887,-105.65399763083933,-85.11775193614262,-223.15420210707586,-271.8401141662553,-286.7525754312863,0.9992902767920511,-71.6039491287599,-74.88912960589985,-120.080825061912
2012-10-09,446,2011-10-11,2012-10-09,252,153,-3016.584995882162,-2909.867701113757,-4850.881905888384,-5553.167385109449,-5740.1272024196,0.9942711648631445,-1970.8602047840109,-2213.2292986234634,-3425.595551878245,-49.07278244392073,-42.45523615258123,-87.30410717877848,-105.80454707062646,-110.89491429642634,1.0,-44.62329964116728,-41.72031304490075,-63.62341449444997
2012-10-10,447,2011-10-12,2012-10-10,252,153,-3044.4984672545093,-2923.708909949695,-4899.276013508671,-5601.063410418831,-5776.632674499034,0.9942748091603053,-1989.2029393309524,-2292.5891245532252,-3455.8186577729657,-207.79657766209485,-177.94925768727217,-367.0006531784825,-428.5867047179165,-456.6451000971728,1.0,-183.22182559231274,-166.7843746843318,-282.0164836316058
2012-10-11,448,2011-10-13,2012-10-11,252,153,-3040.995234940478,-2936.3977583414094,-4870.90997347751,-5613.00925062683,-5761.624544995397,0.9942784488239034,-1988.5348185999624,-2311.7103773730983,-3484.835822661549,-48.772112438204,-43.259713725155336,-85.56592928746814,-105.101017461034,-110.20496334498355,1.0,-44.43282736569947,-41.09378339393689,-60.54114825149185
2012-10-12,449,2011-10-14,2012-10-12,252,154,-3042.030148610753,-2936.9138946726243,-4918.234601800662,-5565.627478908189,-5766.297004869143,0.995575221238938,-1994.1615616204995,-2261.05037874968,-3525.1815842831834,-48.17805118807625,-42.2408122895005,-84.25458897837451,-103.11009135246672,-107.4647501802747,1.0,-43.97313147131815,-41.77355722484889,-62.8071070256123
2012-10-15,450,2011-10-17,2012-10-15,252,154,-3046.6005854342334,-2954.0919576703404,-4870.755348952316,-5596.144421316993,-5794.520562548279,0.995575221238938,-1989.4986001532525,-2247.636452530309,-3473.15975327426,-48.22537255166947,-41.90483518845265,-85.83865599399364,-102.44607329833393,-108.25488248323448,1.0,-44.00414257611445,-41.54274378134603,-62.21046233640566
2012-10-16,451,2011-10-18,2012-10-16,252,154,-3009.450192406599,-2918.4380227112706,-4862.847607510945,-5536.340684957829,-5800.927859954885,0.9949367088607595,-1978.1284846272833,-2267.183397818163,-3435.9177911079837,-102.71312780656652,-78.0987371483717,-215.80694319118822,-263.9279668020527,-290.6688538125708,0.9992619926199262,-67.81141459603222,-72.74063205362873,-115.4525402417264
2012-10-17,452,2011-10-19,2012-10-17,252,154,-2967.0128616503725,-2857.740724709041,-4822.190908814279,-5465.458571543995,-5687.645116713445,0.9949399114484504,-1923.4392330340102,-2109.0686542740123,-3373.2925300352113,-96.48396607491108,-77.88464443232547,-200.1231102923301,-251.21891869180803,-264.166428993434,0.9984591679506933,-62.809295148445585,-65.58664010246565,-107.65157823865982
2012-10-18,453,2011-10-20,2012-10-18,252,154,-2956.1040089921344,-2826.7638866179677,-4801.481207410269,-5451.066210789966,-5688.151973736963,0.9943074003795066,-1917.0208853475137,-2177.5250396126066,-3324.4134301864615,-212.61806980781896,-182.29589302869852,-383.60254885421176,-463.4913340607187,-497.77198078294214,1.0,-187.80892196162492,-176.09128149053322,-261.2882782392808
2012-10-19,454,2011-10-21,2012-10-19,252,154,-2984.7767672873115,-2849.433168103943,-4850.146265778747,-5584.586919321585,-5783.284788834736,0.9955696202531645,-1956.8290351482785,-2193.617397111786,-3350.5256771156933,-104.5544629897084,-84.21747164539653,-218.63764401953966,-275.11632945495154,-289.9119671764645,1.0,-68.36733085820676,-71.22147845731698,-120.16241077898391
2012-10-22,455,2011-10-24,2012-10-22,252,154,-2973.671871610145,-2849.159411887432,-4803.603496696917,-5554.152549479774,-5722.9996398314925,0.9949399114484504,-1932.4627703251465,-2101.2222605199113,-3372.136045643032,-199.09394517931554,-179.9652392115423,-327.69731716991254,-399.207496884162,-417.8348813445235,1.0,-179.28277030094037,-168.8660802036364,-249.5114478921168
2012-10-23,456,2011-10-25,2012-10-23,252,154,-2943.5040165599708,-2800.1833265589794,-4762.474273048927,-5506.725944876433,-5689.159912108966,0.9955668144395187,-1921.1834923427064,-2099.8872830778055,-3338.62815962691,-194.46150759524554,-171.62110601802223,-325.59917143456266,-391.10109987241583,-410.83150868093935,1.0,-176.03199186706584,-166.8181469176842,-244.5898305473111
2012-10-24,457,2011-10-26,2012-10-24,252,154,-2924.548426287348,-2797.2536764032893,-4702.793188301304,-5435.232931781781,-5618.38011682924,0.9949270767279645,-1895.0856713465696,-2110.287116082539,-3303.0876393448757,-193.7943249282925,-176.89747095972155,-317.0405839719142,-380.97477363021557,-393.12545310337424,1.0,-175.31138692467223,-166.57035737369256,-255.6269177900776
2012-10-25,458,2011-10-27,2012-10-25,252,154,-2901.4130599299847,-2787.1118448451634,-4703.837146959957,-5387.011357981973,-5574.934023484567,0.9955611921369689,-1874.9260290198263,-2107.086292849035,-3298.987371832686,-198.26745913398622,-182.26870706878924,-323.51400263807255,-385.8708947284903,-402.74577422662236,1.0,-178.5367453110595,-173.04112521079426,-253.82848602986823
2012-10-26,459,2011-10-28,2012-10-26,252,154,-2807.513459750339,-2705.7437567879274,-4572.507248674376,-5289.40068402741,-5451.675723816417,0.9961953075459734,-1792.8140774816075,-1919.802153049202,-3121.197359533389,-208.826002534599,-188.15647490560139,-347.6558849920614,-423.9915281208,-446.08474253494734,1.0,-184.77435575683336,-172.4970512736593,-278.87599083304065
2012-10-31,460,2011-10-31,2012-10-31,252,154,-2796.8946471246036,-2691.7382713027387,-4482.901831346891,-5175.011964823963,-5394.45271491946,0.9968253968253968,-1770.7297968046046,-1902.8243712137119,-3111.7893991968426,-91.50108743591655,-67.37313164716298,-204.23822800548365,-262.76567331910667,-277.21000843574785,0.999128160418483,-56.80138589472328,-56.14505848276861,-101.4284525451646
2012-11-01,461,2011-11-01,2012-11-01,252,154,-2772.622189992835,-2673.1950732441674,-4539.790910505659,-5248.035767275902,-5447.584137556037,0.9955527318932655,-1771.8920882370348,-1945.935367779111,-3073.0663594275807,-48.49931730155642,-42.399269589248334,-86.19968543524732,-103.4680444568953,-110.2181434139719,1.0,-44.2016293194463,-42.02568024871516,-63.792126462206326
2012-11-02,462,2011-11-02,2012-11-02,252,154,-2693.255922835961,-2594.3125040928253,-4397.797629784241,-4999.274679621394,-5149.776972001086,0.996185632549269,-1731.6262874589358,-1882.2983142704388,-3046.1974095824708,-86.45017512689822,-65.20427632312845,-184.538064247677,-240.48478130813066,-252.56588063197367,0.999043062200957,-53.29369109605815,-53.205009892393434,-97.9163562821768
2012-11-05,463,2011-11-03,2012-11-05,252,154,-2662.303662806196,-2579.209876369883,-4353.524715196034,-5016.733109459285,-5129.758349264303,0.9955527318932655,-1712.7186515321562,-1867.0075168368212,-3000.354819330919,-86.53801145263137,-59.98438695880899,-200.97798779356106,-252.02271351203288,-281.40232284559465,0.9990262901655307,-51.32065685124777,-51.97168894947794,-93.1603776978618
2012-11-06,464,2011-11-04,2012-11-06,252,154,-2678.770215290753,-2600.8931850266663,-4338.120525098308,-5008.242005269081,-5120.940848749468,0.9955527318932655,-1720.8874844587567,-1854.4167405125345,-3002.456501616151,-46.69694947315694,-40.90304831575748,-81.75965861816796,-98.71739491592184,-105.11249675670628,1.0,-44.564014286146886,-42.988177938820016,-59.59071159095033
2012-11-07,465,2011-11-07,2012-11-07,252,154,-2692.3945877601914,-2626.7357376982486,-4394.071733695438,-5021.876115943749,-5127.477353853702,0.9961904761904762,-1706.7689318575635,-1883.4273795034574,-3042.756489583898,-80.33468062000931,-60.25855594941126,-175.58920085795793,-218.52397447764912,-232.15190320368842,0.9980750721847931,-47.970674179353075,-47.78744248779671,-89.9190761470423
2012-11-08,466,2011-11-08,2012-11-08,252,154,-2695.136149542839,-2626.4001857621834,-4367.009465088899,-4970.626237721315,-5121.406836240363,0.9961880559085133,-1704.0126581409102,-1869.980025985962,-3061.378561900059,-49.247189135111725,-44.23493905794161,-86.85968385323672,-104.25405783123657,-112.21247596063711,1.0,-44.92463998838235,-41.64032643553189,-62.87350629120371
2012-11-09,467,2011-11-09,2012-11-09,252,154,-2712.3976741848082,-2630.6261802938307,-4381.47608174504,-5008.128584582949,-5147.019575833523,0.9961904761904762,-1727.7591733625,-1934.0307100880036,-3123.119935693913,-46.727846532023186,-41.23253096768572,-82.22077710781336,-99.27129482061787,-104.7190850025036,1.0,-44.56190929091395,-43.474783232528125,-59.64161662846205
2012-11-12,468,2011-11-10,2012-11-12,252,154,-2612.788862565483,-2544.2498750372915,-4252.951230066706,-4917.906062128197,-5048.846507535619,0.9961832061068703,-1663.6302776300572,-1835.6358292345676,-2962.8880703568166,-201.5593033617211,-186.43555783392225,-329.59167401804785,-385.5975775447845,-408.8726065967648,1.0,-181.0399909371307,-170.7345714201964,-263.38183351668914
2012-11-13,469,2011-11-11,2012-11-13,252,154,-2619.5248962441924,-2541.3167431219877,-4282.213427296994,-4936.037818459403,-5091.742616753296,0.9961832061068703,-1673.655621896446,-1855.6475875806618,-2958.405197169286,-49.24357420757373,-43.08355837885033,-87.06916484878853,-106.18616789529437,-110.95937798633003,1.0,-45.097098508139545,-43.11964669479187,-62.877835446477604
2012-11-14,470,2011-11-14,2012-11-14,252,154,-2609.3997795848,-2517.3387466447534,-4301.238885520436,-4918.831861444777,-5044.902316156138,0.9961807765754297,-1668.031205301125,-1880.8852726839668,-2954.0961024152025,-48.97968293069769,-42.82562414400578,-86.37633261977686,-104.37764670623481,-111.30686084266038,1.0,-44.74507572564956,-43.28919707872195,-63.316009565676445
2012-11-15,471,2011-11-15,2012-11-15,252,154,-2623.3230087498796,-2544.717214677683,-4310.251514124342,-4929.293411278927,-5070.274138499878,0.9961807765754297,-1662.4757535680335,-1856.0760086349333,-2990.1329691701544,-49.12260878380051,-43.10483094279237,-86.87223946117584,-103.91269928095218,-111.86535619637499,1.0,-44.80964058625055,-42.87081835930145,-64.06446282764912
2012-11-16,472,2011-11-16,2012-11-16,252,154,-2610.2086253377993,-2532.556981462467,-4288.753603519287,-4869.529405744798,-5030.382974819666,0.9955442393380013,-1639.7820710023093,-1829.8822667264035,-2979.159427643693,-72.55585418135468,-55.23477357390464,-150.5422344848112,-196.9238369540645,-210.8634115930706,0.992090395480226,-40.63117689922191,-41.104653267415955,-80.57708015830197
2012-11-19,473,2011-11-17,2012-11-19,252,154,-2618.5118697212047,-2557.3972140424444,-4300.311759830484,-4907.051189221012,-5030.568536383339,0.9955414012738854,-1659.794226649625,-1886.1733666642513,-2966.6455477950085,-46.703384141033816,-41.988698817391075,-81.78000592007163,-97.04891604199945,-104.0843874030361,1.0,-44.63093971285269,-43.62288869955043,-60.02281730196518
2012-11-20,474,2011-11-18,2012-11-20,252,154,-2586.552507842872,-2529.2549517948128,-4241.367542651487,-4850.143001450756,-4977.800907939398,0.9955442393380013,-1634.3081598325175,-1859.8165935355987,-2912.504468006904,-190.8314824195694,-186.52711542839876,-291.1340448086681,-330.03539214107616,-340.8611236645742,1.0,-174.9207452947871,-164.0365941663759,-242.34845507030758
2012-11-21,475,2011-11-21,2012-11-21,252,154,-2602.691000980071,-2557.801261250181,-4280.578112675232,-4838.234518775694,-5019.616939219997,0.9961807765754297,-1655.743660722941,-1863.7631030626749,-2901.4239561062877,-189.83028181663067,-181.53704576128513,-300.9196511684457,-335.75782542737676,-348.63486980962085,1.0,-173.63661094496405,-161.69870121359514,-247.8789996608102
2012-11-23,476,2011-11-22,2012-11-23,252,154,-2581.8895225904075,-2529.0431233079908,-4189.458061895,-4822.117528943853,-4956.954765897349,0.9961832061068703,-1649.9785940158747,-1837.81656819413,-2904.0756697603433,-47.12558030268312,-41.66728538809788,-82.57502700092782,-99.22577208436763,-105.42803449086935,1.0,-44.96012139199765,-42.996298049910195,-58.79622915871637
2012-11-26,477,2011-11-23,2012-11-26,252,154,-2578.3825327460304,-2524.980850940995,-4180.485401480011,-4798.9668036832245,-4964.13821492867,0.9961832061068703,-1636.0565761511725,-1816.2034434175443,-2912.0827725750178,-184.98424981591796,-178.65247038787754,-288.3057613916701,-324.3988329970055,-335.0644728104212,1.0,-170.40285981341253,-158.78229930067255,-246.67157005280967
2012-11-27,478,2011-11-25,2012-11-27,252,154,-2546.4246090707534,-2479.495370850138,-4126.672654845561,-4745.909453586724,-4893.599877273915,0.9955414012738854,-1606.7805549447473,-1783.3029304543945,-2896.4664350636144,-186.300766544073,-179.88503269425863,-292.3975390753977,-333.1433707061084,-341.83564991722125,1.0,-171.2727834311023,-161.25946465014505,-251.93407046506863
2012-11-28,479,2011-11-28,2012-11-28,252,154,-2553.8733906731995,-2495.107583617434,-4137.417013335834,-4752.511094522991,-4901.42665908687,0.9961783439490446,-1611.8944701722055,-1753.4328086742041,-2920.2139221246425,-186.78991995024768,-175.67549364019925,-295.6661717531585,-339.02954521181357,-347.48487248974214,1.0,-171.71318031415515,-163.06435908390733,-255.77347185213006
2012-11-29,480,2011-11-29,2012-11-29,252,154,-2487.124180750533,-2440.207733980378,-4037.127843099649,-4603.392820535651,-4756.558858295648,0.9955414012738854,-1548.6329678047696,-1744.8268256554056,-2865.8006665508588,-47.382056088061816,-41.55141025666177,-84.28272820694015,-99.98220341225792,-106.82201679654705,1.0,-45.15805134906201,-44.26464286824242,-60.30924845224999
2012-11-30,481,2011-11-30,2012-11-30,252,154,-2492.7170849099875,-2452.3491675406904,-4036.4498286230373,-4641.773574357404,-4757.394853979628,0.9955414012738854,-1549.7160440805792,-1730.226687385889,-2862.051987330301,-186.01854641638144,-176.35259831312106,-299.24447183087756,-332.3057644114104,-345.6288682995316,1.0,-170.52216845906614,-163.31710153971855,-253.29308130227724
2012-12-03,482,2011-12-01,2012-12-03,252,154,-2359.9620182999593,-2328.9767541479723,-3836.834331120036,-4341.8522283851635,-4520.0617720903365,0.9974522292993631,-1498.255082230383,-1615.1252260848382,-2714.807882419293,-51.665257429052765,-44.27975501663021,-95.91545056790598,-114.36645488432637,-122.510349421314,1.0,-46.51551170271472,-42.957092019838626,-68.57580036579844
2012-12-04,483,2011-12-02,2012-12-04,252,154,-2343.9782341420955,-2317.3186903972824,-3810.1387153512774,-4313.428383032616,-4457.25245005743,0.9980879541108987,-1473.7432506849939,-1594.1759525902858,-2712.7971434807764,-187.2867739879722,-176.53665429970675,-297.9466169311553,-332.19982077475834,-346.5871700526112,1.0,-171.44881734244413,-162.91637095305214,-268.84344795789633
2012-12-05,484,2011-12-05,2012-12-05,252,154,-2340.6125447774766,-2313.3479270288576,-3898.3465447453523,-4415.393956495136,-4538.062323665343,0.9974489795918368,-1482.2495462952486,-1604.2604021568359,-2729.585890630869,-192.58305947572129,-175.9693747649021,-310.4162489936813,-364.40129502501384,-387.3033599439352,1.0,-175.37295924468785,-165.0774183936784,-249.92339314359864
2012-12-06,485,2011-12-06,2012-12-06,252,154,-2333.403081601533,-2311.3424321871435,-3839.2166319725884,-4365.371593435076,-4503.396361314204,0.9974489795918368,-1475.698578899955,-1601.0305687411424,-2698.7960729637653,-187.56309757246166,-174.33236132779803,-294.8013586952677,-346.64595852895894,-370.11401885997407,1.0,-171.84002599538235,-167.3372931179822,-247.95010897680461
2012-12-07,486,2011-12-07,2012-12-07,252,154,-2334.574626195662,-2312.797082740435,-3836.5588811539346,-4350.021756514098,-4493.216507570728,0.9974489795918368,-1469.8594935498418,-1598.6961584880687,-2707.799311555229,-194.54950167058414,-179.89895120306306,-313.61935813569687,-369.6093702399824,-399.7832727230954,1.0,-176.28357050082053,-167.7240625473646,-255.24848048423337
2012-12-10,487,2011-12-08,2012-12-10,252,154,-2333.1664001178547,-2305.932375707096,-3871.3980996749788,-4335.633636250732,-4505.103873060008,0.9980867346938775,-1472.5948739575124,-1605.1625623384784,-2707.617392173229,-51.57951453248985,-43.559312327592465,-95.19479011586965,-113.22736695695633,-123.38907709477431,1.0,-46.37218921525573,-43.28651828089064,-67.18374039461108
2012-12-11,488,2011-12-09,2012-12-11,252,154,-2297.670431760537,-2267.399593543652,-3814.296321696945,-4331.715192025892,-4483.471259284161,0.998085513720485,-1462.2155607309592,-1586.5347021504244,-2669.270729862762,-46.77808985682624,-41.41465506066249,-80.87606904050693,-97.99645283179076,-103.50966534752529,1.0,-44.804585862635605,-44.01176124339864,-58.29269837047511
2012-12-12,489,2011-12-12,2012-12-12,252,154,-2266.9605914614276,-2245.7332206865826,-3764.0811461840062,-4296.754239430322,-4408.54449822519,0.9980879541108987,-1436.8508849226514,-1558.3197723358167,-2644.3893672484232,-201.78213320310368,-187.87729097413853,-334.55482745842994,-382.6417857748767,-402.3765398231715,1.0,-181.13090731172747,-167.17382855645786,-283.73420927458204
2012-12-13,490,2011-12-13,2012-12-13,252,154,-2239.193163121025,-2201.9315838258576,-3698.760086003538,-4183.47762412575,-4331.782190403172,0.9980867346938775,-1420.09547143656,-1511.2829990791536,-2596.9568965696117,-212.182561804859,-194.59183840473128,-360.0567604222873,-408.2430256318857,-439.1619901394805,1.0,-188.06583264455415,-170.2937281532633,-284.4579642701339
2012-12-14,491,2011-12-14,2012-12-14,252,154,-2208.8717715334374,-2168.316535661938,-3641.6797914691556,-4141.8917954759145,-4275.14054219262,0.9980867346938775,-1389.6435281541758,-1445.0049132119873,-2600.2755119658987,-216.71865258906098,-198.49511413199878,-366.71102681249505,-424.7914989782219,-446.17339230175435,1.0,-191.31709060196573,-173.85129083401702,-297.77063439198844
2012-12-17,492,2011-12-15,2012-12-17,252,154,-2206.7840785214726,-2168.271316445592,-3650.6282385629647,-4172.029239598371,-4275.6748983748075,0.998085513720485,-1378.3840690086454,-1445.7879467430998,-2535.1066468197487,-52.71882425806489,-38.78686520393421,-120.87392377858382,-149.1098070887277,-160.3702827047142,0.9893238434163701,-23.484980932692604,-10.835959249172618,-58.41139530917522
2012-12-18,493,2011-12-16,2012-12-18,252,154,-2236.003080574255,-2224.922076964451,-3646.492513298422,-4175.041086185936,-4269.068718520204,0.9980867346938775,-1381.0220474220148,-1434.3090698177962,-2593.232963643579,-52.33838450500901,-44.8179241688497,-97.35355983902392,-117.0319351751761,-124.81205996757232,1.0,-46.83770631196734,-43.757325610178995,-70.33696959462843
2012-12-19,494,2011-12-19,2012-12-19,252,154,-2238.966054056493,-2226.216446029127,-3682.606479985622,-4157.028864800068,-4284.842160039208,0.9980867346938775,-1382.4594627634065,-1448.730417430071,-2584.682380296022,-52.022783689490176,-44.78491646996707,-95.44211357330899,-115.73432890365855,-123.53836843707069,1.0,-46.727064310445066,-43.38050924521825,-69.45828156777951
2012-12-20,495,2011-12-20,2012-12-20,252,154,-2234.823223721465,-2211.7813206785327,-3676.6151635667957,-4171.51752324694,-4267.544004713319,0.9980867346938775,-1394.5918118761142,-1443.0267569859357,-2552.767388114042,-202.23146145262646,-187.63928180306021,-325.79468390797615,-364.25098302191964,-386.3703289797689,1.0,-183.0056808099456,-171.33927969869669,-263.72064253152007
2012-12-21,496,2011-12-21,2012-12-21,252,154,-2154.972326384266,-2107.896146706423,-3542.5938795237225,-4072.738023309283,-4166.584000476811,0.9968112244897959,-1347.1498833075998,-1435.366249513163,-2501.234978521235,-200.7602054358321,-187.72372761194262,-323.00327661912735,-363.4481140251407,-386.6926668698801,1.0,-182.38824798281573,-166.98418024140648,-256.70065537469947
2012-12-24,497,2011-12-22,2012-12-24,252,154,-2198.8849793826457,-2162.91365751397,-3593.5463019592407,-4088.765152467185,-4208.842664596821,0.9968112244897959,-1382.493939927408,-1451.269247457405,-2518.4885462679067,-52.31090385913825,-45.041837924129425,-98.29972268023607,-115.65941601711397,-125.92616528119089,1.0,-46.60499088702438,-42.603905944572546,-70.01947669319317
2012-12-26,498,2011-12-23,2012-12-26,252,154,-2181.48227918398,-2135.5110574647565,-3564.8721355690773,-4072.339958035622,-4177.910388342432,0.9974489795918368,-1367.6153855224095,-1447.7959140436105,-2514.459945448779,-51.884722307504155,-44.129856013560996,-95.74565316299872,-116.2031098979599,-124.21099758733762,1.0,-46.388470494554824,-42.6110563139824,-69.11197834995633
2012-12-27,499,2011-12-27,2012-12-27,252,154,-2178.458069274769,-2135.1881236716954,-3551.3070924811063,-4072.482871351363,-4171.489545145771,0.9968112244897959,-1375.4398386121593,-1426.4988735876614,-2531.055721695663,-46.98342166423229,-41.02856443703178,-82.36467226464256,-98.48836305327109,-105.16518509774973,1.0,-44.93715434444178,-43.760209024015765,-60.88222900029533
2012-12-28,500,2011-12-28,2012-12-28,252,154,-2182.6997721688217,-2154.6688538473736,-3560.294907923123,-4093.8579633990576,-4186.694821946058,0.9974489795918368,-1381.304080540934,-1447.52012200773,-2537.1000267114155,-47.12058055582513,-41.482105596607866,-82.82741395042625,-98.83628144949688,-105.95641705340631,1.0,-44.967974680368556,-43.83275453102101,-60.641382009512604
2012-12-31,501,2011-12-29,2012-12-31,252,154,-2180.207893801715,-2143.022868470934,-3573.59105941937,-4051.161316246267,-4155.821740564737,0.9974489795918368,-1381.497796800064,-1430.8606538905283,-2480.3938588485976,-195.4877749898083,-180.30375450786443,-310.47964779770115,-358.49853503330246,-385.84278671501414,1.0,-178.73248403239782,-168.57686712699407,-251.27709782113922
2013-01-02,502,2011-12-30,2013-01-02,252,154,-2210.4181190613326,-2176.176326532882,-3574.3927789381883,-4070.5067760640864,-4175.929289828314,0.9968071519795658,-1384.8711787315922,-1442.751225711965,-2566.0781800355194,-195.1766398165104,-179.08066257713432,-307.34181545189233,-350.9184974089227,-379.66896525057,1.0,-179.23819686887347,-171.0219996621629,-243.86042348279648
2013-01-03,503,2012-01-03,2013-01-03,252,154,-2210.636877588487,-2174.432821952823,-3569.935090392876,-4063.723326093657,-4166.017891092708,0.9968132568514978,-1386.5719654739175,-1412.3108756675906,-2594.745324149878,-51.51651653103268,-44.35830489792481,-96.92255233133845,-115.29670166649534,-122.88749049245537,1.0,-46.184547947323786,-41.61386916642928,-68.69595136574226
2013-01-04,504,2012-01-04,2013-01-04,252,154,-2171.586655342982,-2132.444896439988,-3497.9023812225346,-4039.9418364877806,-4131.024699091644,0.9974473516273133,-1384.2344814398978,-1494.6910826597607,-2568.621587199765,-198.98099027041386,-180.56776732083313,-323.60869924473724,-377.3742706184225,-399.9070870556963,1.0,-181.76449742711696,-165.67925283355248,-256.4746091106774
2013-01-07,505,2012-01-05,2013-01-07,252,154,-2175.771544049384,-2141.849285633917,-3539.8373535177934,-4035.5386188449975,-4145.955158631512,0.9974473516273133,-1388.3565927057468,-1466.380640181133,-2555.0859806631165,-44.84610294200852,-32.011953840341874,-101.52564287037391,-129.73553064215702,-139.17885877247346,0.9873646209386282,-20.577637128040738,-11.008294316792913,-48.65072004053197
2013-01-08,506,2012-01-06,2013-01-08,252,154,-2161.6221021809783,-2126.652104620727,-3573.622820082858,-4029.8201794172965,-4128.68314527878,0.997444089456869,-1378.5151554823403,-1445.206637153519,-2533.647045489626,-52.798881781269365,-44.79255425760843,-98.70715712296392,-118.27180552168547,-127.08713480021933,1.0,-47.173448307560875,-43.434041731282576,-69.65654154685848
2013-01-09,507,2012-01-09,2013-01-09,252,154,-2173.3319425944273,-2138.2528441336826,-3586.458034654173,-4040.832031647397,-4150.91231340975,0.9974473516273133,-1379.5408532199651,-1436.764033231976,-2535.081047481636,-47.061119750188844,-40.932852567870725,-84.60320837760783,-99.58596102807996,-105.91852252549809,1.0,-44.89484688292813,-43.32775676126822,-59.71893334680569
2013-01-10,508,2012-01-10,2013-01-10,252,154,-2180.2134180566272,-2149.802387478208,-3578.6361526451574,-4027.1433359880666,-4158.61345273412,0.9974473516273133,-1383.1263624575843,-1486.467297349238,-2567.4661699215103,-205.359312929071,-189.89948683295756,-336.48821225437365,-379.54536065041736,-398.8979618628579,1.0,-185.83449807080044,-168.9605939770144,-281.89324122576573
2013-01-11,509,2012-01-11,2013-01-11,252,154,-2161.2905076615866,-2136.3904909312973,-3557.4984016289827,-4050.1085580195895,-4163.821940971066,0.9974473516273133,-1383.9787292827311,-1474.4036793089933,-2482.5473291957637,-52.7236878072019,-45.573266142025105,-96.82119620793024,-117.03012569620537,-126.15701846571864,1.0,-47.23018000941587,-43.13466094755249,-69.15611866447996
2013-01-14,510,2012-01-12,2013-01-14,252,154,-2183.0981371338994,-2122.1052659316656,-3605.2603447311,-4128.846622451298,-4276.835431288291,0.9974457215836526,-1424.1025180927222,-1508.5070233799233,-2484.851168639096,-195.79504850223248,-182.40645681755075,-313.76711480038267,-354.7806413488097,-374.01050641998916,1.0,-179.26385823633711,-163.02549178517967,-269.7010156736449
2013-01-15,511,2012-01-13,2013-01-15,252,154,-2186.922338443451,-2127.1751544588005,-3617.309858689371,-4138.71746120093,-4301.082733771515,0.9974457215836526,-1424.8818999834323,-1502.657893745214,-2481.6080091766485,-203.3876006589139,-190.77242856183474,-325.22432583486693,-375.68730329683837,-391.7186153010941,1.0,-184.54025475672162,-166.5904286120096,-277.8181644923898
2013-01-16,512,2012-01-17,2013-01-16,252,154,-2183.0668684207844,-2130.99553616221,-3609.5659757109634,-4137.532326327261,-4273.220091881167,0.997444089456869,-1421.980651051073,-1539.0265120609138,-2531.300534777638,-52.35490120977075,-44.518677586510854,-97.47389131199795,-119.43013668896302,-126.38948109610126,1.0,-46.920341913677994,-42.44713639317693,-68.7923304147638
2013-01-17,513,2012-01-18,2013-01-17,252,154,-2182.1567878248457,-2143.1432006434798,-3591.7181734795026,-4109.682910606165,-4271.839566854873,0.9974473516273133,-1403.9253895054874,-1519.3905408717592,-2552.934318456047,-207.8585088395583,-194.17586673380612,-340.57406936092235,-387.6327075034317,-410.5522023569243,1.0,-186.95007140224158,-175.8146836417029,-289.12178289244673
2013-01-18,514,2012-01-19,2013-01-18,252,154,-2197.2217143892826,-2154.2773845019924,-3630.686347594056,-4130.097619306091,-4275.058490836008,0.997444089456869,-1424.149764626853,-1572.3349605194653,-2590.7955783915536,-46.46735673910318,-40.495376956891604,-81.1177748486525,-97.61669063627107,-103.34032473028104,1.0,-44.47816539930532,-42.46014665682269,-58.69089492755409
2013-01-22,515,2012-01-20,2013-01-22,252,154,-2197.0090888990053,-2168.5166704016847,-3633.5550338072394,-4121.551060163503,-4248.910661775699,0.9968051118210862,-1419.8527847894636,-1533.4793607304869,-2584.6243123291356,-202.1890065251671,-186.35677274743784,-326.89465739912873,-370.667957670344,-390.8911152075297,1.0,-183.3681353402194,-168.40912441077856,-280.1476252194538
2013-01-23,516,2012-01-23,2013-01-23,252,154,-2212.7091071614827,-2180.113751006387,-3633.4759444799215,-4118.905164183062,-4232.295709695594,0.9968051118210862,-1430.49925224996,-1541.2529662080274,-2596.1959609214787,-200.23424198671094,-186.7675066019243,-322.8224324760518,-360.2594456545793,-387.31856870514355,1.0,-182.30536017976098,-169.00016440672147,-268.75379024896495
2013-01-24,517,2012-01-24,2013-01-24,252,154,-2209.4633600951897,-2180.088417341811,-3638.911071866103,-4127.012582705519,-4238.6388846275595,0.9980842911877394,-1442.2329947007524,-1580.1994533443421,-2575.430663346196,-46.51708605618635,-40.55480363702821,-81.98515824369224,-98.42133833546939,-102.87594232827986,1.0,-44.56644360711103,-42.61551398807171,-57.979035985811194
2013-01-25,518,2012-01-25,2013-01-25,252,154,-2223.221127864351,-2195.669505642066,-3656.3619725386966,-4132.659195942023,-4286.919408878671,0.9980842911877394,-1462.6356295727774,-1633.291170892949,-2562.150940907505,-198.07574800666703,-180.03969332399055,-320.36295932959945,-377.4973756355795,-393.41903490625066,1.0,-181.1451602565821,-166.24439753334792,-256.04385535396835
2013-01-28,519,2012-01-26,2013-01-28,252,154,-2225.6059112147814,-2184.88317987114,-3680.5475973842867,-4148.031825617395,-4301.14551806488,0.9980842911877394,-1447.516611219772,-1608.630298036864,-2562.319258842262,-51.6116789674694,-44.2239045553865,-96.8291509852919,-116.56109490599655,-122.36143318366675,1.0,-46.540864032226544,-42.696946208941455,-65.3256201784892
2013-01-29,520,2012-01-27,2013-01-29,252,154,-2224.8706450873583,-2183.8256582006456,-3692.572897844803,-4125.5756498409655,-4279.008880191268,0.9987220447284345,-1441.823260696443,-1614.0093460116195,-2583.9646223819263,-198.2529772108274,-182.58245749870684,-327.9354974183504,-381.7876228038076,-394.75984757623337,1.0,-180.69594066694083,-168.56781395592924,-261.2867216441284
2013-01-30,521,2012-01-30,2013-01-30,252,154,-2242.4124542434124,-2194.7388380402595,-3692.325937701761,-4199.955312580844,-4299.0035434688125,0.9987220447284345,-1452.50007883195,-1649.8567295638727,-2564.251299444592,-196.49448662279022,-179.43011789355126,-317.0949531872018,-376.0813774793308,-389.2088011485146,1.0,-179.14817506320574,-171.7034940656884,-257.675119731022
2013-01-31,522,2012-01-31,2013-01-31,252,154,-2244.1473390836827,-2207.35798268797,-3696.0327678171107,-4184.666735621701,-4307.582400904762,0.9987220447284345,-1451.739505553072,-1648.1996307803606,-2559.4945508587507,-46.41803138740413,-40.6973518313287,-83.1482330502631,-97.64856143276866,-102.6550285734549,1.0,-44.51942308813885,-43.19322164536373,-59.326028758887944
2013-02-01,523,2012-02-01,2013-02-01,252,154,-2253.065274920077,-2208.482948517996,-3668.3608592496794,-4228.068590109183,-4303.486552486386,0.9974457215836526,-1444.9515476607976,-1661.8676934904734,-2590.1538033882043,-45.668002007358865,-40.36862029010785,-79.87412476060194,-94.9616525603953,-99.60344826343449,1.0,-44.00496508678629,-42.6046537199839,-56.416086749780064
2013-02-04,524,2012-02-02,2013-02-04,252,154,-2260.7411969248865,-2212.994126325154,-3691.143413406798,-4212.057780184909,-4325.105068892158,0.9980818414322251,-1446.3232300857537,-1669.639168779409,-2569.6905201296477,-194.28826820560755,-177.64854448788222,-318.0941316104851,-372.6628721432377,-388.64055341173633,1.0,-177.7721425817362,-170.85903256587721,-242.05606458394635
2013-02-05,525,2012-02-03,2013-02-05,252,154,-2297.178123761982,-2209.3707551954594,-3752.5055705563977,-4315.698546284562,-4526.9008724218065,0.9980830670926517,-1496.1716614524119,-1680.8882522255278,-2636.9201863227413,-46.43985929059636,-40.56273327282976,-81.35925131637525,-97.32067034484143,-102.30375295247622,1.0,-44.42782248351933,-42.7861583384163,-58.16865522430245
2013-02-06,526,2012-02-06,2013-02-06,252,154,-2261.949392655999,-2166.434037015395,-3719.6268284697976,-4241.50124246741,-4456.084211886367,0.9987228607918263,-1462.4655847266874,-1638.9704868209042,-2614.13864411715,-198.62133838757092,-175.46668301632883,-339.67350118130054,-385.46755678926024,-408.1714208328959,1.0,-180.17538330422832,-163.17796357565737,-267.2999529418736
2013-02-07,527,2012-02-07,2013-02-07,252,154,-2263.45799266831,-2179.3729954755313,-3748.313436416356,-4287.663624055143,-4490.912810865744,0.9987212276214834,-1474.1433336858017,-1650.9125316086077,-2602.734656386242,-46.64056972379241,-40.78053564346442,-82.61780470954528,-95.3816238861084,-102.21316732215284,1.0,-44.577047386652616,-43.20304752895849,-58.1069943726347
2013-02-08,528,2012-02-08,2013-02-08,252,154,-2263.8479624625807,-2162.7759202342413,-3723.256324243023,-4292.153095851182,-4506.123822968877,0.9980818414322251,-1472.2240344647507,-1656.5021442108223,-2574.1825561394053,-197.45770794668468,-178.98922303768302,-327.11934671673276,-371.86176165811673,-388.9320897078433,1.0,-180.01797302079493,-170.50547942785533,-257.4866563689048
2013-02-11,529,2012-02-09,2013-02-11,252,154,-2272.891635699952,-2183.962928768665,-3785.2907761166593,-4322.859248735058,-4536.276886406316,0.9980818414322251,-1477.4820028916308,-1675.3726786835305,-2573.129470405529,-54.767427286593666,-36.72691456519931,-122.8780012841869,-165.32195105925337,-176.74362333140027,0.9966996699669967,-28.15826696844979,-20.14941974449254,-63.69500581670236
2013-02-12,530,2012-02-10,2013-02-12,252,154,-2279.518466212238,-2196.1295446170893,-3784.7292150194153,-4340.5415254317895,-4537.95903331907,0.9980818414322251,-1472.1021311412424,-1707.684349876306,-2593.9001895138767,-46.30600288436701,-41.55398594485186,-79.54866146708213,-91.78111948379532,-98.874991284337,1.0,-44.40958156195168,-43.43777376273245,-57.81084974601123
2013-02-13,531,2012-02-13,2013-02-13,252,154,-2272.101878715396,-2183.604652160982,-3805.207022213785,-4375.3069062089935,-4567.6885897318625,0.9980818414322251,-1466.6978045075,-1659.009969160982,-2571.6752543788134,-46.8243655399248,-41.090022506490875,-80.77193828112408,-96.42607186614802,-102.00637798834524,1.0,-44.66573739226874,-42.83755483009126,-60.32636842105572
2013-02-14,532,2012-02-14,2013-02-14,252,154,-2269.744303961773,-2161.16631919611,-3810.5438192910938,-4361.891248201968,-4592.7782750869355,0.9974408189379399,-1466.1743260274654,-1671.2702113362507,-2598.456595123813,-196.1404477608134,-186.23425349134556,-310.69968211104214,-352.0134002811473,-361.1825648345842,1.0,-179.120232383484,-172.20569518182043,-256.32431166043125
2013-02-15,533,2012-02-15,2013-02-15,252,154,-2263.1290419000115,-2168.0143816421346,-3801.2520513875766,-4373.266811184131,-4622.896373273615,0.9974408189379399,-1467.0302389490573,-1640.7810413237635,-2585.823340891754,-197.07317311249633,-189.1891761631383,-309.8935592894651,-354.7182420319543,-366.03461670826874,1.0,-179.57133679713962,-169.49719814224682,-257.04424969658885
2013-02-19,534,2012-02-16,2013-02-19,252,154,-2270.316318469545,-2162.9922040410484,-3850.850780951623,-4450.350537274119,-4674.915505974736,0.9967969250480462,-1479.3857928670363,-1706.1334310629477,-2551.8065937902807,-54.485975904911555,-37.30546554993659,-125.41527966856638,-160.16249334364585,-175.98567183910578,0.993322203672788,-27.422224735841226,-20.542149537215835,-61.29223533298762
2013-02-20,535,2012-02-17,2013-02-20,252,154,-2257.1258451141066,-2157.1467846122505,-3814.3537317579094,-4334.125328408908,-4592.437177859333,0.9974391805377721,-1441.5098181611118,-1658.5659568706672,-2437.6235039122557,-195.61295569260702,-188.81706202739696,-306.2199951766461,-346.2458651021318,-359.4613646806153,1.0,-178.33253346043583,-171.71571860518068,-260.99989940522266
2013-02-21,536,2012-02-21,2013-02-21,252,154,-2286.2517996052184,-2179.034805914387,-3832.5482137691824,-4435.5617258808325,-4606.624644938524,0.9967989756722151,-1469.6474796315636,-1740.0952766847684,-2525.7686116408086,-46.73881808244528,-40.68588500691541,-81.11706877524489,-98.92267920555065,-103.41896815304834,1.0,-44.63466009083569,-43.03000771643662,-57.79248650655219
2013-02-22,537,2012-02-22,2013-02-22,252,154,-2302.919999007182,-2188.004281488821,-3814.3382144784873,-4490.784948373304,-4671.688040969004,0.9968010236724248,-1493.8263499906816,-1729.611052071577,-2526.594565236188,-192.08362857877023,-187.03154949098428,-295.7664256668272,-334.57682017202194,-345.2794856393256,1.0,-176.3794459312415,-167.93385053300287,-246.95194125833208
2013-02-25,538,2012-02-23,2013-02-25,252,154,-2352.298652795365,-2237.6210975261056,-3947.2215004895097,-4575.526927905597,-4788.767973874719,0.9974424552429667,-1554.3492632831133,-1796.624185094268,-2626.6161243345427,-51.42390129195978,-43.782758163496695,-95.23024173934562,-111.8596074333035,-120.92059258419519,1.0,-46.18237279963602,-42.895780092087335,-66.46772510215104
2013-02-26,539,2012-02-24,2013-02-26,252,154,-2366.298319908593,-2248.6666965544296,-3967.2150125943003,-4604.679141695689,-4815.753699384653,0.9980830670926517,-1558.2784587974495,-1816.6563267437673,-2636.540944807509,-188.32162318786254,-179.4843064423295,-290.1855307769674,-331.567916626659,-343.7889917074065,1.0,-174.13552900490467,-162.36913752615018,-236.39764979398575
2013-02-27,540,2012-02-27,2013-02-27,252,154,-2385.0325285037347,-2296.232537003999,-4030.8938815633974,-4606.681530118651,-4861.5808676180195,0.9974489795918368,-1582.8973674267631,-1825.8169576840592,-2709.222396940598,-51.3400067882128,-44.21087713199632,-94.44990291282014,-111.2320722056878,-119.98249414298911,1.0,-46.13258078333755,-42.86235077570696,-67.0452709780517
2013-02-28,541,2012-02-28,2013-02-28,252,154,-2404.685830219106,-2307.9508036389016,-4047.1042478176105,-4624.957617599807,-4902.544322195589,0.9974489795918368,-1595.756875465164,-1835.521604643061,-2673.258487898332,-51.08114275909061,-44.48134574158344,-94.5670553227759,-110.9058396701047,-119.3868949612475,1.0,-45.98629069055425,-42.62185849416557,-66.03689834854741
2013-03-01,542,2012-02-29,2013-03-01,252,154,-2408.6778202723344,-2331.772797518674,-4046.2224730817225,-4650.526189206759,-4894.929659603278,0.9974473516273133,-1574.7821598798128,-1862.020539841343,-2675.615447674413,-47.12279494221858,-40.724306505720136,-82.11874350657124,-98.9561640388482,-104.84398290248275,1.0,-44.90797356043617,-43.1070290746875,-59.87740102037469
2013-03-04,543,2012-03-01,2013-03-04,252,154,-2392.774968149235,-2303.9509379990386,-3978.502873053907,-4652.033286646895,-4857.551794311491,0.9974489795918368,-1570.0782551160983,-1849.8021510045924,-2666.110443557529,-190.21610938532137,-181.7559048153996,-295.04578303061254,-330.058745680922,-344.586468055301,1.0,-175.8082029224597,-167.48497644922904,-243.763317691327
2013-03-05,544,2012-03-02,2013-03-05,252,154,-2390.784151452354,-2295.0566643424145,-4012.8073130638686,-4649.06452897182,-4873.577752245224,0.9974489795918368,-1560.951523697368,-1830.431650578158,-2664.3909816313812,-193.53249122753098,-184.60890674111465,-304.1158019869652,-344.79067189266766,-356.01568416823966,1.0,-177.83731046909375,-167.73141350553908,-258.2048435487015
2013-03-06,545,2012-03-05,2013-03-06,252,154,-2404.2798393525413,-2301.4798691567175,-4024.84877424389,-4703.98715008567,-4934.176393788744,0.9974489795918368,-1569.3721617174108,-1862.0388814954067,-2697.902878592215,-47.09939350672945,-41.472840585516465,-82.15430224234022,-97.44332395736916,-104.2024622515261,1.0,-44.91503605509342,-43.69626603495226,-57.780714882094955
2013-03-07,546,2012-03-06,2013-03-07,252,154,-2415.3090919557344,-2321.41149199121,-4050.234363838777,-4719.572618045143,-4952.480572702405,0.9974522292993631,-1568.4717925615396,-1835.9383083521766,-2668.4137484995754,-61.763950895646936,-41.77874800741667,-136.3581971506218,-191.1325903124582,-216.355187916233,0.9954476479514416,-32.87765678810846,-32.432870149747956,-66.761251657291
2013-03-08,547,2012-03-07,2013-03-08,252,154,-2361.4733469929,-2245.5957571756403,-3934.6573505405504,-4675.0205314062,-4853.145995418224,0.9974489795918368,-1545.0911021362995,-1801.2107105518528,-2682.544554000446,-193.66890050238572,-184.34401354459987,-300.6821616955584,-339.1599759801576,-354.35645580598697,1.0,-177.21000287418548,-170.76001866223191,-256.84082093545254
2013-03-11,548,2012-03-08,2013-03-11,252,154,-2363.670747940911,-2238.5799940305246,-3955.0755625644238,-4651.396312437287,-4870.064754168501,0.9974489795918368,-1550.2596635718774,-1812.6231145863103,-2681.9466549298554,-51.73275601620729,-44.12196696399652,-94.70777003347867,-116.18332299979183,-123.7580319754698,1.0,-46.48234743383433,-42.842436984548,-67.50165688186048
2013-03-12,549,2012-03-09,2013-03-12,252,154,-2350.841674820896,-2236.504116671492,-3927.632427201603,-4605.299979927467,-4800.84210090291,0.9968071519795658,-1523.7642732337756,-1808.444704559969,-2716.0203983477954,-46.73663893963821,-41.048910649425515,-81.41000510720507,-97.82121786797097,-103.18266676204541,1.0,-44.69327220948598,-43.13675460502907,-58.05898537316603
2013-03-13,550,2012-03-12,2013-03-13,252,154,-2337.736197316606,-2237.290450550732,-3911.4811433449695,-4573.803424840863,-4781.99672640453,0.9974457215836526,-1515.1792936400395,-1808.3614021244339,-2669.153227817579,-191.82746275353918,-181.365348884375,-298.80020375224603,-333.8102474619615,-349.3562282865949,1.0,-175.93685875332278,-161.83968749246918,-256.68458014136365
2013-03-14,551,2012-03-13,2013-03-14,252,154,-2341.451013913767,-2251.342664835447,-3899.014240370059,-4569.191228746772,-4782.660986238199,0.9974457215836526,-1516.8490356695404,-1795.9098494796258,-2715.6956222136982,-51.953154686095495,-44.994354100397786,-95.71508822306082,-117.532110368835,-124.3558895235868,1.0,-46.564209822312705,-43.12862856154308,-67.19915077521009
2013-03-15,552,2012-03-14,2013-03-15,252,154,-2312.98960685381,-2227.4436457988104,-3860.760215251164,-4565.657952464121,-4766.584555845354,0.9980842911877394,-1515.2582398411325,-1764.7780387795297,-2693.1042890614017,-52.02943747607582,-44.61515472331297,-94.87708898824798,-116.24730505518832,-124.4573453443986,1.0,-46.7133196890591,-43.44242623507219,-67.69378577705109
2013-03-18,553,2012-03-15,2013-03-18,252,154,-2325.902917583805,-2250.9419019876436,-3849.989973749787,-4545.217501284362,-4710.818521246541,0.9980830670926517,-1538.3397740911003,-1795.486620792612,-2645.295168804956,-191.52915140706835,-179.7771784212457,-302.37899788554836,-339.4402411588909,-362.245844971891,1.0,-175.37947496779293,-167.47169829703236,-245.00662160570857
2013-03-19,554,2012-03-16,2013-03-19,252,154,-2324.686373855022,-2237.1875687850734,-3859.507726122814,-4570.096095510287,-4696.5962313614955,0.9980818414322251,-1512.3385117909727,-1790.148493355644,-2642.508604121124,-198.62235546319693,-180.7627032023999,-323.9087485177545,-382.75791283331625,-401.235797755453,1.0,-180.00904312706237,-168.2314693427262,-266.01162237982993
2013-03-20,555,2012-03-19,2013-03-20,252,154,-2319.936079647853,-2258.7351722590433,-3849.569177444325,-4583.09059508761,-4695.519491438542,0.9980830670926517,-1506.946838802747,-1781.3056462242055,-2580.3749927270087,-196.9499029011444,-180.08524755287317,-326.6406536765336,-386.3401313994849,-397.5562903818052,1.0,-178.47817023357985,-170.38570700583873,-255.72190560267686
2013-03-21,556,2012-03-20,2013-03-21,252,154,-2337.0636168500864,-2252.2237260583843,-3920.212155454159,-4634.093692495226,-4786.6678669565645,0.9980842911877394,-1551.506453890754,-1803.0951942759773,-2725.242826410943,-47.27928093533344,-40.966467091710825,-82.75732967397906,-99.29700320986893,-105.4741673932703,1.0,-45.069263493177026,-43.693689535271986,-58.34219566228813
2013-03-22,557,2012-03-21,2013-03-22,252,154,-2348.7924199574477,-2268.9665758082347,-3950.22649681536,-4684.086450922054,-4852.079872202074,0.9974457215836526,-1572.2730004199507,-1802.8523378143013,-2830.435858621347,-200.4382968898495,-182.51264606347718,-334.33028800748826,-393.18866226881437,-416.16878111586783,1.0,-180.7408840092662,-167.48788118690635,-265.4912035672839
2013-03-25,558,2012-03-22,2013-03-25,252,154,-2361.6484784478857,-2265.8517960787754,-3971.820510302251,-4717.67627974987,-4877.019495853702,0.9974457215836526,-1585.3843082652004,-1818.640891707151,-2769.0858543100912,-197.04516861364857,-180.0787195342377,-330.4574050931454,-377.80824773089,-390.62919739393203,1.0,-179.08532894242947,-169.74448300778695,-256.1654681585238
2013-03-26,559,2012-03-23,2013-03-26,252,154,-2325.4008393047084,-2242.1825677109755,-3882.614940646635,-4605.567083024092,-4756.619172630566,0.9974457215836526,-1509.72348131969,-1752.1473302259228,-2669.4777637202087,-195.33040984062833,-181.3555177872819,-316.1883136978255,-360.7170743100089,-379.10464034888736,1.0,-178.72925400129557,-172.34877575353283,-253.40142463395273
2013-03-27,560,2012-03-26,2013-03-27,252,154,-2321.5682153939724,-2239.130197784614,-3889.922698370497,-4587.856169563656,-4727.533488695496,0.997444089456869,-1505.7737961564883,-1758.146612023946,-2680.91040993473,-192.9122730575213,-178.7268045738968,-305.196020860832,-342.7550378022694,-361.68028851332537,1.0,-177.59309268360542,-171.9599531686851,-253.93351152664965
2013-03-28,561,2012-03-27,2013-03-28,252,154,-2304.560922973135,-2215.4098459133347,-3873.4895413145127,-4594.648951085712,-4713.688657456602,0.9980830670926517,-1496.0496649435077,-1746.5115293404947,-2675.8074573959207,-46.72948748108065,-41.00867752594886,-80.13014394816702,-95.421608037135,-103.36548734393047,1.0,-44.722951624015806,-44.16870416635233,-57.57607836487209
2013-04-01,562,2012-03-28,2013-04-01,252,154,-2329.269362150502,-2241.80264036493,-3895.4005866891584,-4627.177850669175,-4766.1148981178585,0.997444089456869,-1529.800390293012,-1781.608937472563,-2653.328309915638,-191.46740137007058,-183.3779029072407,-292.0239465766784,-332.7623833274619,-340.3981458816576,1.0,-176.98954965941363,-171.84421398701653,-245.76150473624978
2013-04-02,563,2012-03-29,2013-04-02,252,154,-2333.298202059841,-2231.5511878889893,-3904.5202702058814,-4579.128624376023,-4775.662584108969,0.9974424552429667,-1560.1759423595488,-1804.0671855072483,-2634.5108479365717,-47.34823853272267,-40.88814829539453,-82.72035313651358,-98.66391355066413,-106.59329181165587,1.0,-45.10151159896811,-43.82801982131359,-58.95737117900693
2013-04-03,564,2012-03-30,2013-04-03,252,154,-2353.247384218347,-2252.2635885343925,-3921.9713214670974,-4632.399514670667,-4831.58488028021,0.9968030690537084,-1561.0732256817225,-1806.2647487186891,-2756.8210560118323,-51.636001278499364,-43.71323031867601,-94.98424881134501,-117.81671962188463,-125.72632418482974,1.0,-46.2321697493944,-42.659339357872526,-67.4731347423138
2013-04-04,565,2012-04-02,2013-04-04,252,155,-2347.3254299360237,-2265.174699623287,-3903.7184620344933,-4604.688715301119,-4806.751911160293,0.9974603174603175,-1560.8764608219456,-1813.664549116677,-2691.444572057074,-188.6275847988347,-178.86582063390003,-291.2152804886369,-329.1458367118064,-344.4638786237574,1.0,-174.52831521089348,-170.34937285743138,-246.24548314574244
2013-04-05,566,2012-04-03,2013-04-05,252,155,-2341.947569978037,-2250.1728952708345,-3944.1249528870812,-4572.641857011339,-4782.81566923153,0.9980952380952381,-1549.0261527610487,-1771.275178713835,-2681.3692837602625,-52.193448790488326,-44.462984929043685,-97.05341381417422,-120.00638612996637,-125.94272670912896,1.0,-46.660580650294584,-42.754690857890665,-69.66426557316885
2013-04-08,567,2012-04-04,2013-04-08,252,155,-2363.6855460137112,-2240.2835509409674,-3960.150148152584,-4643.788661551641,-4854.888952032855,0.9980976537729866,-1560.184988023917,-1801.294728627176,-2759.7912262087375,-46.677438997897404,-40.73492608496969,-80.41473249292069,-96.63503451670546,-103.29846377506368,1.0,-44.605011673669196,-43.467769916368766,-59.128966810947865
2013-04-09,568,2012-04-05,2013-04-09,252,155,-2343.9866458520555,-2222.072660048318,-3921.8213436035912,-4583.551351367334,-4832.363455707031,0.9974635383639823,-1559.8011407616523,-1758.6462929848622,-2730.6377372623015,-194.68803028867745,-181.99235267562932,-304.6098914409722,-356.17270272093594,-376.46591585446686,1.0,-178.70028521292465,-171.52241920759377,-242.58591368982752
2013-04-10,569,2012-04-09,2013-04-10,252,155,-2353.1828739546063,-2243.6546320830103,-3930.428876803237,-4582.13005380123,-4802.693807951718,0.9980988593155894,-1563.1982365329675,-1754.1142029991242,-2745.9953737840274,-190.48793344029397,-180.89469907847067,-295.19869659573965,-323.677680490033,-347.7398115752333,1.0,-176.53229649150407,-171.94747773948163,-235.1357799563577
2013-04-11,570,2012-04-10,2013-04-11,252,155,-2326.8248264651806,-2217.177886825005,-3930.071426617782,-4616.024955098821,-4799.702399214367,0.9968314321926489,-1540.9767516465643,-1756.0451250303904,-2734.47403413882,-188.89238177130096,-178.06094801882637,-287.5286736365002,-317.4446075082994,-339.62764367713396,1.0,-175.40669074938464,-167.60713016433212,-235.28081089875022
2013-04-12,571,2012-04-11,2013-04-12,252,155,-2303.010739927794,-2198.4076487960565,-3909.444568397935,-4585.669594416102,-4758.5075492698015,0.9974651457541192,-1527.7486741648688,-1753.688099946579,-2653.998470515786,-46.67124417355749,-40.97636069393204,-79.77353285506028,-97.84011181210602,-103.77393464135325,1.0,-44.69402181540719,-43.39960661323652,-58.67065464541659
2013-04-15,572,2012-04-12,2013-04-15,252,155,-2386.534216215847,-2280.5274338847908,-4069.5514022331995,-4726.152262112251,-4952.072838221127,0.9980988593155894,-1621.5178172622177,-1874.0390469210604,-2721.2836622141335,-46.39601165233764,-40.770952627031946,-80.54702202246682,-96.99341066714103,-102.37380406628282,1.0,-44.484670313297805,-43.73820708041607,-57.814395657540544
2013-04-16,573,2012-04-13,2013-04-16,252,155,-2370.3947681538802,-2269.783238542658,-4089.31192857845,-4753.088085868718,-4958.252975829798,0.9980988593155894,-1630.539381827821,-1865.411468090581,-2727.299306101401,-193.66393567404634,-178.72174003614555,-308.9513570855444,-352.40852693173434,-374.91819703345806,1.0,-178.44272279405206,-164.55749284796886,-249.8767117349371
2013-04-17,574,2012-04-16,2013-04-17,252,155,-2391.759370194037,-2306.5101352332595,-4104.073642214847,-4790.890474691411,-5031.6032015395,0.9974651457541192,-1644.4931439365305,-1861.8132288212146,-2808.19808837474,-192.12661611099082,-177.565561853754,-305.0716163742287,-348.61163045216733,-364.05536118010394,1.0,-177.26078452023208,-167.41144299117215,-247.7348096223211
2013-04-18,575,2012-04-17,2013-04-18,252,155,-2418.895165511191,-2318.7534864737577,-4138.572922831745,-4859.986154011614,-5091.914123102436,0.9974635383639823,-1643.8579301927273,-1874.1854716869,-2760.3721234621735,-46.32805609848126,-40.48629821866095,-80.43598322515068,-94.45220602038695,-101.63087117587231,1.0,-44.35146203791445,-43.68704783109638,-58.45286525219263
2013-04-19,576,2012-04-18,2013-04-19,252,155,-2384.5533883769417,-2279.668853623405,-4146.189714799109,-4782.368760615519,-5056.708698983283,0.9980976537729866,-1629.9871236976578,-1891.3456439241795,-2715.008450059336,-52.03526622608104,-43.647115672979695,-96.24293356252504,-117.49769588742313,-127.88912753300094,1.0,-46.46560888832636,-42.64948448857049,-66.77836656192733
2013-04-22,577,2012-04-19,2013-04-22,252,155,-2381.9016298343026,-2282.411877440148,-4123.513128527749,-4782.076502253802,-5034.981107251909,0.9987317691819911,-1645.1872319176757,-1882.8684832003441,-2697.228836563893,-207.16869875676542,-186.87239456830173,-343.53296156607536,-403.90667351212505,-435.80725426154686,1.0,-186.8043980175464,-173.71569214121047,-266.1414397603886
2013-04-23,578,2012-04-20,2013-04-23,252,155,-2408.4022825905154,-2295.0209883685384,-4145.61869494268,-4816.737837629871,-5118.755373666374,0.9980976537729866,-1674.310210809699,-1921.1558470618877,-2743.0006711680167,-46.711635854878885,-40.83590269931719,-81.54982191309101,-94.34430053064919,-103.52276577054396,1.0,-44.63073776955486,-43.65794913238408,-59.05003345620542
2013-04-24,579,2012-04-23,2013-04-24,252,155,-2425.7412540932983,-2298.870896868827,-4202.717583675848,-4935.296133303494,-5197.52067523296,0.9987325728770595,-1672.1127463736495,-1893.6937775206197,-2731.283773912162,-207.53189195892654,-190.17748898120692,-344.680205477583,-396.0941039165666,-423.3323796848344,1.0,-186.95682406163485,-177.39866172594438,-264.3351689129754
2013-04-25,580,2012-04-24,2013-04-25,252,155,-2376.7934272393727,-2225.1009742130477,-4164.301060918163,-4853.371108317601,-5126.418359050938,0.9993658845909955,-1625.6628896539223,-1825.1001273044428,-2679.873733243761,-201.68375595120003,-190.5263221294021,-326.2633444727703,-371.0490431732645,-395.65766684549305,1.0,-183.3123318748974,-170.19003079248606,-273.1656115187683
2013-04-26,581,2012-04-25,2013-04-26,252,155,-2383.4156856249515,-2245.21286192004,-4224.25109737456,-4932.0718032644245,-5180.799578685879,0.9993650793650793,-1638.9620282662534,-1826.5268587810747,-2662.332791874145,-200.3221623869006,-182.9080606862615,-323.859699675993,-380.24778387514925,-409.4596412442777,1.0,-182.37244366201418,-168.8778712661467,-261.33331507699796
2013-04-29,582,2012-04-26,2013-04-29,252,155,-2390.5534741589404,-2237.292686870852,-4194.08106776064,-4856.541632165277,-5158.748314256077,0.9993654822335025,-1646.5419567558624,-1851.1880621403145,-2696.924729887272,-199.2542740943352,-187.50136233077382,-318.8062145360957,-365.0406828287783,-386.30593456479033,1.0,-181.43560449048027,-171.06575478650853,-263.6386841345501
2013-04-30,583,2012-04-27,2013-04-30,252,155,-2375.183627805751,-2233.8042840270273,-4194.179667152953,-4842.375145808478,-5144.475963201811,0.9993654822335025,-1614.6904239007172,-1859.5361003068906,-2646.150235802189,-205.0617923125727,-190.5311885444508,-339.4620801236066,-389.42584441931626,-402.870380593485,1.0,-185.58520589180256,-171.4002545417542,-283.9372170349725
2013-05-01,584,2012-04-30,2013-05-01,252,155,-2433.6517109888414,-2297.1920955049372,-4370.863737743421,-5052.9976001567975,-5310.846230922874,0.9993654822335025,-1678.0522979712168,-1915.8325990485655,-2643.4651051938063,-209.07821107026487,-193.24474406343148,-341.8610405959097,-400.0763265725311,-415.0640817801478,1.0,-188.87540955604675,-177.99245162316612,-277.09102668925254
2013-05-02,585,2012-05-01,2013-05-02,252,155,-2438.569247426439,-2308.5393150387526,-4356.50470124246,-5022.9855300645895,-5326.6892209202315,0.9993662864385298,-1672.392560106041,-1919.929199869067,-2643.557572344291,-50.763986447647085,-43.12121563939174,-89.53738306309906,-111.18485500261718,-120.58602873359057,1.0,-45.68564729283293,-42.0433777663967,-64.80861615886622
2013-05-03,586,2012-05-02,2013-05-03,252,155,-2457.851140438561,-2311.2698574492642,-4394.947303832738,-5012.93753979203,-5361.76058850008,0.9987325728770595,-1688.3424940581015,-1906.115651348204,-2689.1883613195355,-208.21742262433852,-193.5849989456259,-346.2924683025005,-398.8774129866627,-418.8662458342318,1.0,-188.0500549749983,-177.37654095781164,-268.20293848205114
2013-05-06,587,2012-05-03,2013-05-06,252,155,-2475.329348023959,-2337.8733276189464,-4445.209135538628,-5050.561855227227,-5419.464502107386,0.999366687777074,-1698.6226081095283,-1943.386457093702,-2687.286395595258,-47.38403928335652,-40.753421870097846,-82.8287989555292,-98.59883191236948,-105.8054140162466,1.0,-44.89385290769854,-43.778276148363524,-58.927332207915995
2013-05-07,588,2012-05-04,2013-05-07,252,155,-2452.203977843038,-2306.287900803612,-4433.566480303122,-5004.605529043487,-5398.120176297013,0.999366687777074,-1690.1824488638906,-1918.310371721212,-2705.1122914082034,-209.8789379087094,-192.2649043322421,-345.85593592401085,-399.51076720999464,-418.79314022458783,1.0,-188.72519041845905,-180.5616758696801,-274.6995966383109
2013-05-08,589,2012-05-07,2013-05-08,252,155,-2408.8376226779274,-2280.7355811797092,-4330.719700602762,-4898.002607591157,-5263.820322003758,0.9987325728770595,-1638.2269967116365,-1877.076670978745,-2597.970888965497,-206.6764607349236,-192.32112599200622,-336.7628251785879,-385.3142727641132,-407.69598247670774,1.0,-186.84940282618717,-176.8527257961717,-266.65992015987564
2013-05-09,590,2012-05-08,2013-05-09,252,155,-2399.722108609788,-2284.8181565199407,-4288.898075093242,-4905.897008952078,-5226.484173892315,0.9987317691819911,-1627.0131731601552,-1843.439003868666,-2618.5569520180134,-203.68294147170172,-191.80735360305678,-326.5380328103816,-366.55196702374116,-384.0042312941575,1.0,-185.46442103491083,-172.04393380904983,-268.8067911086231
2013-05-10,591,2012-05-09,2013-05-10,252,155,-2397.0976976281017,-2261.355015832175,-4279.233849478885,-4856.499756923694,-5220.230625459806,0.9987317691819911,-1623.1034742493719,-1816.4467674116995,-2620.582754788256,-200.27804018464644,-190.67627927243996,-314.97107752358664,-361.5148988772167,-371.7405777620382,1.0,-183.22313953212904,-169.21072897310873,-263.6516219732345
2013-05-13,592,2012-05-10,2013-05-13,252,155,-2411.1164985912683,-2265.596394849081,-4258.9114346958,-4919.192168125113,-5231.247803654308,0.9987317691819911,-1630.6993822023378,-1840.091184076727,-2708.916922251101,-205.28616716885878,-190.75228760957202,-334.4752471650614,-377.08030175396965,-391.15799951323004,1.0,-186.25123941792037,-178.67162182060673,-273.9259570934912
2013-05-14,593,2012-05-11,2013-05-14,252,155,-2421.4818089508212,-2298.883532365093,-4306.756977426992,-4940.269011999962,-5255.149451000146,0.9987317691819911,-1636.3915514181851,-1842.7650445843972,-2782.8317104369016,-205.82210284824717,-192.71296024811056,-334.5875784379299,-382.603490070169,-400.40644171843695,1.0,-186.54569201586742,-176.1025504303242,-270.67257981902475
2013-05-15,594,2012-05-14,2013-05-15,252,155,-2446.930280989947,-2293.0448036669322,-4364.300838520385,-5078.167274338846,-5368.162708564868,0.9987317691819911,-1671.4802389400984,-1860.392657562635,-2785.2526757007013,-64.50597116364371,-42.12333006578277,-159.39668263647283,-199.79954291338242,-215.2799832610898,0.9918962722852512,-33.064449949287024,-31.689712617974838,-75.22657996533496
2013-05-16,595,2012-05-15,2013-05-16,252,155,-2419.1124997905454,-2275.452680140462,-4283.137937887044,-5009.117270622867,-5301.099858164136,0.9987317691819911,-1626.6259452126933,-1839.3851845222264,-2750.2116598594116,-209.73865738211526,-199.4212952390177,-341.0507527876517,-393.5064881967434,-405.640104465929,1.0,-188.52035293961282,-177.33938488654252,-274.5620795235836
2013-05-17,596,2012-05-16,2013-05-17,252,155,-2424.117114288417,-2285.9701975485686,-4268.289471238525,-5025.245837036089,-5273.77208653783,0.9987325728770595,-1618.1317260647509,-1834.396265791486,-2695.9515858705954,-210.4472842198804,-200.4552855297925,-335.1739127277859,-382.9517452129265,-397.6383041931337,1.0,-189.40250875674468,-175.22589041779088,-279.48333570851764
2013-05-20,597,2012-05-17,2013-05-20,252,155,-2440.445079295814,-2296.317523534227,-4371.1338610475295,-5047.640767003342,-5363.313363421482,0.9974651457541192,-1669.3309840593536,-1866.8160394563515,-2774.2293917290153,-52.121493198590734,-44.012201983969916,-96.34519689205602,-117.72991533825348,-125.57469943642045,1.0,-46.573661030743246,-42.965393188111904,-66.49116048535626
2013-05-21,598,2012-05-18,2013-05-21,252,155,-2390.8062953106687,-2260.6098598160406,-4291.379121066041,-4989.511618498367,-5313.56990097193,0.9974619289340102,-1618.1376643983128,-1816.1627980228009,-2678.1740115394705,-51.87004945908014,-44.14036287064167,-94.54615517056008,-116.19659362255769,-124.02628483423469,1.0,-46.39503567599472,-43.133007658400594,-66.43917694572406
2013-05-22,599,2012-05-21,2013-05-22,252,156,-2388.6949401238085,-2270.237677490267,-4295.577075625187,-4991.494194384804,-5295.075410331885,0.998109640831758,-1599.5054037912118,-1826.2835436898854,-2704.615672201335,-52.481077849297485,-45.00110626779119,-94.64363390452539,-116.07843399066763,-123.87493379771685,1.0,-46.79724133469963,-43.60539646091428,-65.73248187562706
2013-05-23,600,2012-05-22,2013-05-23,252,156,-2365.325532430759,-2242.713839238121,-4281.632403159649,-4990.648717703545,-5287.747345288181,0.998109640831758,-1591.2037348018905,-1751.5246976389944,-2742.102380226579,-205.90958555571493,-195.06739167653785,-340.564986259273,-383.8149733645856,-393.7895039512399,1.0,-186.2497514408057,-171.40347218176316,-272.217360836783
2013-05-24,601,2012-05-23,2013-05-24,252,156,-2374.3911747286365,-2247.7232933120167,-4283.571767961706,-4987.377289577066,-5293.015035514105,0.9974811083123426,-1603.7956716695187,-1800.6033794420434,-2711.2318623363562,-52.187503625390505,-44.827358286673416,-93.68131378112136,-114.74031461428723,-122.8482024575036,1.0,-46.44710897686194,-43.55417627166597,-66.5090378790606
2013-05-28,602,2012-05-24,2013-05-28,252,156,-2372.4578105439086,-2237.0916843139894,-4262.2891052852165,-5012.465101908405,-5302.372720532872,0.9974795211090107,-1586.318196479768,-1786.5181597826759,-2768.6405687539223,-52.431137370511806,-44.76783703787923,-95.00642531094286,-115.89513009346199,-125.49169682645322,1.0,-46.50289249052515,-43.19822919750807,-67.6211655605739
2013-05-29,603,2012-05-25,2013-05-29,252,156,-2376.9106241426534,-2236.1647486524193,-4338.618785824309,-4992.780267998592,-5356.216658194223,0.9974779319041615,-1612.6700261125022,-1802.5256290588757,-2748.0737566753223,-213.5814772494059,-196.12521002825534,-360.34356578511216,-414.7717593180336,-431.5726951126372,1.0,-191.17950663656353,-182.0030640265391,-299.8875045026527
2013-05-30,604,2012-05-29,2013-05-30,252,156,-2389.400358174607,-2225.1529273774577,-4373.553028821158,-5033.658277678243,-5396.684161146713,0.9974795211090107,-1610.3121466987989,-1820.5956186037206,-2745.6676469137724,-52.01480965365265,-44.464679906856105,-94.0078228845467,-113.89991524953524,-123.18224526203136,1.0,-46.30748742673604,-42.701301731789755,-66.94874323580117
2013-05-31,605,2012-05-30,2013-05-31,252,156,-2385.5801133105983,-2220.6897284357738,-4364.3828529011735,-4972.63464526646,-5359.3038245590915,0.9974779319041615,-1631.8069917297792,-1803.1096922875254,-2793.1464465602885,-48.483932831178485,-41.887775248561496,-82.27958484793167,-102.03163611968392,-110.72266195538843,1.0,-45.56176583032908,-43.60959513370946,-60.08322317415574
2013-06-03,606,2012-05-31,2013-06-03,252,156,-2334.4914996332463,-2166.8000219369824,-4266.298987553244,-4930.985184187906,-5284.76818617968,0.9974763406940063,-1592.728785114073,-1784.848784829379,-2635.9421930102853,-47.980877168044984,-41.953917693387126,-81.91070420454523,-102.00445534707336,-108.74027442472816,1.0,-45.25429321093808,-43.302310800641635,-59.67867898930623
2013-06-04,607,2012-06-01,2013-06-04,252,156,-2347.564723296392,-2184.978733513894,-4248.217884258206,-4917.450321987973,-5272.844801098531,0.9974763406940063,-1595.9223544682015,-1800.5299912651135,-2671.979154077657,-220.90481815482946,-195.57509597176136,-381.11878851485665,-435.37875545969627,-454.1499160990151,1.0,-195.28017465001415,-186.57411901069648,-289.81652872003303
2013-06-05,608,2012-06-04,2013-06-05,252,156,-2275.8812143569244,-2072.9148423296897,-4169.963637361447,-4874.936271313157,-5179.400287732319,0.9987373737373737,-1535.7281644345524,-1718.0144774589266,-2636.7101711563373,-55.38011383028703,-31.745042916725986,-141.76656322413405,-186.21712128625953,-203.67384602687173,0.9877551020408163,-26.784351657064818,-12.540496753322223,-65.18237000077332
2013-06-06,609,2012-06-05,2013-06-06,252,156,-2298.612512231633,-2121.1339783402454,-4283.1181938624395,-4938.101158328264,-5268.077423766255,0.9987365761212887,-1558.7306185082687,-1736.6571671091174,-2635.6326244524694,-47.56522705492776,-41.66306662959493,-82.56777173568398,-97.54623024279941,-106.61195805226765,1.0,-45.001546111645226,-43.131476486489305,-58.93721653745834
2013-06-07,610,2012-06-06,2013-06-07,252,156,-2274.0109954696977,-2058.7611650092267,-4252.656843845659,-4864.295104792806,-5247.637531231155,0.9981036662452591,-1511.4713344818977,-1708.8423755818053,-2543.5952542100713,-47.863258383858415,-41.66994621890491,-83.84246692537619,-102.90837361125544,-109.00047257448009,1.0,-45.17427823940841,-43.932022083762575,-59.48199008208699
2013-06-10,611,2012-06-07,2013-06-10,252,156,-2208.3594289991433,-2033.1208515119051,-4124.0178181245565,-4721.774772535243,-5090.594447188031,0.9974715549936789,-1439.9873564261914,-1610.9799936395957,-2509.212952861867,-220.70397420489604,-204.5638165059862,-365.5701713206703,-413.2793890248119,-434.75969538376154,1.0,-194.6766619914896,-185.09364388425774,-307.4812546014948
2013-06-11,612,2012-06-08,2013-06-11,252,156,-2241.823475872482,-2069.250552832924,-4133.705712216192,-4760.317079548569,-5115.919073739087,0.9968394437420987,-1464.4542642203062,-1712.1413527558716,-2555.655579751164,-48.32785720209307,-41.71308741405692,-85.11594651242469,-101.72191095281961,-109.62452808043898,1.0,-45.553783735884736,-43.8556035398248,-60.05369179019069
2013-06-12,613,2012-06-11,2013-06-12,252,156,-2254.0657798385346,-2086.0021026087347,-4164.488406814715,-4786.052573101801,-5142.307799409723,0.9974731522425774,-1483.4888309055223,-1696.413105030996,-2543.996036224946,-211.17898067710266,-194.8073031911553,-348.0929076921167,-398.5929207094309,-413.3306176481233,1.0,-188.89571949657417,-184.34483402539408,-278.6182939063589
2013-06-13,614,2012-06-12,2013-06-13,252,156,-2225.993789197948,-2039.5869779670002,-4126.078596912936,-4749.089468524032,-5072.173163538943,0.9974715549936789,-1453.5609013769642,-1639.4532418397662,-2489.5650185436357,-49.67373158743102,-27.48070986501685,-131.3096052412581,-176.69489055673023,-193.46772316101644,0.989517819706499,-23.85810169467866,-13.933182871186663,-60.374007448734645
2013-06-14,615,2012-06-13,2013-06-14,252,156,-2226.5264631474906,-2020.1891576151465,-4124.049462231877,-4752.466697966283,-5115.832533769992,0.9974715549936789,-1466.7752127078402,-1640.8594506766933,-2466.5515136230515,-48.295218665146855,-41.939087552876856,-85.4879074984156,-101.22408038295235,-110.09733295346108,1.0,-45.54427508747477,-44.863090540801565,-58.854669271659986
2013-06-17,616,2012-06-14,2013-06-17,252,156,-2212.687001314745,-1996.1340046723508,-4118.508962975275,-4725.537150344409,-5109.6045120551535,0.9981012658227848,-1462.497990928988,-1620.3325004331678,-2469.2899940795664,-220.7485941197182,-203.44773956372978,-359.18564317813644,-436.0426239971439,-460.1153911681505,1.0,-195.63787077690037,-192.64916532559906,-286.16789721579795
2013-06-18,617,2012-06-15,2013-06-18,252,156,-2232.522925103269,-2013.9417286337493,-4096.32623236803,-4786.42041681964,-5102.092023090771,0.9974683544303797,-1478.8517176777905,-1662.0528171658093,-2441.404103513048,-54.12137313971644,-45.06913222064385,-99.30408256995544,-120.97706344808005,-133.42165157981213,1.0,-47.66274359757649,-44.330348870498554,-69.45027833906826
2013-06-19,618,2012-06-18,2013-06-19,252,156,-2241.5191997601014,-2089.9046497852414,-4201.808128569659,-4845.2929606701555,-5196.105898560489,0.9974683544303797,-1500.7014661375829,-1692.4353081068489,-2531.0062995928924,-48.35295068430677,-41.86549156475084,-84.53761755244884,-103.15977944739363,-110.83724872538718,1.0,-45.63823516252746,-44.552805427415706,-59.19929689685698
2013-06-20,619,2012-06-19,2013-06-20,252,156,-2278.108146615763,-2074.9782194562995,-4429.5442916341835,-4987.372906291362,-5422.0989402490195,0.9981012658227848,-1560.686777889479,-1738.5446713892015,-2616.5812279395295,-53.470315877289615,-44.76447063406965,-96.80010257540192,-122.18075586972095,-130.78872957597667,1.0,-47.45224091842418,-44.18898708240154,-66.98295384648102
2013-06-21,620,2012-06-20,2013-06-21,252,156,-2267.3264323471067,-2090.2267981076384,-4492.867148994795,-5057.995361370018,-5477.4407618115865,0.9981012658227848,-1551.3215621644292,-1727.9818785335515,-2627.817355258649,-48.75273303678694,-41.827094324417985,-86.06280887253227,-103.36981774807214,-112.48279936780688,1.0,-45.97726225119717,-44.218719664058604,-59.79173965262842
2013-06-24,621,2012-06-21,2013-06-24,252,156,-2317.408169790514,-2160.5102409823526,-4578.142125718646,-5138.591286536758,-5577.132097324581,0.9981012658227848,-1592.356909766163,-1774.4856118587809,-2642.2915185706815,-210.47602973255786,-187.96855697770442,-358.6160027405258,-417.8640707212971,-437.43781504996065,1.0,-188.7637316937552,-178.8116575644973,-273.7372751139012
2013-06-25,622,2012-06-22,2013-06-25,252,156,-2250.680824383903,-2095.3862587778426,-4470.287240236169,-5033.125072608484,-5451.175025511044,0.9981012658227848,-1548.0468454962324,-1686.9830537129387,-2570.3616852593304,-53.656548675023636,-44.89039831441199,-99.32941047781567,-122.26583464909845,-132.27006819837027,1.0,-47.55060765523454,-45.23238174297407,-69.45712725710334
2013-06-26,623,2012-06-25,2013-06-26,252,156,-2237.868799521745,-2090.597385231283,-4418.159691766672,-4928.234886538695,-5363.681368644556,0.9987341772151899,-1558.8220856536784,-1686.18453061112,-2583.554280689462,-53.52194834391693,-44.44209115386968,-99.24529990218784,-121.68092941818703,-132.04657643549385,1.0,-47.51267055114974,-44.61308427831216,-69.44582256131744
2013-06-27,624,2012-06-26,2013-06-27,252,156,-2192.265659198619,-2045.260498185965,-4338.81396274003,-4886.98418434025,-5316.21830563694,0.9987341772151899,-1523.719816713492,-1619.4780857710307,-2479.321356594759,-53.78246191902741,-44.35640309896563,-100.91397631212159,-123.03179584465929,-134.06394343226003,1.0,-47.80913723725154,-45.13603660545721,-68.47680647409737
2013-06-28,625,2012-06-27,2013-06-28,252,156,-2213.8805320584484,-2017.6136187853695,-4409.278467042508,-4995.743345199362,-5376.203225547793,0.9987341772151899,-1542.8159749548724,-1656.6548247519909,-2532.891205304173,-53.65661274874765,-44.72278529468515,-100.2874217003847,-121.7957621124402,-132.7499668255616,1.0,-47.69573570847757,-45.30606097429913,-68.32833425121652
2013-07-01,626,2012-06-28,2013-07-01,252,156,-2207.337131344758,-2019.4056976511547,-4419.384832229566,-4982.286836485915,-5405.730445575602,0.9987341772151899,-1541.7428297311783,-1627.7762038884762,-2653.49404406911,-207.77003013391658,-188.6873226901874,-342.9661378608601,-395.86438705027217,-420.6629663915824,1.0,-186.97876588881985,-175.67905339175232,-271.72357297093396
2013-07-02,627,2012-06-29,2013-07-02,252,156,-2226.636906858581,-2072.3993668240837,-4460.8385527795,-5059.326427455349,-5424.863106462053,0.9987341772151899,-1558.775292805608,-1660.576846753746,-2723.212549764158,-48.20329473200672,-41.16834725837987,-84.59933729628096,-100.00226354526117,-109.58720654602733,1.0,-45.82239047500517,-44.68981983024324,-60.54807450781806
2013-07-03,628,2012-07-02,2013-07-03,252,156,-2129.2305925218016,-1988.8197589211402,-4259.67820120722,-4788.869807750503,-5179.885212700164,0.9987349778621126,-1482.2732444714657,-1609.3609860443457,-2647.8558024432596,-54.831606856688374,-45.660086319775786,-103.95023752671187,-127.01300739344036,-137.66008663792485,1.0,-48.619291876971076,-46.09961159226472,-69.67712250665866
2013-07-05,629,2012-07-03,2013-07-05,252,156,-2173.3572363450803,-1987.3550247677033,-4340.423020457829,-4895.578997593632,-5317.607251944327,0.9987341772151899,-1538.9072241150436,-1660.8438100184142,-2696.9958631470254,-48.4084527442524,-42.16466022072912,-85.99365003787292,-101.54598126415434,-110.10229585024402,1.0,-45.94115547037414,-44.565822252621366,-60.506611898983536
2013-07-08,630,2012-07-05,2013-07-08,252,156,-2134.4231593801546,-1978.6419252169073,-4223.212100143413,-4810.8572862714445,-5194.537002086996,0.9987349778621126,-1496.8014748374908,-1647.3792328119853,-2600.491259734861,-197.8919344373628,-184.57749869636004,-313.1825127951932,-364.7150207175042,-387.624209969457,1.0,-181.0483963598376,-172.93082416486135,-250.96042158659608
2013-07-09,631,2012-07-06,2013-07-09,252,156,-2152.033771457995,-1958.896066673349,-4334.895038542502,-4924.764487217496,-5337.125767733352,0.9987341772151899,-1506.0561149712994,-1611.8773512730354,-2578.735748672135,-55.019987857799244,-45.851105867426675,-101.684749939822,-124.59161415245576,-136.82197447049032,1.0,-48.79766200990705,-45.500231014569124,-70.67635574824486
2013-07-10,632,2012-07-09,2013-07-10,252,156,-2126.94789819652,-1955.6264627317094,-4305.647568294828,-4834.813971815007,-5260.757466306455,0.9987333755541482,-1476.6291790012642,-1584.4822268588591,-2549.550202423442,-203.96642227398624,-186.14040471379838,-327.5823621286345,-402.88890844020966,-424.5356510858927,1.0,-184.78809610308645,-172.81831045176477,-261.27012928321017
2013-07-11,633,2012-07-10,2013-07-11,252,156,-2127.871628843261,-1916.3700244162378,-4335.267929604015,-4922.631831500562,-5290.004597595321,0.9987325728770595,-1488.7197242086527,-1590.5581616669242,-2492.0891522746497,-207.06489985269417,-189.59954050516808,-330.7557169147026,-404.68941397579783,-435.8855544426033,1.0,-186.76824772294682,-177.57219437485912,-273.58303063185826
2013-07-12,634,2012-07-11,2013-07-12,252,156,-2120.9308852765807,-1936.1633080192553,-4313.837661139281,-4900.737231884784,-5261.687774248811,0.9987317691819911,-1489.3184833875387,-1593.6354140417689,-2430.3386288912625,-216.6438207863804,-196.8330332418057,-358.46022411978345,-433.5868690221562,-470.76108125477725,1.0,-192.9980711583176,-180.65380286492075,-295.4235067199134
2013-07-15,635,2012-07-12,2013-07-15,252,156,-2134.4707351832812,-1966.3016818927326,-4353.780595636068,-4947.156686625107,-5318.26250474021,0.9987325728770595,-1507.4358773218719,-1633.072163799669,-2537.634873511222,-211.0442950218829,-191.0412930699585,-346.9863878108246,-403.42021996567956,-438.8098065995734,1.0,-189.14209176726365,-171.42094333131024,-291.531776984915
2013-07-16,636,2012-07-13,2013-07-16,252,156,-2145.8902464054217,-1975.1414527335726,-4392.818206756754,-5021.105650601405,-5385.844785502515,0.9987333755541482,-1534.3771796849073,-1653.9837697854937,-2797.2046065793643,-210.1472975980816,-192.7191115196666,-349.09010086112386,-410.84904815320635,-445.4190908550745,1.0,-189.016009680958,-176.19357069481276,-275.19722646768616
2013-07-17,637,2012-07-16,2013-07-17,252,156,-2101.58903911307,-1905.9038450710086,-4332.532289987342,-4933.736427961891,-5306.168230915913,0.9987333755541482,-1509.1034185324793,-1618.314243573985,-2585.8524193927715,-55.46024370711914,-45.68390051722116,-104.69681076166371,-130.6665176896801,-140.44053749209613,1.0,-49.053788210327404,-45.83066853665622,-72.09708169492916
2013-07-18,638,2012-07-17,2013-07-18,252,156,-2103.727329286104,-1908.2674184661519,-4339.132898849119,-4930.897772251835,-5321.114505423272,0.9987333755541482,-1500.9264296938975,-1613.8154319665373,-2637.5803429477173,-55.69771635632701,-46.03264051523626,-104.00085595607746,-135.69434605665265,-142.02144794865555,1.0,-49.119006173984985,-46.00543132435878,-71.0136472850352
2013-07-19,639,2012-07-18,2013-07-19,252,156,-2110.368654354239,-1939.827896312907,-4360.954996450285,-4957.589355657934,-5314.1561439849265,0.9987325728770595,-1501.4864104060794,-1603.8704593441757,-2559.3034517764336,-211.14678980493892,-193.60790274963693,-334.6651134774478,-405.54264078798394,-437.0277927186139,1.0,-191.05843568544216,-182.33937375826662,-282.12513997828296
2013-07-22,640,2012-07-19,2013-07-22,252,156,-2102.3597197384042,-1960.747874887366,-4268.461775974689,-4812.954642198369,-5196.297263204017,0.9987325728770595,-1491.8598969007512,-1599.7605104837976,-2499.8060074873474,-49.64666464114817,-43.169519099592335,-89.76899233403209,-108.39053471176545,-116.38850470659469,1.0,-46.87881150783978,-44.46825747462128,-61.87640010934996
2013-07-23,641,2012-07-20,2013-07-23,252,156,-2107.251018774347,-1925.5168932715023,-4281.529044683671,-4863.235960304361,-5223.991565082286,0.9987333755541482,-1491.7770927796273,-1614.5082188080478,-2430.8812198267483,-49.39286134473049,-43.505555252780354,-87.13807306403567,-105.38405469970763,-113.16644721835833,1.0,-46.78907937103269,-44.85115659284009,-62.0114735660681
2013-07-24,642,2012-07-23,2013-07-24,252,156,-2055.435492594328,-1819.5850093209087,-4151.492576367507,-4670.46151811036,-5062.407396849266,0.9987325728770595,-1448.6191808653437,-1549.3384928690311,-2254.573819917904,-49.33769503099443,-43.696033453515305,-88.76259005852808,-104.49964564895569,-112.4974292682326,1.0,-46.70829486250992,-45.08829701994536,-60.26638871537082
2013-07-25,643,2012-07-24,2013-07-25,252,156,-2004.247128392568,-1782.3532559197924,-4094.658372428026,-4608.399538353316,-4978.549945140787,0.9987333755541482,-1377.2898400310005,-1487.6858741434717,-2178.588698958002,-213.88244670737524,-192.97370465661953,-357.93381527036644,-420.56012167679313,-450.32571853748175,1.0,-190.73643653022242,-172.71288483243552,-288.36860162681444
2013-07-26,644,2012-07-25,2013-07-26,252,156,-1957.3441870532824,-1737.1542738839264,-3963.8348094217176,-4524.919376216389,-4874.605055646598,0.9987341772151899,-1341.8193731428178,-1444.1718562641422,-2203.0925814128714,-56.739461929920814,-47.069376048446614,-109.07192490030168,-136.9463477490006,-145.38515633651988,1.0,-50.015115219478226,-46.78521750161073,-71.63303723864153
2013-07-29,645,2012-07-26,2013-07-29,252,156,-1968.9335783745025,-1734.7273357127876,-3988.360996202127,-4549.538626380242,-4907.214071033036,0.9987333755541482,-1362.8610196826978,-1474.553909324979,-2230.6230805053983,-49.13026224200205,-42.90186035263977,-86.90547720067345,-100.78102476942547,-109.76256927072944,1.0,-46.54381742864304,-44.79303981163837,-60.937029814903156
2013-07-30,646,2012-07-27,2013-07-30,252,156,-1961.7419479424825,-1725.8074924152597,-4050.71415333764,-4706.592258320768,-5040.381399803852,0.9987325728770595,-1338.8131608371273,-1467.5224821582146,-2164.687491219265,-222.87629451331463,-203.03740506797524,-377.667040165607,-435.6614824926648,-461.50798847679994,1.0,-196.47150430298564,-174.91747905021072,-314.24375904751923
2013-07-31,647,2012-07-30,2013-07-31,252,156,-1946.575412912406,-1707.173474921014,-3954.8575054080625,-4613.628009592973,-4960.589274011129,0.998730964467005,-1330.9055458991793,-1453.1711060733523,-2242.362151826629,-230.59027868245664,-209.9719919520769,-401.45768724913876,-461.4664670438386,-495.00088459042195,1.0,-201.05820474490264,-184.96345687439066,-310.41550338303836
2013-08-01,648,2012-07-31,2013-08-01,252,156,-2007.2210032463763,-1731.8405327669138,-4177.587755126106,-4780.019389827299,-5137.136804597096,0.9987317691819911,-1400.3711282913957,-1543.2746648129014,-2289.921096634129,-55.58113912831877,-45.33909504603659,-104.75426804968093,-132.25249354986855,-141.19403922297752,1.0,-49.21792663214681,-46.87405722239963,-68.18045918386869
2013-08-02,649,2012-08-01,2013-08-02,252,156,-2020.6315216588332,-1770.4822974894485,-4104.6927035061435,-4744.849134103792,-5058.424773513011,0.9987333755541482,-1390.417623931102,-1554.0393750619487,-2195.4507776071937,-49.179078670102854,-42.54846050846445,-86.31304572707435,-105.38060364594904,-111.5602532506726,1.0,-46.63645156626365,-45.03113757891687,-59.5149088236676
2013-08-05,650,2012-08-02,2013-08-05,252,156,-2014.3019618872602,-1776.166371198878,-4127.698932932065,-4712.255069101635,-5078.811599903055,0.9987325728770595,-1391.1191408659852,-1524.4486986862285,-2250.845918786045,-222.86004738818283,-198.49346777013267,-382.6009429754091,-462.66954502185234,-489.93257101646435,1.0,-195.97874594701582,-175.56421467849552,-293.5817392167197
2013-08-06,651,2012-08-03,2013-08-06,252,156,-2040.0473451565176,-1780.2104955565649,-4207.763090190993,-4841.448911325144,-5151.897583619627,0.9980964467005076,-1412.8570618622912,-1561.4862624812026,-2164.5810288234316,-56.4391571370332,-45.88754921711979,-106.524269845383,-134.51536652155835,-143.72968866025064,1.0,-49.91666071507486,-46.575308560483975,-70.02115385370763
2013-08-07,652,2012-08-06,2013-08-07,252,156,-1980.7170221198153,-1703.8446191340201,-3978.9667953212934,-4618.70391992104,-4896.388330404822,0.9980976537729866,-1366.2412773592644,-1505.7193603996366,-2174.2355236621006,-219.2407068471169,-194.7306140972906,-373.9360110447893,-448.02509609695977,-475.33997777963054,1.0,-192.62158482653876,-174.33816548914504,-301.68871255846807
2013-08-08,653,2012-08-07,2013-08-08,252,156,-1973.2628469722533,-1700.3895886498285,-3925.584645277858,-4611.774166987908,-4882.058177761097,0.9980988593155894,-1377.543535258097,-1498.656856417134,-2172.7707144368374,-56.36127838658205,-46.39359984052264,-106.08077236287481,-133.20383684750942,-142.2733538158692,1.0,-50.09380397535131,-46.855338708320005,-73.14453208483968
2013-08-09,654,2012-08-08,2013-08-09,252,156,-2009.2892831495435,-1718.7137234934535,-4160.033052440722,-4781.192076907764,-5094.434062265921,0.9980976537729866,-1390.3518131458961,-1493.0624202251397,-2183.5054507666537,-55.864864707658874,-46.62072085619069,-106.71279192815828,-129.1354420747158,-139.07417199925695,1.0,-49.77700848448429,-46.721766372237894,-68.88130804862077
2013-08-12,655,2012-08-09,2013-08-12,252,156,-2000.098563303239,-1728.9263970029378,-4140.02538518178,-4771.26231411405,-5074.664448699936,0.9980988593155894,-1385.0756948650628,-1526.068916052976,-2237.395430430269,-55.405594978952415,-45.45543102326423,-104.90614638992103,-129.3944397651736,-140.31325599151546,1.0,-49.181267547302504,-45.96985134426461,-69.84766941318875
2013-08-13,656,2012-08-10,2013-08-13,252,156,-1972.3487126091,-1723.924798294627,-4038.477527764463,-4626.2244421097075,-4969.926942049713,0.9987317691819911,-1346.3059348861204,-1493.0011433483453,-2206.4269485698533,-49.54450661512101,-42.55203214363149,-87.6082428587675,-104.98397056870127,-113.8146261131485,1.0,-47.06649007200209,-45.37138263537363,-60.73271828746199
2013-08-14,657,2012-08-13,2013-08-14,252,156,-1974.740139793903,-1721.1461219247137,-4026.063278335332,-4651.784358604643,-4976.525789809877,0.9987317691819911,-1346.8531760337617,-1489.4181003310518,-2217.0730078767765,-229.1914722508233,-205.081317760081,-391.7759290778885,-459.6270514781376,-484.3577181651432,1.0,-200.17731404435514,-193.48152827864607,-287.21576841430544
2013-08-15,658,2012-08-14,2013-08-15,252,156,-1996.9896850249315,-1742.0257406866544,-4069.6113693827965,-4738.253748524931,-5033.578210085006,0.9980976537729866,-1398.105531854185,-1514.67617188652,-2246.9006916730486,-49.417930544281205,-42.95601191115886,-88.1358046463023,-103.53750994697307,-111.79213765767786,1.0,-46.943951535947086,-45.03052179506584,-60.9083989310397
2013-08-16,659,2012-08-15,2013-08-16,252,156,-1987.2070913910281,-1742.9502688068396,-4028.669595253409,-4723.912763962408,-5030.677139202049,0.9980988593155894,-1386.5585464874289,-1513.2661247928527,-2241.212833360033,-55.374942519548036,-46.275834626995646,-105.43127560645634,-126.76410750383826,-138.037749681829,1.0,-49.444924394204335,-46.43842980827214,-68.85961552956911
2013-08-19,660,2012-08-16,2013-08-19,252,156,-2010.1554705449344,-1742.7584439479353,-4144.480930073296,-4769.075184495979,-5101.431011735699,0.9980988593155894,-1411.8877361692507,-1527.544918318462,-2263.3364651316438,-55.02488732968804,-46.209857903314735,-103.11410631690322,-126.96229962831806,-136.72955890617524,1.0,-49.10078647162113,-46.25033291763758,-68.84846612076726
2013-08-20,661,2012-08-17,2013-08-20,252,156,-1995.5357851914252,-1749.7151843492356,-4147.0519897911945,-4763.612244481679,-5086.843862343659,0.9980988593155894,-1400.7770635747734,-1505.92261161895,-2328.5129167937575,-55.354391357225914,-46.28335705882742,-103.95990087849057,-127.26567634802223,-137.75527220948163,1.0,-49.31803163164887,-46.50325836023596,-69.67023176358762
2013-08-21,662,2012-08-20,2013-08-21,252,156,-1982.8417651308441,-1740.2526660072845,-4069.1811836744755,-4671.701309254859,-5020.548813606703,0.9981000633312223,-1389.6685839153708,-1505.8119215694837,-2283.235617578439,-213.62283878193116,-188.6367328559129,-374.9078000576409,-421.76969720979355,-446.8414447857444,1.0,-190.97956916843978,-186.03729613011416,-260.76375216560655
2013-08-22,663,2012-08-21,2013-08-22,252,156,-1994.4785248844014,-1773.4289117614687,-4088.3440118285134,-4681.209683394552,-5028.730420180237,0.9974683544303797,-1367.8915986860388,-1506.8822785084517,-2224.6255863407164,-212.21911818709822,-193.9344325362232,-350.4878288311434,-406.1928902061252,-420.9524736720636,1.0,-190.6741964850657,-185.98805503729346,-266.018215897712
2013-08-23,664,2012-08-22,2013-08-23,252,156,-1982.415866858152,-1758.871693778109,-4027.4418986359765,-4638.675579254839,-4970.153195583822,0.9974667511082964,-1354.0761281731243,-1503.4137501025048,-2247.685507218429,-49.60648111939843,-43.26948018684601,-88.69846663027135,-104.12924449163849,-112.5734434477328,1.0,-47.0860264361192,-45.1576343025404,-61.409286697168255
2013-08-26,665,2012-08-23,2013-08-26,252,156,-1988.0130456391278,-1758.386454341443,-4071.2256443337565,-4683.8200915566285,-4994.941353881947,0.9974651457541192,-1358.1923606201606,-1504.5645435688007,-2316.8487454836195,-214.36707659414245,-196.225350027065,-351.8697468708831,-412.56063088479215,-429.6678986920845,1.0,-191.9183837447585,-184.6295865068027,-277.5065001518028
2013-08-27,666,2012-08-24,2013-08-27,252,156,-2046.1173760336835,-1818.8689099916685,-4082.252185153804,-4688.338685520972,-5037.188665577275,0.9974683544303797,-1391.1339620497522,-1563.507785487345,-2336.739387358225,-49.57500649660759,-43.12800280554124,-86.70728128711559,-103.33307015115822,-111.98767286822044,1.0,-47.05194106158176,-45.66793236801969,-60.47072187864313
2013-08-28,667,2012-08-27,2013-08-28,252,156,-2056.413378347318,-1823.2528022655367,-4199.239078599868,-4775.045929850869,-5120.005922023003,0.9974667511082964,-1424.4468593314068,-1564.805479872835,-2420.1784051689997,-45.454498495408366,-21.82419040204207,-120.79628036299812,-169.2201735805072,-190.69907042663624,0.9912663755458515,-20.070193664211313,-9.918292375136545,-49.71713861130871
2013-08-29,668,2012-08-28,2013-08-29,252,156,-2054.363622067573,-1824.0677523518318,-4166.665623053277,-4762.494009402446,-5106.931052267569,0.9974667511082964,-1427.2363596800133,-1566.2399723683207,-2410.2745769362673,-207.8835288751831,-190.98146253434592,-339.96655907518857,-388.64058676990294,-412.3829659945209,1.0,-187.67847922045772,-177.31425001643657,-276.3851906917009
2013-08-30,669,2012-08-29,2013-08-30,252,156,-2072.03634166852,-1849.3747688197936,-4140.580941196467,-4717.433808460657,-5081.417598102016,0.9968354430379747,-1418.8991209872747,-1597.44261415241,-2422.09512787554,-56.593203280204555,-46.97039412267359,-107.60214322324438,-132.8665549539922,-143.07971743599333,1.0,-50.222884222572105,-47.394480004307695,-72.44275017400076
2013-09-03,670,2012-08-30,2013-09-03,252,156,-2056.421908333652,-1845.3884818233614,-4083.8688297607405,-4696.610146088983,-5031.064436153269,0.9968354430379747,-1397.6649893592569,-1565.42473486054,-2344.570489412592,-56.46311645739222,-46.85464924755213,-107.13817175292452,-132.62826411142441,-142.80998757387735,1.0,-50.00402071923351,-47.15551649437177,-71.60834076867393
2013-09-04,671,2012-08-31,2013-09-04,252,156,-2070.5872540979467,-1852.4545584470698,-4134.5944725382105,-4739.867746562462,-5078.3102548729885,0.9974731522425774,-1404.0568146208611,-1588.4406020766373,-2411.7759017924773,-56.176186812034615,-46.58140118004451,-106.8016425024832,-131.60300283159967,-141.4232884113933,1.0,-49.825805987774366,-46.36743768226427,-71.91152073795843
2013-09-05,672,2012-09-04,2013-09-05,252,156,-2060.7027714284723,-1825.016116099969,-4189.013138663291,-4805.381656593905,-5134.631337181991,0.9974683544303797,-1395.85951708464,-1587.397105889312,-2358.3602557667673,-214.80507808920046,-199.55602912763027,-361.67126721052057,-406.9418725308868,-427.38599849349794,1.0,-191.29352265404182,-179.15745892000734,-292.03752618886034
2013-09-06,673,2012-09-05,2013-09-06,252,156,-2064.7151509768746,-1845.9065389993248,-4184.8858904249855,-4743.651999605899,-5110.222130478302,0.9974699557242251,-1407.2422361692345,-1572.8582446599264,-2375.839847089521,-50.02303525932601,-43.126408715559705,-87.6462617575646,-106.37356203182384,-115.32230682251382,1.0,-47.29149966718902,-46.47485845905946,-62.572558477627595
2013-09-09,674,2012-09-06,2013-09-09,252,156,-2074.214972773978,-1873.903256117267,-4207.080430785338,-4727.452636986361,-5124.854046033379,0.9974667511082964,-1410.3431194568238,-1587.9119928272476,-2380.382122157555,-213.58834345146167,-199.70055134199134,-353.17998755092674,-399.95283286535107,-419.42701900460077,1.0,-190.6556159916473,-173.61689676314967,-294.9448146329659
2013-09-10,675,2012-09-07,2013-09-10,252,156,-2021.4247697061792,-1823.9783153556791,-4137.993750618538,-4668.549712308428,-5038.8619223579035,0.9974651457541192,-1351.779894652787,-1549.364628330024,-2313.1322732506164,-49.651124068477536,-42.933025420264926,-88.83227309537881,-104.50833100430256,-112.96112980578945,1.0,-47.07665554365681,-45.73617099517469,-61.73838662106974
2013-09-11,676,2012-09-10,2013-09-11,252,156,-2013.7207086133333,-1802.7577745725703,-4140.586890441973,-4651.544704848285,-5030.858646668589,0.9974667511082964,-1350.924078211789,-1540.6700472840007,-2290.951707183125,-56.058628989301894,-46.956111216832724,-107.0028162496239,-128.94948773954226,-140.33291847324813,1.0,-49.86501216965776,-47.31207888645867,-71.15652108704963
2013-09-12,677,2012-09-11,2013-09-12,252,156,-2036.9617211961186,-1806.3480514706591,-4160.386765887675,-4707.661188275818,-5066.219438615208,0.9974699557242251,-1366.8689069739544,-1541.2987224900362,-2351.1412172533396,-55.89411295493046,-46.92039729234969,-106.061567112613,-128.3299358925326,-139.5551037136388,1.0,-49.74612185448282,-46.47607917710165,-71.71903575556698
2013-09-13,678,2012-09-12,2013-09-13,252,156,-2041.6503022249155,-1803.131309325462,-4170.119001607469,-4721.761087634582,-5073.459508484611,0.9974699557242251,-1372.9163509984496,-1549.6537033441691,-2369.021684567464,-224.5137827743983,-205.01919787925846,-389.1296316620241,-448.4764810524012,-469.4127152201011,1.0,-197.33275565932732,-179.6539014019416,-312.43648948975056
2013-09-16,679,2012-09-13,2013-09-16,252,156,-2013.6295101028177,-1816.5446612614244,-4042.0399559959687,-4522.794379665251,-4905.477560097992,0.9968394437420987,-1346.497658397606,-1511.1983738710192,-2342.836894618905,-50.20768805979002,-42.99160044368621,-87.39268328973186,-105.75316160913421,-114.21421593656184,1.0,-47.37003250070304,-46.186284759071576,-62.25545200481936
2013-09-17,680,2012-09-14,2013-09-17,252,156,-2014.3973570842438,-1851.703746616844,-4030.925681512466,-4612.506810290776,-4955.3096029678645,0.9968354430379747,-1336.4575809175258,-1533.8126849704533,-2275.3990970119016,-221.57199083306904,-202.67245625388028,-373.67641596524186,-436.50619317947104,-454.0920697232838,1.0,-195.02764808124792,-176.71713596100506,-301.2136341697867
2013-09-18,681,2012-09-17,2013-09-18,252,156,-2008.8865741332058,-1856.8180749770033,-4019.5494308699654,-4590.90502781617,-4938.6585682968,0.9974667511082964,-1360.6904183681763,-1528.4785085165875,-2337.4818753926747,-208.62237152015396,-190.4855994869817,-345.985357835147,-393.8190534891825,-414.38258101253916,1.0,-187.64699973180186,-172.42216527371085,-276.57339268167107
2013-09-19,682,2012-09-18,2013-09-19,252,156,-1979.9733367925357,-1827.8289256874816,-3978.309683045026,-4515.474703540161,-4857.995485422672,0.9968314321926489,-1329.850061170279,-1481.3600134645694,-2404.8929695078573,-55.30121554868383,-45.67401139666488,-105.29320278642099,-131.22692255590908,-140.10742386242217,1.0,-49.077413050640985,-45.779377699937726,-70.42359868052611
2013-09-20,683,2012-09-19,2013-09-20,252,156,-1994.6435481114886,-1842.9077525690625,-4034.3368263725074,-4540.681717551274,-4930.686172225131,0.9974667511082964,-1364.4764210395008,-1507.8898561572942,-2463.8411606506766,-49.80311108927973,-42.60817846543191,-87.93245063750867,-103.60675198867095,-110.630903770209,1.0,-47.18771852167209,-45.56838860675076,-61.73608642511253
2013-09-23,684,2012-09-20,2013-09-23,252,156,-2035.1854180114287,-1853.0290021794356,-4106.88152316233,-4716.057749502282,-5093.07170006058,0.9968314321926489,-1406.942168435515,-1533.4469761828718,-2490.353905839413,-55.89497299723216,-47.00581045968693,-106.39694046117945,-132.7325061933028,-139.61630806954105,1.0,-49.50964902070087,-46.623852811813244,-71.73699667696296
2013-09-24,685,2012-09-21,2013-09-24,252,156,-2027.4574793554548,-1859.3909601770233,-4149.206738274832,-4689.969430880643,-5074.488503877656,0.9968314321926489,-1418.7726890433178,-1527.5541514753013,-2585.550311496814,-49.643604932598265,-43.20985361079787,-86.68803119629658,-101.95464732416968,-110.02834941196251,1.0,-47.09704651516682,-45.62220466752074,-63.875898682629625
2013-09-25,686,2012-09-24,2013-09-25,252,156,-2015.7036726561557,-1835.61378432514,-4050.2958371726254,-4696.796785975465,-5066.262544915679,0.9974667511082964,-1409.687212132889,-1513.6482849994277,-2550.4396835856505,-201.00771624363708,-187.38718319374343,-331.65585460580684,-371.494998459719,-395.9261874915342,1.0,-182.55608560232747,-171.76358870823827,-252.2388125223975
2013-09-26,687,2012-09-25,2013-09-26,252,156,-2015.1680352968124,-1840.315799386853,-4106.778411806268,-4676.059609467375,-5060.68644537777,0.9968314321926489,-1405.2535277320806,-1523.0585505303911,-2550.5555726966554,-50.013502566467125,-44.16822913599558,-89.17055487094314,-104.36455297608133,-112.28086902820513,1.0,-47.27396744411337,-45.88284758980741,-63.732366170579795
2013-09-27,688,2012-09-26,2013-09-27,252,156,-1976.2035721883196,-1814.346915589341,-4040.8782330161343,-4605.464398773289,-4923.330083267538,0.9968314321926489,-1356.828046968283,-1473.8768648477542,-2451.6881317004218,-55.76468516189702,-47.18599723418455,-103.91015352781194,-129.2281772789213,-137.84873366972968,1.0,-49.52059851634714,-46.481855798860835,-72.49736857260498
2013-09-30,689,2012-09-27,2013-09-30,252,156,-1975.6851009214326,-1807.3522952149629,-4098.809629850938,-4637.140692576355,-4987.902558240419,0.9974651457541192,-1348.7380956480024,-1482.349903810361,-2464.938043811459,-50.29652292801818,-43.38800834743949,-88.97984927013285,-104.99010209042176,-114.40588836032727,1.0,-47.393454840127674,-45.858936283005974,-63.65612179451671
2013-10-01,690,2012-09-28,2013-10-01,252,156,-1971.5765696977799,-1793.29934770005,-4077.2132558022636,-4635.718098467914,-4994.39309191868,0.9981012658227848,-1356.519148590259,-1478.844173829327,-2469.2005321902025,-55.864351234892034,-46.6074705642163,-104.95012435820068,-127.44750442194315,-138.05573169051394,1.0,-49.52952943330908,-46.323238640226535,-70.14306564929802
2013-10-02,691,2012-10-01,2013-10-02,252,156,-1976.5643585458852,-1784.0323151901214,-4106.876342228557,-4630.314814723357,-5004.665438461968,0.9981024667931688,-1359.4834902220907,-1479.3534049890595,-2524.492841579766,-217.91988461705728,-192.4499224819382,-378.14675404433444,-466.08673677549194,-481.42595026623343,1.0,-193.20332007636134,-176.63572518902612,-280.09074219038166
2013-10-03,692,2012-10-02,2013-10-03,252,156,-1969.9681796670743,-1772.8153083084935,-3980.390244622608,-4590.026271784728,-4942.0469618718125,0.9981012658227848,-1362.382861864746,-1495.9836223998327,-2459.0246893200137,-54.83791228778539,-46.53855336066134,-101.53168029874281,-122.94513675455758,-132.60972079553406,1.0,-48.97250382514439,-46.636868795911084,-70.08187636627781
2013-10-04,693,2012-10-03,2013-10-04,252,156,-1982.1435252192339,-1799.1571594692284,-4041.4837599717134,-4586.639359174837,-4942.504456830562,0.9981024667931688,-1379.4248077486732,-1489.1690391803677,-2548.417773936621,-49.907300557790826,-43.25972783589482,-88.18319411406823,-105.23734599033541,-112.57928090398916,1.0,-47.16655740953959,-45.699147308529234,-62.996949202606146
2013-10-07,694,2012-10-04,2013-10-07,252,156,-2022.0659411218517,-1842.616325433826,-4080.32693115968,-4706.244040801211,-5055.3066839500525,0.9981024667931688,-1402.0313172056847,-1544.026310043206,-2653.7495963446772,-49.77629668507105,-43.29667145978269,-88.48204907601625,-105.35328168149873,-112.15938158012403,1.0,-46.98818456660489,-45.571783595011304,-63.16695837961022
2013-10-08,695,2012-10-05,2013-10-08,252,156,-2011.891886394356,-1861.2171320338239,-3978.428837322864,-4532.356384697908,-4850.654669560916,0.9987349778621126,-1391.7241780859545,-1525.5602048272808,-2656.9663828041444,-54.28167802750174,-45.31816899229106,-101.2059678806998,-126.80565063443134,-135.53901366757285,1.0,-48.081884812350815,-45.20146915454934,-68.96430716916123
2013-10-09,696,2012-10-08,2013-10-09,252,156,-2016.2272604873128,-1850.4895204694747,-3990.530374728593,-4563.90427518083,-4897.341040773986,0.9987349778621126,-1424.3076647887508,-1523.8168257024,-2657.022962746779,-49.42283601684746,-42.52642506730207,-88.16476708685786,-102.33576901467528,-110.820544593642,1.0,-46.68094493553808,-44.769422923533895,-61.51183043072632
2013-10-10,697,2012-10-09,2013-10-10,252,156,-2039.7364208435306,-1885.3881642244442,-3987.382845134001,-4597.830606603381,-4946.712597766766,0.9974715549936789,-1444.4061363761691,-1531.7149766436346,-2675.184565494792,-49.423704141135936,-42.466269770246036,-87.29368249984402,-104.55434486623234,-111.39546288434266,1.0,-46.76590035684674,-45.14120419814351,-61.32569867434242
2013-10-11,698,2012-10-10,2013-10-11,252,156,-2053.2214998156837,-1861.7558349160872,-4040.0950080904836,-4649.204121380885,-4971.396294160002,0.9974715549936789,-1459.777045499953,-1536.990057463709,-2674.6080099529454,-49.623952890932095,-42.75752411999245,-88.48420275746628,-106.20735674050056,-113.07962426754922,1.0,-46.80611606383005,-45.01567965959298,-61.252325206019805
2013-10-14,699,2012-10-11,2013-10-14,252,156,-2050.1431045590966,-1853.1330293425385,-4019.040641953856,-4654.995978426629,-4956.169427173281,0.9987357774968394,-1452.7029386945871,-1531.1522329764834,-2667.0701086621007,-49.31352291035027,-43.11655011878717,-87.2478722564957,-103.18649037226473,-110.91394865865396,1.0,-46.620459754051296,-44.789451912663765,-61.183956112534936
2013-10-15,700,2012-10-12,2013-10-15,252,156,-2061.537397294328,-1884.9962467424825,-4021.020188334697,-4626.486920375835,-4930.537284736591,0.9974715549936789,-1444.593341221383,-1546.0797664913161,-2652.7854749457074,-197.10793201563345,-178.96834372640893,-316.4255869669339,-391.1651867227626,-414.97187939315717,1.0,-180.29598442258748,-170.23727740219945,-244.69276049276652
2013-10-16,701,2012-10-15,2013-10-16,252,156,-2051.5017743457906,-1873.0294469402174,-4041.6566087393267,-4705.906949232512,-5035.849278376669,0.9974683544303797,-1468.219858495953,-1560.6539779165305,-2565.6795899675,-55.260842160607005,-46.01209803839704,-102.22088784178993,-128.41749957960357,-137.32181923987469,1.0,-48.8412788963882,-45.64523645260574,-70.00531144955976
2013-10-17,702,2012-10-16,2013-10-17,252,156,-2043.8942434810488,-1840.658673095462,-4031.6799954182343,-4756.606903792594,-5013.361895352848,0.9981024667931688,-1438.325001947637,-1556.1446540335714,-2462.460685819508,-55.315851966472984,-46.556558749917556,-103.16206869471198,-127.65505253131263,-137.39757383093055,1.0,-48.99260280644784,-45.37831023387133,-70.8065618202716
2013-10-18,703,2012-10-17,2013-10-18,252,156,-2023.5509009372183,-1805.6921970794663,-3987.7146559652383,-4597.595853743323,-4934.713937600628,0.9974731522425774,-1454.03504381412,-1518.5413952566041,-2562.9610933597605,-186.14937149098762,-175.05871346179794,-283.065122849785,-333.76470246285425,-347.81934336272724,1.0,-172.89688025537973,-169.2458941407661,-243.57162261116906
2013-10-21,704,2012-10-18,2013-10-21,252,156,-2038.666878473106,-1815.2163515429704,-4058.798968161677,-4638.27107330137,-4971.70182758988,0.998104864181933,-1465.927961235116,-1549.7486566253876,-2497.4917704951713,-49.71908235122899,-43.061304423486604,-88.19580505973887,-104.77646679082679,-112.91391487933416,1.0,-46.85884139689122,-45.69894625937732,-61.74923421930538
2013-10-22,705,2012-10-19,2013-10-22,252,156,-2043.3050737507092,-1822.0328749827145,-4053.928383555355,-4686.511484323564,-5017.835658561402,0.9981036662452591,-1468.0980704536623,-1557.0656845370022,-2479.4759344210324,-49.74879897648938,-43.27355871545614,-89.49766523626124,-103.88007563297232,-112.77177828473992,1.0,-46.913512570053854,-46.399659585358336,-61.05463851116631
2013-10-23,706,2012-10-22,2013-10-23,252,156,-1997.5380083437612,-1796.815172810337,-3821.9384255502587,-4422.0628646391915,-4714.36393693751,0.9981036662452591,-1413.2166991593197,-1471.7956971961305,-2436.602846511044,-55.72355205064142,-46.16557965482582,-104.17949005506044,-128.48724258602152,-140.19647221460804,1.0,-49.07111535755833,-45.837891956687585,-70.86788247793883
2013-10-24,707,2012-10-23,2013-10-24,252,156,-2010.5075885188746,-1822.75463447589,-3817.3245841785174,-4451.965835113025,-4689.290208913728,0.9981036662452591,-1409.008801676865,-1475.3765260011487,-2504.425703326768,-55.708090242421235,-46.09044363379858,-102.9308041884504,-126.34606795958535,-140.37945313762555,1.0,-49.09081281100927,-45.74349870133929,-69.40486324040988
2013-10-25,708,2012-10-24,2013-10-25,252,156,-1993.4700991222094,-1818.084329871836,-3781.964004291352,-4403.7719463026815,-4646.042792826921,0.9981036662452591,-1399.5601167451462,-1475.388161591932,-2559.399637814936,-50.339354036787874,-25.855802604537196,-139.8326620953011,-211.83487508894214,-215.51873746847335,0.9939759036144579,-23.983783991994603,-15.646320283410855,-53.02717012983305
2013-10-28,709,2012-10-25,2013-10-28,252,156,-2014.9492635677498,-1855.8503332130977,-3858.637124894899,-4455.8197336167395,-4720.640169191275,0.9981036662452591,-1429.3934568208253,-1474.3229425153354,-2619.4911500385597,-196.51337520191748,-185.80522410115034,-309.9349884793899,-360.35123419324196,-378.7808647099329,1.0,-180.35831244559546,-164.55727324384256,-256.0563346064551
2013-10-29,710,2012-10-26,2013-10-29,252,156,-2062.113790361024,-1861.9052588007635,-4076.7540844258315,-4678.747992360652,-4983.568222503611,0.9987349778621126,-1531.807196388963,-1582.3367253562178,-2646.0387269876455,-55.83416309907253,-45.732965982304066,-106.16536369920577,-132.39727349006793,-139.59891646901502,1.0,-49.31767038940268,-45.05335886313404,-71.87454380706875
2013-10-30,711,2012-10-31,2013-10-30,252,156,-2073.283497718408,-1885.9926042903746,-3999.1714770611115,-4533.031954832314,-4860.906866104305,0.9981072555205047,-1533.6933106207214,-1610.6799265292434,-2639.9747810269937,-192.20463139881176,-182.8219287213376,-297.1319331369444,-339.01650863408935,-355.67932096850916,1.0,-177.48425528482446,-166.18137469592236,-252.85332241510133
2013-10-31,712,2012-11-01,2013-10-31,252,156,-2096.6929534458995,-1899.4726467556009,-4018.598915621024,-4591.979835007359,-4916.935625576786,0.998108448928121,-1539.120380833257,-1593.2041045666424,-2617.9043428880696,-53.48133639462249,-28.221508393790806,-147.2477264970417,-208.83253358959095,-216.10073244351958,0.9943396226415094,-26.370652983378875,-18.146788997991774,-58.18076238593355
2013-11-01,713,2012-11-02,2013-11-01,252,156,-2067.769249316202,-1845.1979833039684,-4037.5655253937175,-4667.499211598516,-4958.200564494511,0.9974795211090107,-1499.4241160183035,-1547.485871368566,-2606.6949673059626,-47.753973573832944,-41.37905456730351,-83.42276530291721,-99.53022890853863,-107.41675695944478,1.0,-45.28772721206293,-43.55610652520453,-58.779213975960104
2013-11-04,714,2012-11-05,2013-11-04,252,156,-2069.16447358991,-1837.6565065094978,-4076.9196889403634,-4802.756156559794,-5102.3142942407785,0.9981072555205047,-1511.8695606913034,-1555.6725209686929,-2603.361738487099,-209.05575927516298,-193.2590881021257,-343.25105081230436,-393.01825268550255,-416.67576179473514,1.0,-188.55162175453574,-175.79692570093442,-272.8690702507688
2013-11-05,715,2012-11-06,2013-11-05,252,156,-2071.508857637438,-1818.245878790004,-4151.210471384572,-4804.794380718227,-5100.557937540047,0.9974763406940063,-1492.6878639167423,-1569.8302435603741,-2546.836945021648,-54.975053102134424,-46.254262953193454,-103.18434913689192,-126.523510432036,-134.8827678855272,1.0,-48.58548556535631,-45.57186674334419,-68.0817105876879
2013-11-06,716,2012-11-07,2013-11-06,252,156,-2040.5199554565045,-1804.5075018232155,-3981.590849314657,-4622.6990588028375,-4937.185901775279,0.9974747474747475,-1441.4717323264013,-1491.8574778930054,-2417.7878800339668,-213.31013804365386,-189.76132241206568,-369.82069239340024,-425.96844884268484,-451.87629737260545,1.0,-190.34807877706154,-175.48242361028323,-277.9582347667686
2013-11-07,717,2012-11-08,2013-11-07,252,156,-2040.652860455896,-1815.52825821531,-4032.928722341698,-4659.671702365816,-4985.405155444592,0.9968494013862634,-1460.355627284596,-1519.9452558283983,-2566.9427832869624,-55.48905296524492,-47.00720050899889,-107.03256750076709,-125.73237327897478,-136.90038680830503,1.0,-48.90732003551799,-47.09315261738666,-68.95397313286514
2013-11-08,718,2012-11-09,2013-11-08,252,156,-2012.3938139407128,-1763.0986022742618,-3983.35310005931,-4592.916321503217,-4903.474547818812,0.9968454258675079,-1420.0854455841907,-1518.4582598887923,-2400.273323772906,-216.29677247736075,-197.57990648198955,-371.7571380542669,-422.3188942979486,-445.8523979090995,1.0,-191.53328585994046,-174.0013463629379,-290.6886635266695
2013-11-11,719,2012-11-12,2013-11-11,252,156,-2028.984945418497,-1804.0611224762145,-4038.5859969231656,-4681.76442989319,-4958.809873160833,0.9974763406940063,-1442.6673467255723,-1555.7686662798524,-2494.157921873085,-55.594002149863414,-47.00017011295621,-105.49954226698885,-128.7763444572404,-138.68507728413036,1.0,-48.86779681705502,-46.757712430197785,-69.1405430481756
2013-11-12,720,2012-11-13,2013-11-12,252,156,-2009.620371675514,-1798.0733383601982,-3948.893761912521,-4585.554751764669,-4883.3647189624735,0.9974763406940063,-1424.458741786224,-1501.2701033817739,-2435.184294647651,-214.37202204540245,-191.52430720542662,-360.0191822970945,-419.04199164453,-449.0046647109266,1.0,-190.15499827701282,-175.47135478252915,-308.7090777238766
2013-11-13,721,2012-11-14,2013-11-13,252,156,-2020.3247154623712,-1772.0824107302712,-3987.7355996256265,-4600.636520128542,-4903.4476583664855,0.9974763406940063,-1427.2628345788812,-1520.0998943522927,-2438.3419577358113,-55.102363926258576,-46.4582135459178,-105.35373068365877,-127.45998101376551,-137.29129045697846,1.0,-48.407641201352604,-45.35648478134799,-69.45626197389552
2013-11-14,722,2012-11-15,2013-11-14,252,156,-2020.0603095741703,-1745.9906287286267,-4051.3125312656543,-4652.101479980729,-4972.899909584001,0.9974779319041615,-1415.6225985342408,-1537.740329274559,-2400.002256741219,-48.68912645072347,-42.28971168572649,-88.11306066551471,-104.15310580677627,-112.42103047521113,1.0,-45.74977948261754,-44.3337777593254,-60.98922327967602
2013-11-15,723,2012-11-16,2013-11-15,252,156,-2024.219563736082,-1747.7528275929333,-4058.948923014798,-4772.975799564728,-5056.195013383315,0.9962097283638661,-1465.5275977860472,-1529.809866991458,-2469.21793875975,-56.39400860385896,-30.420062084136127,-154.425515735437,-205.7883580731999,-220.66723959221966,0.9901574803149606,-27.215689650009736,-19.32107929425883,-64.16996494741895
2013-11-18,724,2012-11-19,2013-11-18,252,156,-2038.281341874098,-1770.7798338856246,-4116.648637570769,-4723.705227480731,-5042.9071695424955,0.9962097283638661,-1448.666756517117,-1539.5511440622408,-2404.584616665551,-55.80655752994829,-46.5072391969565,-103.78568498530637,-128.18575526474802,-137.08441651263084,1.0,-49.14058313606142,-46.22346019142753,-71.66606996772369
2013-11-19,725,2012-11-20,2013-11-19,252,156,-1999.3756882251562,-1745.3770664033148,-3959.005413167195,-4662.063828855891,-4957.796733943781,0.9962097283638661,-1457.7403638833744,-1528.6247172091416,-2487.832919895236,-56.08929814237981,-46.59703093611763,-107.45956524351796,-128.59067465308655,-139.4804657638975,1.0,-49.31824381151764,-46.772038022840626,-71.23126777839934
2013-11-20,726,2012-11-21,2013-11-20,252,156,-1996.0722915027538,-1744.1778648016136,-3976.2234395784008,-4651.766210853085,-4945.946459482679,0.9962097283638661,-1468.2336638033426,-1522.4134367754614,-2594.0885679900266,-55.890668784048934,-46.873777108265,-104.5039556456576,-129.42555271432838,-139.11965891223417,1.0,-49.12100382532281,-46.577257472392205,-69.16322156730402
2013-11-21,727,2012-11-23,2013-11-21,252,156,-2001.5912082799518,-1746.0667522824501,-3981.4933219546547,-4635.932670490215,-4915.636246271616,0.9962145110410094,-1456.068738120301,-1532.8114188083603,-2506.6822471734504,-55.697993363295225,-46.37077194913111,-104.84767352099406,-126.73021876362311,-137.73044134855593,1.0,-49.02844656627172,-46.236657098299005,-70.14363300608778
2013-11-22,728,2012-11-26,2013-11-22,252,156,-1998.7870988042546,-1732.4581192716123,-3955.4889174836385,-4652.457630499517,-4962.5896340809895,0.9962121212121212,-1457.9070153494215,-1541.8029487225974,-2476.729702288518,-54.165213942179335,-30.050927906760997,-142.30203289863456,-193.69816802554246,-208.81347957328688,0.992,-25.958400087219545,-18.68728776783101,-57.3202867499258
2013-11-25,729,2012-11-27,2013-11-25,252,156,-1981.8277422975946,-1717.9638087345074,-3935.5904452222267,-4656.896647261486,-4944.237456541485,0.9962168978562421,-1440.9663379067617,-1525.4654679951177,-2471.5995746210083,-55.474939455631905,-45.74416408183356,-103.92620470642477,-128.350904427468,-137.5121276087087,1.0,-49.01046920399702,-46.398899458382424,-69.92420634169926
2013-11-26,730,2012-11-28,2013-11-26,252,156,-2006.8920473988212,-1763.6858622255127,-4029.8809035343475,-4687.2812338339045,-5070.616407649155,0.9962121212121212,-1470.6698314768885,-1544.9090786970223,-2507.641619740727,-47.9824263566102,-41.58947828695547,-84.25518491597606,-103.2718861933458,-110.53950388323919,1.0,-45.29402792900099,-43.30325742402292,-61.35219835404331
2013-11-27,731,2012-11-29,2013-11-27,252,156,-2006.0468898997735,-1733.180093527008,-4012.191764298102,-4683.515158216248,-5073.193425698163,0.9962145110410094,-1453.0773457367966,-1539.5570693323675,-2432.7505909484225,-48.64060204879248,-28.256686107362917,-125.46977724524174,-178.51154344677693,-188.78782907528444,0.9896265560165975,-23.13847277896687,-16.647739094401075,-51.84460766900909
2013-11-29,732,2012-11-30,2013-11-29,252,156,-2000.5705974377877,-1735.602213059186,-4029.525174968526,-4694.097568601054,-4996.363227587007,0.9962168978562421,-1408.1802092037565,-1531.1044985471963,-2360.6320177256325,-51.700720832609264,-31.175342111583067,-129.8405046007738,-179.65040090472107,-194.76426854110653,0.9876796714579056,-24.99422212207538,-17.99201848703966,-57.745702523783834
2013-12-02,733,2012-12-03,2013-12-02,252,156,-2018.1052642569398,-1737.88283596685,-4093.306581547645,-4729.006588210129,-5070.865535271599,0.9962168978562421,-1448.8390838167916,-1565.9639009002626,-2435.560290533487,-48.99170678275199,-28.002687602730184,-126.10201659858566,-192.46127388859932,-203.08578478523336,0.9895615866388309,-23.762725394949324,-15.740819090423297,-51.93577533605365
2013-12-03,734,2012-12-04,2013-12-03,252,156,-2025.5599429057118,-1723.4522436635066,-4108.579397954471,-4854.747025901226,-5185.693796533739,0.9962168978562421,-1471.0571937569982,-1562.2562346629752,-2450.1983589722395,-48.11195154685358,-42.244737608818625,-84.47736812534765,-104.25822681690772,-109.74908771501731,1.0,-45.43519730162816,-44.052273116772554,-60.46861643509307
2013-12-04,735,2012-12-05,2013-12-04,252,156,-2015.22271676032,-1725.622441626941,-4104.365552468319,-4802.290547315902,-5125.829726611169,0.9962168978562421,-1452.3274518812982,-1555.6754951034236,-2471.5578496269623,-200.78306040230024,-178.4072717116448,-340.1558994107469,-416.7703906900961,-432.4746480505833,1.0,-179.84716949816115,-170.42156897130255,-262.7733376537012
2013-12-05,736,2012-12-06,2013-12-05,252,156,-2048.868057893588,-1771.450828547997,-4138.727752059744,-4842.38407381544,-5213.696235667539,0.9955808080808081,-1479.7115781564974,-1578.16423433488,-2491.6462863284646,-56.34485679965324,-46.823592065935564,-108.51433273194958,-133.13435007779657,-142.31854115966837,1.0,-49.6435233396733,-47.106484709399055,-71.89355427594475
2013-12-06,737,2012-12-07,2013-12-06,252,156,-2053.226255844198,-1752.0494912844224,-4147.243735898928,-4921.990207512224,-5292.524625779653,0.9968454258675079,-1499.5267516344436,-1564.511391209794,-2492.900704520929,-48.288604315580244,-42.21288396448873,-84.15873251474675,-104.77027653515002,-110.6498618706968,1.0,-45.668806834747734,-44.635253337266356,-61.362457425329644
2013-12-09,738,2012-12-10,2013-12-09,252,156,-2068.1746509759587,-1776.1573461635353,-4179.179589269141,-4963.613799710226,-5305.10976620366,0.9968434343434344,-1508.8901995096205,-1587.8002510076208,-2532.261251877393,-56.937905206572495,-46.69319843466128,-110.8695192501114,-136.9678641001569,-145.46556937366702,1.0,-50.034090804603544,-47.32006951907868,-71.2584323182675
2013-12-10,739,2012-12-11,2013-12-10,252,156,-2088.3967604493428,-1788.504755968387,-4239.852527505382,-5055.477554460997,-5394.695597021493,0.9955808080808081,-1527.5160314059326,-1591.2420874504744,-2502.255394177185,-57.017142693657014,-48.221188991115895,-107.8322719395545,-136.69669704239482,-145.70716439305968,1.0,-50.02686528005948,-47.027739221780685,-73.97513643248806
2013-12-11,740,2012-12-12,2013-12-11,252,156,-2128.681046705617,-1846.086764543807,-4251.029574221572,-5166.568944720906,-5492.634520596248,0.9955808080808081,-1570.5780456696757,-1667.3513074519942,-2614.8284389819437,-61.01957914063292,-29.52049526769077,-174.08506672162653,-255.3221959136207,-263.73271299151065,0.9940239043824701,-30.719524466269515,-18.528957430779744,-67.80340692476308
2013-12-12,741,2012-12-13,2013-12-12,252,156,-2132.301807651906,-1829.5910561284572,-4252.114757041432,-5172.520670622648,-5501.158905494642,0.9955808080808081,-1574.9734509018367,-1675.141191579129,-2621.322635726151,-56.458936223838606,-45.91045204113797,-107.3531303436924,-137.6676562616559,-145.3030875540596,1.0,-49.54445493003662,-46.44607683339218,-72.95090221869009
2013-12-13,742,2012-12-14,2013-12-13,252,156,-2123.2638165889643,-1829.1367132605246,-4237.148386656823,-5083.350571937471,-5430.757763033541,0.9955808080808081,-1556.147606248549,-1661.0081252293303,-2549.3446005963756,-55.89997964038761,-45.73474179723151,-105.35492383789614,-135.36767950382247,-142.99186401224796,1.0,-49.12867184125501,-46.44792216081157,-71.90147603287892
2013-12-16,743,2012-12-17,2013-12-16,252,156,-2127.121732021746,-1827.0037289901038,-4226.934640875227,-5181.110272687445,-5494.808223777824,0.9968434343434344,-1548.0456654086145,-1660.5996918695537,-2565.9721477680487,-56.094342794569684,-47.389529233504774,-106.27359096742606,-136.86770858702488,-143.4221068087551,1.0,-49.24173126785817,-46.12804592107952,-71.23860642520782
2013-12-17,744,2012-12-18,2013-12-17,252,156,-2107.245730465205,-1823.2728374921678,-4220.91793179316,-5044.303453111081,-5410.494072507825,0.9968434343434344,-1518.1763165697262,-1643.8624918404237,-2540.3794314677334,-48.91223339503258,-42.75998563744861,-87.07831565247864,-105.7369693771336,-112.5262995038148,1.0,-45.998940406115906,-44.55212095863366,-61.19622441503711
2013-12-18,745,2012-12-19,2013-12-18,252,156,-2098.3599164218945,-1815.3598255309137,-4201.649510623622,-5047.846097106025,-5400.830778023431,0.9968434343434344,-1523.75465112683,-1641.2242767496534,-2557.3090823808216,-218.8120737312654,-190.24424189899952,-387.50958372879444,-467.3104836978259,-498.11808942018365,1.0,-192.57351066894893,-178.6808128973818,-282.9046933602036
2013-12-19,746,2012-12-20,2013-12-19,252,156,-2095.0809348886455,-1809.2344681200734,-4230.831043290975,-5042.595592035587,-5397.205779047907,0.9968434343434344,-1530.531993465953,-1632.7986947572238,-2589.4115293684017,-56.62190916609873,-46.7694195806138,-106.48801086933247,-137.88004613589155,-144.8529872907909,1.0,-49.501477369902226,-46.758786644282196,-72.64009261007868
2013-12-20,747,2012-12-21,2013-12-20,252,156,-2116.1449542356518,-1796.1380203379076,-4347.905740916856,-5093.8429915861325,-5447.634392330608,0.9974747474747475,-1555.208918760472,-1659.0396839582527,-2651.694438522721,-56.23155261085577,-46.42303655644052,-107.64887648436977,-130.13286511662525,-141.63850760696573,1.0,-49.36195804115021,-46.609764672797155,-72.66776513173485
2013-12-23,748,2012-12-24,2013-12-23,252,156,-2112.1545624691357,-1809.8014943676676,-4284.364654285788,-5102.071325324992,-5439.222218356008,0.9968434343434344,-1536.2437023006787,-1648.1321267013982,-2646.5472288028027,-49.009146988888396,-42.334395562642996,-87.18687304445022,-107.31385176737065,-113.74373422876968,1.0,-46.03853355520034,-43.82050144015162,-60.91852496812851
2013-12-24,749,2012-12-26,2013-12-24,252,156,-2110.250128360373,-1805.4273095156407,-4276.158020730879,-5081.314712713316,-5429.634996199423,0.9968434343434344,-1536.3438494802608,-1653.1076054442528,-2647.129885923365,-212.35911843093106,-188.62407908160452,-358.97696996501253,-437.3129227648574,-461.5797529221159,1.0,-189.04446887961618,-179.44430126125596,-281.29318443329544
2013-12-26,750,2012-12-27,2013-12-26,252,156,-2121.144479381379,-1824.4183094155774,-4227.7353990915935,-5066.405566320013,-5416.162067565014,0.9968454258675079,-1537.8715942291003,-1677.3920848937082,-2639.2079966922784,-56.94531932720281,-46.858338544237014,-108.47628120774118,-134.42191963778933,-146.92531520695653,1.0,-49.79184935095298,-46.8525392430383,-74.33993632284364
2013-12-27,751,2012-12-28,2013-12-27,252,156,-2114.2881041375367,-1827.2820559618028,-4208.0930123376065,-5074.866957345446,-5413.125022632853,0.9968434343434344,-1532.3608802871267,-1675.5733002847926,-2650.274957133526,-49.007758979499116,-42.507986840706096,-86.35900571354325,-106.53218241610378,-113.34611361250165,1.0,-46.0407407670803,-43.63946187190968,-61.16869751804877
2013-12-30,752,2012-12-31,2013-12-30,252,156,-2122.0529162627286,-1823.5021892479283,-4199.41179550343,-5072.651988099983,-5413.3628472779565,0.9974747474747475,-1549.6997781885577,-1683.6581486900382,-2653.009004126219,-57.2295515074914,-46.73100319215695,-107.88438056738956,-134.4208486853566,-145.32593797415262,1.0,-50.16438297830735,-47.517780191805876,-74.5404588133359
2013-12-31,753,2013-01-02,2013-12-31,252,156,-2109.2240354246455,-1805.2019892871017,-4213.092574129905,-5113.550782913506,-5449.721246295954,0.9968414403032217,-1556.7405358716157,-1681.216130096026,-2618.0450825075877,-57.92514370800399,-46.86803554316874,-110.62971952925719,-139.51604893549006,-149.78003948224114,1.0,-50.63109071127272,-47.22626596428865,-75.204613695273
2014-01-02,754,2013-01-03,2014-01-02,252,157,-2095.4615935021384,-1769.6588969146555,-4231.820879339714,-5015.93915381868,-5395.782676799826,0.9962287869264613,-1560.4205338214524,-1660.581302336256,-2584.963299654668,-57.666258137052004,-46.25680975626931,-108.62317311402649,-138.65475794215521,-149.55403821105128,1.0,-50.428682614458445,-47.263926355286856,-74.48653173503703
2014-01-03,755,2013-01-04,2014-01-03,252,157,-2081.3575488625133,-1754.8517218000907,-4235.876894691076,-4942.673093803071,-5338.731204134495,0.9974858579509742,-1520.1321095886349,-1629.5470774365756,-2603.716683955869,-206.12208100587247,-191.23996319954293,-335.6684607592714,-389.99750529283966,-405.0073871015107,1.0,-185.77451326414507,-179.91429585585854,-273.6241913727123
2014-01-06,756,2013-01-07,2014-01-06,252,157,-2061.0244797670716,-1759.854885707243,-4214.4623900104225,-4908.070022313851,-5306.987375378031,0.9974874371859297,-1508.1357900549299,-1589.7032007584967,-2575.9114707420495,-48.68869388516884,-43.11901803308397,-87.5482243539838,-105.07250744228715,-112.08449132004989,1.0,-45.94870008673559,-44.26261372896774,-60.05968918272576
2014-01-07,757,2013-01-08,2014-01-07,252,157,-2032.899250286712,-1754.767225098426,-4062.066636995407,-4828.394967503181,-5138.13435856602,0.996859296482412,-1472.9924592869909,-1590.24289508742,-2548.9727105810443,-57.11450765639928,-45.92906739197969,-109.48519723024695,-142.10084051320607,-148.34176859093776,1.0,-49.927438402367834,-46.73636127799613,-73.45198953850367
2014-01-08,758,2013-01-09,2014-01-08,252,157,-2039.1179745680702,-1733.3619378340027,-4136.6491876711325,-4820.727506824955,-5221.809833608802,0.9968612680477087,-1515.7517486925667,-1611.909059224195,-2617.3799165527457,-48.3813902234116,-42.34534695280174,-86.36800127953092,-106.21921450798446,-112.37226712611337,1.0,-45.668876169418375,-43.84246277789971,-59.88714461463625
2014-01-09,759,2013-01-10,2014-01-09,252,157,-2067.43727861045,-1755.8732948101774,-4234.769341301846,-4908.838073060318,-5304.407104097621,0.996859296482412,-1571.7372790822085,-1638.0468701858597,-2769.7336507485325,-48.435052348147565,-41.86881029071827,-85.9211501944861,-104.77485848737713,-111.33231025689186,1.0,-45.63833369905069,-43.993016906513304,-60.19032811090966
2014-01-10,760,2013-01-11,2014-01-10,252,157,-2061.2839102094736,-1768.7640660611876,-4204.744678863553,-4856.59363086466,-5246.557286821271,0.996859296482412,-1553.0076207983002,-1624.3371037108307,-2745.9470220113462,-56.48529315997413,-46.06378861651789,-105.84602213347823,-139.17165498871816,-146.99750663655058,1.0,-49.549626639868364,-45.955897895969116,-71.19259370128273
2014-01-13,761,2013-01-14,2014-01-13,252,157,-2102.365981521216,-1803.7756411060172,-4341.005956807576,-5001.025729887388,-5325.52480784856,0.9968632371392723,-1582.624637574846,-1676.1217053691114,-2827.4725625477176,-56.082836338953484,-45.80805146749033,-107.0705447106968,-139.37124676044598,-144.93723833534696,1.0,-49.26599616731476,-46.32185181905489,-70.33378947279536
2014-01-14,762,2013-01-15,2014-01-14,252,157,-2106.4605950148393,-1802.4656782442098,-4232.4402128954835,-4992.417061346766,-5315.903442991772,0.9968632371392723,-1577.6774253346052,-1676.6816796917417,-2832.2538562780474,-48.10015457835965,-42.55180408958444,-85.8487731526641,-103.63351222109719,-111.51707682163406,1.0,-45.497875360180146,-43.87947498814995,-59.68288314019774
2014-01-15,763,2013-01-16,2014-01-15,252,157,-2103.999032195948,-1809.9346420300203,-4180.135576447082,-4963.415625865008,-5342.480011532954,0.9968612680477087,-1594.4385565282291,-1662.0876247345604,-2839.951994174152,-57.31818248635691,-46.12452601858478,-110.5250410071103,-144.32285793095375,-151.35248390520223,1.0,-50.2168782928902,-47.67684100591777,-73.76273840834438
2014-01-16,764,2013-01-17,2014-01-16,252,157,-2104.752356156025,-1809.6656770476077,-4160.240734609906,-4973.725618016786,-5289.101878300574,0.9968612680477087,-1588.2299151716281,-1643.14054894398,-2828.780149078909,-47.87052113046802,-42.07083334761553,-84.97647207323311,-105.63811564089039,-110.29616231900445,1.0,-45.27175257586317,-43.52116837341018,-60.659032642595385
2014-01-17,765,2013-01-18,2014-01-17,252,157,-2080.2931889226234,-1799.2839156400796,-4158.227540493614,-4919.699636091747,-5248.892405757206,0.9968573224387178,-1542.7967105050386,-1657.5112904738507,-2617.8713795514404,-57.102627661670915,-46.529109307712474,-110.34931198346658,-142.70231921227307,-150.05725164519004,1.0,-49.97433818505953,-47.08531964278236,-73.0337419599282
2014-01-21,766,2013-01-22,2014-01-21,252,157,-2111.8500952569348,-1850.302425655626,-4313.10960383068,-4959.273313585327,-5279.175116841673,0.996859296482412,-1554.4487973888909,-1667.2675544875156,-2628.14042261804,-56.62405408238273,-46.73595157114995,-109.97984673378572,-141.19978798843925,-148.99754237775258,1.0,-49.67577194200006,-46.903103229745305,-71.56966142442649
2014-01-22,767,2013-01-23,2014-01-22,252,157,-2104.1579480370724,-1820.796267596283,-4294.864492054898,-4973.3420786519755,-5296.693274043429,0.9968632371392723,-1579.4184878914966,-1677.92290852642,-2667.7944944776523,-189.10324029740687,-178.72190458982806,-297.3419892909026,-334.7488242185189,-351.1278316178063,1.0,-173.21125875412685,-165.85427398067048,-250.33633360705926
2014-01-23,768,2013-01-24,2014-01-23,252,157,-2109.789049820992,-1858.0469822562961,-4242.559345195715,-4886.00796913481,-5204.797753914345,0.9968632371392723,-1531.878776300487,-1680.6595638573751,-2559.665610465761,-48.401514491083745,-42.27230837949445,-88.18760965012267,-108.23121438310228,-114.2436202708641,1.0,-45.760589926151226,-45.17229739098067,-60.52388087580608
2014-01-24,769,2013-01-25,2014-01-24,252,157,-2208.6858918860844,-1945.6842472034555,-4423.372395801797,-5078.538551225596,-5430.743540860381,0.9968710888610763,-1570.8163181462246,-1750.1456542150186,-2641.6023383661004,-193.53155646794346,-176.34825303788466,-316.4032126390228,-355.6678014008556,-370.51383831205493,1.0,-176.2365236143095,-170.63273475261286,-259.71181267773187
2014-01-27,770,2013-01-28,2014-01-27,252,157,-2179.7497671605443,-1924.8405923103787,-4334.133019902097,-4987.813591820779,-5327.0108289248665,0.9968710888610763,-1536.714361113407,-1728.2128072375667,-2590.9611685944733,-56.69474697702831,-46.32287408406336,-107.35444420353336,-138.85714259982126,-147.88767727630616,1.0,-49.57502780777481,-46.335403872015064,-73.48980398733103
2014-01-28,771,2013-01-29,2014-01-28,252,157,-2198.223050379607,-1947.4252597768846,-4345.159460593116,-5009.068971991624,-5377.919775865983,0.996875,-1583.8008757194652,-1742.7676812845443,-2717.8147013288512,-184.96010733103515,-172.99493248225588,-287.78847339831907,-330.64769760603076,-339.73945989167436,1.0,-170.8280327226763,-161.45928156132797,-241.32258712077373
2014-01-29,772,2013-01-30,2014-01-29,252,157,-2229.425502088734,-1954.8732411048763,-4406.757435052528,-5103.267109696252,-5464.692745742776,0.996875,-1643.1703327015969,-1798.7120243408883,-2939.5014128832504,-191.89209249501218,-178.65127689355728,-308.81095292920065,-351.7659349259755,-369.30648670895266,1.0,-175.2512742461428,-163.0099329290439,-248.189562771894
2014-01-30,773,2013-01-31,2014-01-30,252,157,-2255.788581264123,-1977.4703951286992,-4560.63923710451,-5203.869231770752,-5604.612505037591,0.9968730456535334,-1684.3363832462992,-1810.155121622387,-2969.9672623352153,-48.139635528542144,-41.407808325959465,-85.65386795560227,-104.08242045434842,-111.50599228573851,1.0,-45.526659859251076,-44.82552306804158,-60.07750579050655
2014-01-31,774,2013-02-01,2014-01-31,252,157,-2240.434847597432,-1974.8599865553933,-4525.677513718116,-5180.6840398919,-5575.489216601224,0.9974968710888611,-1672.7776588802203,-1789.5916615440583,-2924.6611869648236,-56.07721510286479,-46.37859588154627,-106.42684076206082,-137.731414948402,-144.61664608075586,1.0,-49.18261350355173,-46.40271052696011,-72.01801796894844
2014-02-03,775,2013-02-04,2014-02-03,252,157,-2326.233890913026,-2038.2778130978522,-4560.549895208458,-5248.789389723444,-5635.389749981259,0.9975,-1705.2540887381658,-1852.0395989923413,-2911.5649965882567,-55.59540013046092,-45.85386921221957,-104.79553524781677,-137.61085554045272,-144.55695812584406,1.0,-48.66465215845939,-46.07563797390234,-71.91941048051297
2014-02-04,776,2013-02-05,2014-02-04,252,157,-2305.610087170056,-2021.2432398412575,-4556.1422436472,-5249.302306183155,-5630.3758656659975,0.9975,-1697.2255674131966,-1828.500519443954,-2960.967180181807,-61.79572061413417,-37.91207746458988,-153.9902766365225,-201.07758116266024,-222.02753901952096,0.998211091234347,-30.39722581920877,-21.488126783754804,-70.38924374360795
2014-02-05,777,2013-02-06,2014-02-05,252,157,-2345.331334980309,-2009.2457406513063,-4593.002323875282,-5352.796346111936,-5681.593903876588,0.9974984365228268,-1750.1680716862495,-1868.5791040575004,-2937.623252287554,-191.561160807581,-178.82949571714283,-308.6488145849267,-354.4798707031487,-362.98172946978076,1.0,-175.5492458893611,-163.25544513589463,-248.69892639130848
2014-02-06,778,2013-02-07,2014-02-06,252,157,-2357.3511130569736,-2022.6695259096045,-4635.800909510494,-5386.405516236466,-5736.165189720871,0.9975,-1746.4778725360025,-1884.925443549586,-2918.4468497077064,-189.74552957091967,-176.7894486951522,-301.98554444840465,-350.560835028967,-360.4304670738055,1.0,-173.78874376064977,-167.36408869536012,-249.2892421568449
2014-02-07,779,2013-02-08,2014-02-07,252,157,-2368.5188520452903,-2085.3491210759335,-4651.69638230025,-5430.049580858253,-5740.839962398508,0.9974984365228268,-1739.0545059417257,-1878.8409996283517,-2887.5499826848645,-54.94138970360122,-45.72898117602945,-105.02245677245857,-132.33013663150973,-142.02024059413168,1.0,-48.153054221477774,-44.43831215014016,-71.58551424318637
2014-02-10,780,2013-02-11,2014-02-10,252,157,-2344.857861701255,-2056.697135345627,-4577.4333027633165,-5327.7818168405,-5670.7499235648265,0.9974984365228268,-1680.8277027641614,-1856.7882008422441,-2858.7370092324204,-188.95285661920465,-175.237599987563,-301.5341255743283,-351.78625870011984,-365.90670615442735,1.0,-173.32461945055044,-166.61511216797098,-240.09613531196456
2014-02-11,781,2013-02-12,2014-02-11,252,157,-2330.6629541299203,-2042.349769682623,-4509.525647401308,-5227.589232883143,-5599.092019722498,0.9974968710888611,-1703.3606376163414,-1844.9908248778584,-3005.6688471043276,-188.20717397020806,-173.54332372740174,-303.2789599371318,-350.14899556214607,-358.58576196206394,1.0,-173.11202959983586,-161.79182053039145,-240.2603306527102
2014-02-12,782,2013-02-13,2014-02-12,252,157,-2328.853999614989,-2029.6217756711862,-4528.161173349229,-5294.505675097922,-5614.681909689566,0.9974968710888611,-1714.9613734946065,-1862.175941237926,-2977.4066059455527,-185.43933353346424,-170.38281180201875,-298.1127374304401,-357.61727225073315,-361.7474328296502,1.0,-170.7906490813486,-161.19975936173455,-243.6149579079529
2014-02-13,783,2013-02-14,2014-02-13,252,157,-2328.536016749552,-2012.054608106103,-4530.155964139034,-5313.085334312268,-5618.7288158777965,0.9974968710888611,-1733.4724321904937,-1871.927573664187,-2977.0389612966005,-181.15090778633962,-167.07877020702676,-282.01941699166815,-325.1474084470737,-339.6167680065727,1.0,-168.20426497870187,-162.28424662921185,-239.28526518914617
2014-02-14,784,2013-02-15,2014-02-14,252,157,-2306.3981959611037,-1991.636025333721,-4498.33157722989,-5281.728421432021,-5581.331253319542,0.9974953036944271,-1718.0754686426194,-1854.3163861330333,-2944.916317343036,-54.371629428416085,-45.21607084713959,-103.69600272945246,-130.23084393688796,-140.42437308000288,1.0,-47.77132895098968,-45.42330247385962,-69.92531884856689
2014-02-18,785,2013-02-19,2014-02-18,252,157,-2309.424854921803,-2003.6217461621584,-4486.663491976387,-5279.4126057091635,-5568.646474985706,0.9974953036944271,-1740.0414352903679,-1848.0514257247914,-3214.714604418885,-47.31457172634407,-40.25468736520858,-83.17647449576656,-104.1936610010441,-109.63767180836271,1.0,-44.61256457772626,-43.210812059145674,-59.24579507159371
2014-02-19,786,2013-02-20,2014-02-19,252,157,-2307.2220208824406,-2007.0807753273384,-4460.553510233585,-5274.907100008063,-5568.3232717671,0.9974968710888611,-1748.3782814859862,-1855.440569629625,-3061.694394545369,-53.51304127205876,-44.10982517869799,-101.9208122173031,-127.90454667975978,-135.95147880975702,1.0,-47.041414168166924,-43.91114747245436,-70.3241475083203
2014-02-20,787,2013-02-21,2014-02-20,252,157,-2260.4662798948793,-1962.5705512738145,-4319.92394225665,-5137.698932301935,-5414.01749839682,0.9974968710888611,-1695.6383536859453,-1827.2231130467515,-2915.257553425207,-58.85209000336762,-33.39663233682429,-159.0216094461056,-209.46892401526722,-216.65914844648714,0.9982394366197183,-29.18246943857715,-21.552120709157226,-65.53884054247068
2014-02-21,788,2013-02-22,2014-02-21,252,157,-2267.7544547162834,-1971.357899819187,-4352.546044980599,-5118.606141167337,-5423.81921478822,0.9968730456535334,-1701.0563235872478,-1838.1873658035206,-2904.4098182733865,-53.96577113011388,-45.26119866295453,-101.54483705803545,-128.46610645926057,-136.49232158216628,1.0,-47.50349826891549,-44.94467166869038,-68.69204068579737
2014-02-24,789,2013-02-25,2014-02-24,252,157,-2255.48322820709,-1990.017417228025,-4338.850378472938,-5092.510495430931,-5401.2886927775935,0.9968730456535334,-1668.726868704862,-1816.0332475518471,-2850.6162174465453,-188.99032558164157,-172.13328391964356,-305.92236563461415,-350.9217399908771,-366.78854298413995,1.0,-173.8958917733174,-159.15366337643482,-243.15823909671724
2014-02-25,790,2013-02-26,2014-02-25,252,157,-2233.6395039400422,-1915.0457138216088,-4419.39113129909,-5194.30058541191,-5464.946096219677,0.9962406015037594,-1662.4430007776325,-1796.455329040663,-2803.0927321342224,-186.150848263059,-173.92006087109922,-292.2181558318462,-336.6752033448655,-345.21601856473774,1.0,-172.1111344200978,-160.05695100925362,-242.72468003115577
2014-02-26,791,2013-02-27,2014-02-26,252,157,-2236.0855904860946,-1904.4304223001905,-4460.575593920373,-5186.508119183464,-5501.052225928499,0.9968632371392723,-1710.3630552991137,-1807.3728798701966,-2878.511268578321,-54.82519715948345,-45.3209119931125,-105.35202457298215,-133.07721850455215,-141.64937811739995,1.0,-48.20264336148456,-46.00109293103747,-67.17640290021396
2014-02-27,792,2013-02-28,2014-02-27,252,157,-2195.6655237568866,-1912.6167088727075,-4293.8875416743185,-4977.9858579151005,-5319.276855821618,0.9968652037617555,-1572.949187538222,-1748.9471375174771,-2624.028487391756,-47.85160178713942,-40.9744296216772,-85.84216943972594,-103.22585280880752,-110.7620956528617,1.0,-45.12776491600295,-44.359885571957086,-59.647741473905
2014-02-28,793,2013-03-01,2014-02-28,252,157,-2192.6172372935052,-1904.0053057371601,-4305.666485952741,-4991.497934130909,-5341.228420442701,0.9962382445141066,-1559.4095009699379,-1757.2970517768429,-2614.393406226803,-198.93381378573483,-189.66522298201465,-319.0960261916959,-359.2501302277587,-371.503328595177,1.0,-180.91580284649655,-169.31998753622142,-273.2185577297893
2014-03-03,794,2013-03-04,2014-03-03,252,157,-2226.7210557064577,-1883.5059260081505,-4421.938027731803,-5148.563874222537,-5485.449431633916,0.9962335216572504,-1615.7402339952769,-1782.1452780831885,-2733.472252346283,-198.3672945439109,-186.26528058347668,-321.74353906693307,-364.47857772251945,-375.3498227183539,1.0,-180.39508269359337,-166.51288146136994,-271.661552990099
2014-03-04,795,2013-03-05,2014-03-04,252,157,-2257.7295116056207,-1924.504738043291,-4427.00955849704,-5148.485011332654,-5495.715830599276,0.9968612680477087,-1660.232847108147,-1811.8344923647815,-2742.3339312016246,-48.159731679098726,-40.68105773345195,-86.88236721914346,-104.06237953199665,-111.4234625049066,1.0,-45.35906635190725,-44.42134376006415,-59.47199083174049
2014-03-05,796,2013-03-06,2014-03-05,252,157,-2259.5256759896015,-1932.1031285207569,-4466.684815988106,-5180.223763143399,-5527.107624780656,0.9968632371392723,-1646.7869971743007,-1807.7609238188684,-2746.2291977741993,-55.443155027627256,-44.555273025013136,-107.9044366107564,-136.62443391045065,-146.41545963622585,1.0,-48.49626122560839,-45.933146375940765,-71.86092146635902
2014-03-06,797,2013-03-07,2014-03-06,252,157,-2259.1374723260255,-1941.3026596799764,-4445.650950517454,-5183.773766450546,-5523.352857172642,0.9968632371392723,-1647.033292357794,-1811.8348565148808,-2764.088647737961,-201.6859403317416,-185.70228297672898,-326.75818291342694,-373.1509766401847,-387.0752872605302,1.0,-182.51144594421737,-167.6068099843909,-288.90822138432213
2014-03-07,798,2013-03-08,2014-03-07,252,157,-2222.159159781701,-1926.5119560083972,-4352.174524845578,-5031.760510163745,-5377.542925746633,0.9962358845671268,-1576.3206286483417,-1769.497828252875,-2669.1145044612285,-200.22137210198701,-184.75844518827233,-322.3813880228833,-374.09706195482556,-387.16300516819183,1.0,-181.85029291841224,-162.3483603265775,-273.2094568139716
2014-03-10,799,2013-03-11,2014-03-10,252,157,-2243.7109055575347,-1944.7509650400566,-4428.679830731794,-5106.46248735203,-5460.428156741093,0.9962358845671268,-1593.865983869592,-1778.693200081131,-2761.9071856583814,-55.79657486954697,-44.359135130775584,-108.21308708107581,-140.73948359667958,-148.63475654459253,1.0,-48.768849266108774,-46.29685711893589,-69.84399662085207
2014-03-11,800,2013-03-12,2014-03-11,252,157,-2254.3695505294268,-1971.2752014907062,-4447.52776158381,-5195.1283334888085,-5505.0898795483545,0.9962382445141066,-1595.6575302523565,-1778.682646762932,-2742.8547403687853,-54.46143646305049,-43.693066766302216,-105.63378085850626,-136.27891350920873,-143.04213952712325,1.0,-47.85416943265244,-44.7361231648592,-68.68867847653753
2014-03-12,801,2013-03-13,2014-03-12,252,157,-2261.4121440312506,-1966.9764365227427,-4454.528528177013,-5196.754690317425,-5508.04996053894,0.9962335216572504,-1609.7382317629463,-1804.2756209086504,-2724.6075236017086,-55.457035157631694,-43.806678263964685,-107.43091186051906,-139.88458348838392,-148.41254794769665,1.0,-48.39164359085554,-45.2916639776537,-71.54325114736906
2014-03-13,802,2013-03-14,2014-03-13,252,157,-2273.839356743406,-1987.6885417090193,-4434.180907707373,-5200.408792147676,-5508.056059235235,0.9962358845671268,-1608.3694909173828,-1806.126186285476,-2752.912389063752,-199.28841458547146,-187.6292558921699,-328.38309083121936,-377.5433315439502,-387.87772997961406,1.0,-180.9178297069072,-164.363426235215,-275.591197803415
2014-03-14,803,2013-03-15,2014-03-14,252,157,-2279.589277984095,-1986.2980524923478,-4477.432434698444,-5233.180096059492,-5538.487395687918,0.9956085319949812,-1631.4142907211744,-1822.7530932749664,-2756.720767587132,-47.67889035689191,-40.71261811469546,-86.33389213875708,-105.98473347662367,-112.39418640923938,1.0,-44.986871080765404,-43.20177035255571,-58.55897570546389
2014-03-17,804,2013-03-18,2014-03-17,252,157,-2290.8337461537703,-1986.2397442115298,-4475.760579294235,-5203.797891057996,-5518.920664255065,0.9968652037617555,-1669.9052149430129,-1818.2071588816425,-2780.648877117217,-53.63064320688948,-43.444599948139874,-104.33103941162622,-130.6584993375693,-139.022369423285,1.0,-47.13976802705768,-43.93344728640047,-68.35451381577253
2014-03-18,805,2013-03-19,2014-03-18,252,157,-2276.958082212724,-1957.9101150007966,-4448.533724161053,-5194.732321082837,-5536.9879617953075,0.9968632371392723,-1649.5679206625646,-1801.819588468484,-2686.7763372176773,-199.26762873928223,-189.00583266982204,-316.63633045380413,-361.5661324130876,-374.5825452808271,1.0,-181.83621472583795,-167.85226214879478,-269.7100926640648
2014-03-19,806,2013-03-20,2014-03-19,252,157,-2278.5309236989037,-1933.980571343583,-4475.080484193478,-5147.607664376059,-5517.056464359654,0.9968652037617555,-1627.7887669817876,-1791.7447821502876,-2684.0020467196805,-198.41044396407992,-186.52731932426985,-316.5992893978115,-364.0571236419847,-377.4352438558757,1.0,-181.41920449459172,-165.1002629345827,-268.94504482041003
2014-03-20,807,2013-03-21,2014-03-20,252,157,-2269.3360193169847,-1936.4632243694532,-4419.4387737151,-5108.712707541071,-5467.916237431923,0.9968652037617555,-1636.5618872175417,-1797.8304990639185,-2691.17151379218,-199.8389640060269,-185.91525736433044,-328.1853699620484,-372.4228196345701,-387.3581753941439,1.0,-182.11458558699363,-163.2641475695067,-272.18180204985
2014-03-21,808,2013-03-22,2014-03-21,252,157,-2252.269197088705,-1914.9944943867936,-4389.522684740438,-5072.838627692632,-5439.3894054940265,0.9956057752667922,-1637.7564227073162,-1807.1638138239903,-2749.378475510359,-53.440000306494674,-44.05025157202394,-105.7785029417334,-130.92091549657425,-138.36786051438264,1.0,-47.01127026116706,-43.741338374721046,-69.12346136439092
2014-03-24,809,2013-03-25,2014-03-24,252,157,-2252.773673980389,-1918.3455627748147,-4379.408085801837,-5034.6022767161085,-5417.926874951241,0.9956057752667922,-1635.615266474924,-1812.7695812178474,-2790.7809557614414,-53.80272837885742,-43.550132064819266,-105.40520054491219,-134.87411029455544,-140.82451540742954,1.0,-47.30249608446962,-43.23878828330106,-68.3162846935182
2014-03-25,810,2013-03-26,2014-03-25,252,157,-2231.368237712246,-1906.4445005917767,-4338.748055944903,-4990.068773341277,-5368.2714437963095,0.9956085319949812,-1621.004164723632,-1796.6391850894038,-2651.6020001051097,-47.73776254030104,-40.85291932254991,-86.26506579409492,-105.0808212373292,-112.22083422674085,1.0,-44.962038963475464,-43.41552355753613,-60.44935864494532
2014-03-26,811,2013-03-27,2014-03-26,252,157,-2214.889700359692,-1897.5985652186705,-4263.26422568492,-4932.672147792594,-5282.348056580282,0.9956057752667922,-1617.1511684349423,-1785.0815041435599,-2710.141226849241,-47.520663018466635,-40.305339176017796,-85.5811119928084,-104.40967384060671,-111.70347743527101,1.0,-44.77645617353514,-43.7842483230215,-60.13072567291271
2014-03-27,812,2013-03-28,2014-03-27,252,157,-2212.6781991100625,-1925.0620805621256,-4309.6650734662335,-4985.637206051687,-5295.791952779006,0.9956112852664577,-1600.2219416181156,-1787.3506624042564,-2685.0036861705457,-47.53211335310548,-41.04950658649126,-83.78596378124188,-104.12870116216943,-110.91499265425375,1.0,-44.7745324694927,-43.23350143247072,-60.272269081396836
2014-03-28,813,2013-04-01,2014-03-28,252,157,-2196.651996580101,-1918.4178314645594,-4233.228465301009,-4893.344816840543,-5225.283838902613,0.9956112852664577,-1583.0633341087423,-1773.0623120595358,-2601.2829950373807,-54.61235724357122,-43.53655616078733,-108.90430176753794,-132.753709631556,-143.43773669250712,1.0,-47.74740784692203,-44.4891377650962,-69.76128469176848
2014-03-31,814,2013-04-02,2014-03-31,252,157,-2199.115942611314,-1951.2397183041317,-4231.952621451184,-4910.942275168408,-5224.697346135656,0.9956057752667922,-1593.3184024542945,-1774.3233756619147,-2670.7927514705198,-54.25222982411087,-44.12164520859233,-106.27579497839129,-133.6440058622962,-142.25297762532028,1.0,-47.51614759699735,-44.24022154253054,-68.81243861941476
2014-04-01,815,2013-04-03,2014-04-01,252,157,-2203.7256571691714,-1950.6948054773088,-4291.134037059644,-5035.336500021529,-5283.441100146386,0.9956057752667922,-1584.0881647238075,-1767.9726807853783,-2680.911665599625,-47.48677027801136,-40.92909770310458,-85.56576711853653,-103.90217856451108,-110.36691275568842,1.0,-44.73277337254261,-43.29444167665632,-59.288575756197545
2014-04-02,816,2013-04-04,2014-04-02,252,157,-2193.0329989071483,-1937.776001686326,-4206.770913839619,-4862.612815599701,-5204.35632694301,0.9962335216572504,-1587.696346842603,-1768.8728396758424,-2630.873580626241,-54.44540540109771,-43.908964147776715,-106.95533691599476,-134.3727503062038,-144.90058885830493,1.0,-47.62304516892914,-45.10977175534558,-71.41581862556274
2014-04-03,817,2013-04-05,2014-04-03,252,157,-2191.031896658088,-1939.7011655615606,-4187.302828733504,-4841.678765410252,-5176.74133743491,0.9962382445141066,-1587.0368677935164,-1774.266853161289,-2607.6948115136715,-209.05339035053112,-191.57250764273954,-345.75933433928066,-396.44139987902696,-415.1875854191066,1.0,-189.2410045549308,-183.2667119051974,-266.5330297639263
2014-04-04,818,2013-04-08,2014-04-04,252,157,-2212.5060632256277,-1972.1472002342982,-4215.869359777924,-4848.962038376374,-5224.911107913121,0.9956057752667922,-1571.8070306722502,-1768.076543776134,-2691.2934441406474,-53.74378434751029,-43.70080569864213,-102.42885258462665,-129.69393228014906,-138.81081456714216,1.0,-47.324756752562074,-44.5269383679137,-68.3368563693932
2014-04-07,819,2013-04-09,2014-04-07,252,157,-2219.0510378835525,-2043.4690702664711,-4099.816137607265,-4801.519444004712,-5124.085507297229,0.9968652037617555,-1562.2181344019787,-1794.0040060533656,-2647.730002553752,-53.98226641142617,-44.073718975208024,-104.3327765968701,-130.63617897191392,-140.59662093028606,1.0,-47.43150323973361,-44.67025695581839,-69.01371223440995
2014-04-08,820,2013-04-10,2014-04-08,252,157,-2258.843433500669,-2055.1337783572476,-4208.888286010677,-4851.8942982139015,-5216.316536536278,0.9968652037617555,-1611.129139086952,-1828.5723246746836,-2709.907288033541,-47.313441676169184,-40.57706242137989,-85.60026094647064,-104.11177532077606,-109.94873235275277,1.0,-44.71504505316232,-43.36862695459894,-59.767127068196494
2014-04-09,821,2013-04-11,2014-04-09,252,157,-2231.020004238857,-2038.952563122994,-4116.687861455348,-4777.774613670108,-5139.9777586192195,0.9968612680477087,-1584.553883328633,-1820.1297263576662,-2729.6658582446958,-208.19343714682566,-189.79830406897304,-342.42993937859467,-398.1368864909282,-415.28555741857457,1.0,-187.90877704468278,-176.62585487565624,-262.4392659235769
2014-04-10,822,2013-04-12,2014-04-10,252,157,-2296.220043749141,-2112.345137377277,-4281.393491062939,-4983.738662928223,-5312.204027344073,0.9981167608286252,-1613.7241201013258,-1836.701909685162,-2899.6001049518204,-210.0317906813174,-186.11368130534592,-361.14138824093817,-429.8520513364008,-446.17608759955357,1.0,-188.73411634331796,-174.91994533825562,-261.71583877782285
2014-04-11,823,2013-04-15,2014-04-11,252,157,-2327.5501828796805,-2111.340754039404,-4400.095675372545,-5047.189269037427,-5447.351354293974,0.9981167608286252,-1638.5286636506812,-1857.5838355534656,-2922.0802807687646,-53.20120955038585,-43.478283357789735,-103.69568701466771,-125.76318575752477,-135.22620659316976,1.0,-47.14044016986926,-43.91699305718493,-70.11451648585083
2014-04-14,824,2013-04-16,2014-04-14,252,157,-2208.65439362031,-2006.4588093805737,-4105.84185821647,-4850.229551205703,-5112.919271536245,0.9981155778894473,-1527.992845722632,-1757.992069496893,-2650.283813915636,-207.39017751867658,-185.34864117529594,-333.8674257859195,-404.00679709616475,-433.4612987882996,1.0,-186.54166246969737,-178.4549613870445,-267.0504092509055
2014-04-15,825,2013-04-17,2014-04-15,252,157,-2185.9917016149466,-1962.9162479532063,-4134.02829740372,-4868.269112872536,-5163.10147947685,0.9981167608286252,-1521.0310838826636,-1747.75925124852,-2652.994809506828,-208.60371734062417,-181.98132079200218,-350.24640206675167,-431.5639239906791,-455.1520557606783,1.0,-187.11477990115492,-175.80658826451463,-260.9300544592744
2014-04-16,826,2013-04-18,2014-04-16,252,157,-2169.411757815648,-1968.9778013875243,-4058.7873780267782,-4775.882072248612,-5091.469036686316,0.9981167608286252,-1506.447002061754,-1731.3151597282017,-2599.34339467413,-53.75561707804703,-43.65194759882279,-102.53743586834611,-128.92945431903146,-137.17327927438055,1.0,-47.47727039572248,-43.27871373449548,-69.79361485557406
2014-04-17,827,2013-04-19,2014-04-17,252,157,-2139.179402642528,-1973.5473175113784,-3959.888870231426,-4683.669032110686,-4937.431312496728,0.9974905897114178,-1458.3445251861124,-1689.7713858266172,-2577.1072553636945,-47.219918555190496,-40.209118711946275,-86.08580025785048,-101.06316082335815,-108.76683196063341,1.0,-44.66748076380972,-43.34763256598276,-58.555972986523294
2014-04-21,828,2013-04-22,2014-04-21,252,157,-2161.725603399008,-2022.574309309718,-3949.705217811617,-4713.363980135064,-4966.882901847861,0.997489014438167,-1442.030063487053,-1715.134014829409,-2583.3830658421816,-204.16608664037557,-185.62682933910884,-334.9740102372352,-392.69204328641774,-416.97459721378846,1.0,-184.55875486141295,-173.544759101367,-257.7854911101181
2014-04-22,829,2013-04-23,2014-04-22,252,157,-2168.542095072523,-2020.3893944783551,-3991.221186941909,-4691.592402861462,-4988.235261839373,0.997489014438167,-1449.3582802385267,-1711.6699582804927,-2597.1745942202488,-202.8990961051959,-185.0394884102564,-335.3530484217243,-394.11373390476194,-412.4120452405733,1.0,-183.847332325479,-171.94351711792527,-252.28279439957285
2014-04-23,830,2013-04-24,2014-04-23,252,157,-2165.6010045044077,-2010.1947178430044,-4040.658097353678,-4742.81775726102,-5032.688082817431,0.9981167608286252,-1465.906385400955,-1701.6143548351858,-2581.603213007342,-202.36124388982682,-183.2114172734312,-332.4949274149549,-381.8604645234206,-407.47103242486867,1.0,-183.24945910392051,-176.1154992254901,-253.02286546978755
2014-04-24,831,2013-04-25,2014-04-24,252,157,-2189.0179392859545,-2016.9468451438217,-4061.040998397096,-4815.720039403602,-5119.111282294521,0.9981155778894473,-1513.9812226225815,-1727.6206558096262,-2656.7622585311333,-198.58610351942065,-183.13111148799123,-306.9711958132593,-360.21230795272766,-380.1408983995473,1.0,-181.9168972769195,-173.49928232443676,-252.36424979238583
2014-04-25,832,2013-04-26,2014-04-25,252,157,-2184.532625708519,-2031.8501474138445,-4053.6871322883167,-4692.5024369972,-5015.339879284707,0.9981143934632307,-1505.9849283537517,-1705.5499810450042,-2646.892717674369,-197.0083345165893,-181.1700693367485,-307.64571036111255,-369.1166311926715,-393.7459290006984,1.0,-180.86257854653823,-171.90049576881398,-238.575599054814
2014-04-28,833,2013-04-29,2014-04-28,252,157,-2141.091623154236,-2018.5609236882137,-3968.6678342304626,-4578.657635973904,-4885.883359849792,0.996859296482412,-1442.7894734934152,-1626.3052100087032,-2523.258049990111,-53.35741147497464,-43.916629265691746,-103.38167021109611,-126.38787030067117,-134.86899952789634,1.0,-47.18800117901349,-43.2237755163849,-69.23472530653336
2014-04-29,834,2013-04-30,2014-04-29,252,157,-2104.984455696843,-1989.2964665964373,-3848.0558182505515,-4438.765473130988,-4714.881101503059,0.9974858579509742,-1400.3689367494678,-1605.4279195174142,-2464.264143353196,-53.92302659117094,-44.48811967259914,-103.69928387393875,-130.2332682247524,-136.86774797203688,1.0,-47.540454433773775,-43.13969104850958,-70.76534233260423
2014-04-30,835,2013-05-01,2014-04-30,252,157,-2112.446876557025,-1997.2059779972046,-3820.675329037599,-4399.1612718503975,-4710.845682172176,0.996859296482412,-1405.0959146498344,-1608.019898237568,-2491.8350075132394,-201.84789010820293,-187.87294820502456,-325.9716216051434,-377.9879742992172,-405.42265319079945,1.0,-182.24443477899874,-167.0053701069113,-274.0042097824205
2014-05-01,836,2013-05-02,2014-05-01,252,157,-2118.7656504699935,-2003.1493269494981,-3836.6649036881163,-4463.3890709923835,-4732.355634393001,0.9974858579509742,-1416.9880909780281,-1627.5485668892973,-2506.073693798071,-202.3319207151989,-182.5651810683948,-342.8446650030879,-387.82669557374913,-411.3003600451983,1.0,-182.65243966644778,-168.62537478781573,-261.7634848307085
2014-05-02,837,2013-05-03,2014-05-02,252,157,-2092.7592065886774,-2000.5914103013183,-3714.594464990896,-4317.470967547609,-4551.196409006628,0.997489014438167,-1372.6786226923043,-1570.3256861937753,-2460.4970493832334,-208.31233858793786,-188.2316302249538,-347.2835406167875,-413.5689845642103,-439.8349452652931,1.0,-186.4474960256515,-174.63116307274166,-279.40022582428236
2014-05-05,838,2013-05-06,2014-05-05,252,157,-2101.14299866867,-1984.7389173054662,-3792.4505764538826,-4379.823202238781,-4660.506352036822,0.9974874371859297,-1402.080924913878,-1591.045655347324,-2522.6828880803346,-53.54638070335548,-44.537211674150896,-103.08646992241894,-131.3801396231577,-137.30178063106695,1.0,-47.291225517757034,-44.001390736712594,-69.7530426967455
2014-05-06,839,2013-05-07,2014-05-06,252,157,-2113.777425170482,-1997.6932554241698,-3793.463470838351,-4415.659552955699,-4683.926188259256,0.996859296482412,-1406.0478710506525,-1618.142512501028,-2472.4916850859604,-53.380468252232006,-44.3958682764334,-101.22477004071362,-128.33311498526675,-135.74954043036865,1.0,-47.234839214190856,-43.29155231184738,-68.76796119656147
2014-05-07,840,2013-05-08,2014-05-07,252,157,-2101.637337173099,-1983.437165081968,-3778.6752108002247,-4412.626988458682,-4675.923788582701,0.9987421383647799,-1401.0358469672967,-1615.9071859338565,-2486.2275603446715,-53.35761541253826,-44.27620532661827,-100.64021972060077,-125.94479411137412,-135.28226151380798,1.0,-47.36063312028931,-43.51438860300946,-69.32742378779568
2014-05-08,841,2013-05-09,2014-05-08,252,157,-2102.6174145473087,-1975.0189225915205,-3800.8386879747018,-4382.847995425433,-4708.839828811564,0.9987413467589679,-1428.331789640619,-1627.8936373214804,-2468.3644832497866,-46.41360559724026,-40.22922728147695,-80.91018757252978,-98.1603327069381,-104.51072782834788,1.0,-44.27307945102349,-42.5600490774466,-60.15408780941707
2014-05-09,842,2013-05-10,2014-05-09,252,158,-2105.244477247874,-1987.7102032297735,-3812.662217293347,-4417.223883567238,-4714.681009461234,0.99875,-1418.6324812207713,-1628.4461956421155,-2465.09487992493,-53.93442226707479,-44.416300267201066,-102.61132542509297,-126.09744363790716,-135.7884571783017,1.0,-47.78208082969078,-44.710721013626355,-69.9453577502261
2014-05-12,843,2013-05-13,2014-05-12,252,158,-2085.9383292350244,-1981.764219024993,-3753.2734392525317,-4293.975697528192,-4611.802919353095,0.99875,-1383.0185546074176,-1542.405305042532,-2477.2744169121793,-54.084273457215346,-44.62987444187799,-103.2987466169178,-128.1579755995579,-136.24925802005362,1.0,-47.936897015413294,-44.38499442745284,-71.39032840621675
2014-05-13,844,2013-05-14,2014-05-13,252,158,-2095.07349437488,-1987.5133341986843,-3783.9886446687815,-4313.343440845711,-4640.343010596292,0.9987507807620237,-1393.7721760115528,-1600.1148594670049,-2503.128931251065,-195.0642141101523,-180.0551313614207,-315.09473809290716,-360.2299217979659,-381.5915695639155,1.0,-178.377469783467,-169.7428696814842,-246.7267031720205
2014-05-14,845,2013-05-15,2014-05-14,252,158,-2097.005971653824,-1971.8679157506863,-3752.678091682055,-4344.684109194675,-4644.676781449699,0.99875,-1400.8117382070316,-1567.2397417359216,-2488.1616286982153,-54.782154101661,-45.32927416167067,-104.5409605631189,-127.89005985854774,-136.96064715488882,1.0,-48.54357693888679,-45.11927673962437,-71.6272249025993
2014-05-15,846,2013-05-16,2014-05-15,252,158,-2100.203888234451,-1958.2460094605663,-3761.484199176229,-4347.14028334379,-4657.939948965186,0.998125,-1414.4361610354777,-1608.2151025531352,-2518.1547032475833,-47.18648739858209,-40.857885069370056,-85.15172992378443,-101.20475757244401,-108.51111117402954,1.0,-44.7368842153547,-42.83733473833111,-62.07989909761281
2014-05-16,847,2013-05-17,2014-05-16,252,158,-2116.609563159011,-2011.349488612544,-3782.662923561638,-4382.026389379176,-4664.645376897424,0.99812382739212,-1427.1975130127498,-1632.179343267408,-2480.2356466881397,-216.03772469222338,-187.47046499171842,-379.0099520727681,-429.52068161799406,-465.15506631498727,1.0,-190.68505835350427,-171.31802665274455,-275.36624351341567
2014-05-19,848,2013-05-20,2014-05-19,252,158,-2119.613549745882,-2031.2059890495473,-3777.5643172012583,-4405.438979651292,-4643.027354078149,0.99812382739212,-1428.7267382744317,-1638.9047403723891,-2447.395678004208,-47.06209149981989,-41.00755696132909,-83.81090081144895,-101.05041743205275,-107.50845886345697,1.0,-44.68112647023962,-42.1826339779236,-60.60456208366308
2014-05-20,849,2013-05-21,2014-05-20,252,158,-2141.199064064613,-2034.7925560719586,-3836.9445826471388,-4462.293294680069,-4709.642574237884,0.99812382739212,-1452.273928335401,-1655.8861494481694,-2495.172471571512,-47.222435679787075,-41.07702990786321,-84.3879095436007,-101.46516093820776,-108.12912586214979,1.0,-44.85295753451566,-42.741494573468906,-60.50113930810944
2014-05-21,850,2013-05-22,2014-05-21,252,158,-2152.6730744628226,-2034.869543935416,-3850.4364499345093,-4524.878151818247,-4743.202833167297,0.998125,-1464.8844168163403,-1666.9873690928198,-2482.564676125713,-54.44347797994989,-45.08336440752251,-105.30516871518337,-128.99129012449302,-137.13631706702415,1.0,-48.30463116902727,-44.32042915613522,-74.47931562116165
2014-05-22,851,2013-05-23,2014-05-22,252,158,-2138.9568059830654,-2012.2780633225093,-3793.774337997763,-4449.325795894153,-4691.772874058159,0.9981261711430356,-1454.370673892299,-1700.8143514507906,-2457.8651708591915,-55.02200617842531,-45.93502885181793,-106.23168686242792,-129.47084687967356,-138.91129701976774,1.0,-48.64707929295422,-44.79241316477329,-75.19260974056297
2014-05-23,852,2013-05-24,2014-05-23,252,158,-2144.5200551293565,-2050.2580783706144,-3803.1341348944607,-4440.6384369985235,-4693.115206933402,0.998125,-1449.7674556780898,-1683.9980527626508,-2474.538484104696,-55.31002106529572,-45.95757172943259,-107.4737447651289,-132.1953016159302,-141.74177888877276,1.0,-48.78545477199717,-44.75221441702669,-75.76904468902032
2014-05-27,853,2013-05-28,2014-05-27,252,158,-2145.9745680635815,-2046.919288086136,-3803.1096773902495,-4469.720489632431,-4687.176167957275,0.9981261711430356,-1447.8241549659856,-1703.2690346657234,-2474.9442664699827,-48.14949255846114,-41.3802628315875,-86.51344705136212,-104.74828577018485,-110.99876033098153,1.0,-45.54319844544993,-42.70786138865222,-62.17813584674775
2014-05-28,854,2013-05-29,2014-05-28,252,158,-2128.189143064433,-2015.9476018821606,-3794.7533799937123,-4411.920609142483,-4678.169324687462,0.998125,-1438.0860066411617,-1681.5055994399472,-2476.2186151631977,-51.63775881294226,-32.17885842388399,-134.59935130792044,-172.59066686282216,-183.02264665610102,0.9863813229571985,-22.55122886258928,-11.736113606589099,-59.774284147523566
2014-05-29,855,2013-05-30,2014-05-29,252,158,-2147.42270938812,-2027.1608496706956,-3802.1956289309587,-4496.193523374861,-4714.239006649501,0.998125,-1429.6346484752112,-1654.6898529132573,-2490.1795755385374,-47.72753992481568,-41.51786849247199,-84.753620335326,-102.32325033820732,-107.65016379889572,1.0,-45.29647156449846,-43.28113301790586,-61.33514150950573
2014-05-30,856,2013-05-31,2014-05-30,252,158,-2165.341047775375,-2059.337373331219,-3845.317484505749,-4483.43392366537,-4749.350278453767,0.998125,-1460.4384190985404,-1698.8095819943874,-2507.4086559544517,-54.483875475509926,-45.753450542189526,-105.81978068440999,-131.35965538806929,-139.2848019696228,1.0,-48.28033997504598,-44.555597042782665,-73.2131842696805
2014-06-02,857,2013-06-03,2014-06-02,252,158,-2139.5068051605117,-2033.4968368432872,-3793.799365832004,-4478.956475353552,-4694.7806145547975,0.9981261711430356,-1430.0764204342167,-1633.0239914042268,-2493.312484862009,-47.531628915553014,-41.19377444556726,-83.83477348247746,-101.07648427364992,-107.53001512058857,1.0,-45.158946537656774,-42.68186877232028,-61.15473505005601
2014-06-03,858,2013-06-04,2014-06-03,252,158,-2139.996806766375,-2068.3731011124637,-3818.794914839198,-4467.770190943314,-4669.608321827844,0.998125,-1419.7060112387005,-1661.9909475598572,-2489.031704463975,-47.8396698730489,-40.88249315576712,-86.28727661157431,-101.38008906926328,-109.72668371607897,1.0,-45.282125840197,-43.36510330741538,-60.890764584444085
2014-06-04,859,2013-06-05,2014-06-04,252,158,-2148.0857771831315,-2077.8245046382544,-3825.2651191860023,-4445.252765349781,-4708.117658827739,0.998125,-1431.671334954215,-1690.8956441603762,-2452.5491399493244,-209.8500759900059,-181.2785692802668,-370.6902194739213,-429.6191423962012,-459.69765861525366,1.0,-186.6564653036532,-174.11861939284785,-288.9044970486915
2014-06-05,860,2013-06-06,2014-06-05,252,158,-2125.578603141443,-2035.4564454908702,-3855.429847519178,-4388.5097200280825,-4707.318512111995,0.99812382739212,-1414.0906038017965,-1623.5336941129212,-2432.355753768601,-214.87991418318816,-182.21684264105033,-390.8900485000691,-464.5103621673729,-490.8381189097005,1.0,-190.21311706724865,-170.75103760134,-290.58379196641425
2014-06-06,861,2013-06-07,2014-06-06,252,158,-2125.6387359689943,-2036.1858416420337,-3817.3787799310826,-4386.387728436273,-4693.818584939708,0.998125,-1407.8219959848332,-1603.7562171460402,-2463.06502235678,-209.02792994353553,-182.27157980243032,-364.8153924653872,-444.4657286023684,-462.09672958950944,1.0,-186.70986839486574,-173.91839945939682,-274.9097406229696
2014-06-09,862,2013-06-10,2014-06-09,252,158,-2101.09372356735,-2017.3039563085408,-3798.5427907226494,-4398.15333389836,-4689.561762520218,0.99812382739212,-1399.9565853061658,-1583.7080963273852,-2450.542464981268,-47.554208089367144,-41.592268981245816,-85.16602428405614,-102.57712007731362,-108.44005283056073,1.0,-45.116884166030545,-42.96451862671367,-59.98351427299597
2014-06-10,863,2013-06-11,2014-06-10,252,158,-2109.853570967045,-2011.4589040934384,-3805.608289110905,-4400.794989626584,-4705.053602191725,0.99812382739212,-1405.6343546122507,-1598.6547178612086,-2452.350103586433,-211.81288473244638,-185.4263366671978,-363.8933676719494,-447.3168480293879,-467.47987195072494,1.0,-188.92395582946963,-169.12179060792502,-277.868674855305
2014-06-11,864,2013-06-12,2014-06-11,252,158,-2095.688390159604,-2001.3244180098459,-3787.926307841545,-4398.860569109898,-4696.295904107523,0.998125,-1405.8019503322764,-1633.5463095339687,-2451.9168981767034,-55.63176424229413,-45.06058311282414,-109.89383741733157,-135.39880871762202,-145.70246288478864,1.0,-48.8334713123061,-44.62394807911106,-73.28594584915069
2014-06-12,865,2013-06-13,2014-06-12,252,158,-2084.827193802557,-2006.2506147413267,-3769.0845888626445,-4330.642454026554,-4650.242737226081,0.998125,-1397.233800341037,-1604.1540329379302,-2429.600109075,-47.52566974646914,-40.888744532542646,-84.49682405346911,-101.2541708351105,-109.6962098329091,1.0,-44.99230188520564,-42.867603080058366,-59.616431668513556
2014-06-13,866,2013-06-14,2014-06-13,252,158,-2057.31061788096,-1954.865943201924,-3713.7266295686354,-4285.25494100639,-4576.570233483353,0.998125,-1367.6733810907847,-1585.786509014924,-2389.2134345395457,-47.97431490653477,-40.97304680024804,-85.0242041292666,-103.83083089942734,-111.80832314401496,1.0,-45.315000971688654,-43.35400688375432,-61.19674407324757
2014-06-16,867,2013-06-17,2014-06-16,252,158,-2087.5266028983638,-1991.1220423057625,-3741.5899786693903,-4370.279427870134,-4645.295668071637,0.99875,-1400.1071920479378,-1617.6247902738414,-2422.5929390027795,-206.7389401078485,-186.99150664917386,-346.42070000804483,-390.6749534256296,-410.6776539437489,1.0,-186.43808887950033,-174.64300564168946,-264.1213327345768
2014-06-17,868,2013-06-18,2014-06-17,252,158,-2088.744905466777,-1966.109087458722,-3757.254580929807,-4372.707569183969,-4673.882349263304,0.99875,-1403.8122152052283,-1630.332387881003,-2418.0427312282995,-205.39335132553774,-186.05640211001722,-339.8436769696149,-395.02364702060976,-414.62425379847303,1.0,-185.24291349998896,-175.89029651515875,-266.34118827891064
2014-06-18,869,2013-06-19,2014-06-18,252,158,-2083.4249833758854,-1935.815975753426,-3766.7767233319373,-4411.9161546950045,-4665.395708689919,0.9987507807620237,-1403.0465990021119,-1627.6551172290233,-2407.350081493708,-47.532958346433226,-40.88969092890936,-83.68328774901362,-100.88183355718122,-108.93539404423667,1.0,-45.11902298957644,-42.910702641627466,-61.35415333998361
2014-06-19,870,2013-06-20,2014-06-19,252,158,-2072.140107110508,-1938.1842548531163,-3721.108695422109,-4340.460743116984,-4669.1398613289175,0.99875,-1370.5412511557963,-1613.5038476675822,-2403.17672066155,-199.99335671367803,-185.33255533118069,-319.54486707619486,-368.09416079208046,-387.3549054967317,1.0,-181.6698819849247,-176.2243894699397,-253.5567783011163
2014-06-20,871,2013-06-21,2014-06-20,252,158,-2017.5633569851673,-1926.1846443161437,-3579.3789853748,-4112.811083840019,-4428.049591354354,0.9987492182614134,-1303.6899107880688,-1572.0482850982853,-2312.4458520468315,-202.28792453341956,-189.96659465504212,-318.64683476929576,-381.84567930322993,-395.58788676950974,1.0,-183.3309242689798,-173.2968355612049,-264.43928693474317
2014-06-23,872,2013-06-24,2014-06-23,252,158,-2048.5511463977773,-1964.1879354473922,-3634.7481179932092,-4222.834176926123,-4509.565023507119,0.9987476518472135,-1326.0922468186143,-1587.922476490487,-2339.3985119158715,-197.77440261572679,-183.19934171751555,-313.8362741598104,-378.61320231822674,-395.19982860334227,1.0,-179.69652665099466,-173.15087023112085,-258.577364500443
2014-06-24,873,2013-06-25,2014-06-24,252,158,-2007.1300554683792,-1942.8520600617942,-3530.144605392092,-4095.83437160963,-4345.035630137116,0.9981226533166458,-1284.165139964217,-1529.607480340774,-2273.491015506844,-57.44698935829947,-45.15850017973976,-113.60384750503164,-142.9032335302531,-153.89021453800095,1.0,-50.20804196696419,-45.77323091440691,-75.9407201735449
2014-06-25,874,2013-06-26,2014-06-25,252,158,-1993.5358947693062,-1917.3740064454432,-3519.0273948526983,-4035.8006413881885,-4322.706701171879,0.99812382739212,-1266.1540919357699,-1507.1046657743625,-2245.064370054059,-47.738869436329736,-41.315696676827315,-82.43517208085535,-101.17431831917747,-108.6615468785734,1.0,-45.33309382911516,-43.08253449388571,-59.29699001079326
2014-06-26,875,2013-06-27,2014-06-26,252,158,-1982.045714682765,-1907.159338285072,-3476.6261535580843,-3992.819085574559,-4276.747640051285,0.9981226533166458,-1254.116383489739,-1497.7086955443738,-2238.4363191918023,-48.07883520652857,-41.7695226897033,-83.85809794825663,-103.1429388806869,-111.05553809727736,1.0,-45.558217985048884,-43.1834216195886,-60.503250427629546
2014-06-27,876,2013-06-28,2014-06-27,252,158,-1954.2824354209333,-1873.6638096208012,-3416.0525782070704,-3980.2440055626043,-4222.019923307472,0.9981226533166458,-1235.9841144017387,-1444.065103377181,-2227.443035895644,-47.944274725470876,-42.099840956723725,-82.90526656434515,-103.65043727927853,-109.42634331269942,1.0,-45.45223588610126,-43.89260266738581,-59.74230585798068
2014-06-30,877,2013-07-01,2014-06-30,252,158,-1953.374935463326,-1879.795911231907,-3424.1599761902294,-3972.010035528177,-4234.627775368422,0.99812382739212,-1238.7814875232546,-1460.3354395174597,-2219.2464040065356,-47.73255715654075,-41.53543424808375,-81.76182671918369,-103.29717728107869,-109.56204116294188,1.0,-45.28956237687124,-43.68493350946321,-59.01399064348885
2014-07-01,878,2013-07-02,2014-07-01,252,158,-1963.557420200875,-1882.5817476952573,-3466.4563031595285,-3988.5314021718577,-4274.9954014567065,0.99812382739212,-1249.7010125694933,-1462.5281349051597,-2241.4207754904646,-47.765057709518025,-40.983532305864394,-82.41201830803882,-103.48362686296736,-109.49851906904937,1.0,-45.34103214025197,-43.7666329133375,-59.98008070629753
2014-07-02,879,2013-07-03,2014-07-02,252,158,-1962.7208876104023,-1880.7074160585785,-3464.216854206885,-4014.1978003028244,-4276.982073901929,0.99812382739212,-1250.4021181691792,-1479.1206923812333,-2240.4645067409833,-47.85566997703126,-41.081801988254696,-82.56221016119366,-104.61195071381016,-110.71057970587208,1.0,-45.426153261887464,-44.02847548701754,-59.14016789873382
2014-07-03,880,2013-07-05,2014-07-03,252,158,-1973.342307025628,-1904.4097846498428,-3456.8655871364854,-4024.9574261591483,-4278.566512800243,0.998125,-1255.1532435267466,-1476.9684347384386,-2219.4056546582465,-216.9531203316364,-207.27470587176043,-340.37697562682325,-396.67098910064476,-416.72290679330706,1.0,-192.42135288536116,-187.39587398136848,-284.9454697052646
2014-07-07,881,2013-07-08,2014-07-07,252,158,-1947.9217813848775,-1871.6729021472224,-3429.2042647718486,-3929.658763575803,-4239.248832379857,0.99812382739212,-1250.518186001776,-1466.4614259470648,-2267.831187152844,-58.372095604048035,-46.232465630114206,-116.69875531437661,-145.12766433372482,-157.9838950767915,1.0,-50.70111102152949,-46.86986953967614,-77.7632856233515
2014-07-08,882,2013-07-09,2014-07-08,252,158,-1962.1091468650611,-1866.656193158346,-3519.6352514117284,-4015.055132494567,-4335.116095765011,0.99875,-1267.6392758867146,-1461.141115260663,-2265.281322194031,-57.566786640299014,-45.74075975673118,-113.11247795490439,-141.84191321921455,-155.83795707497924,1.0,-50.05846819102218,-45.600451495859055,-75.9604440307323
2014-07-09,883,2013-07-10,2014-07-09,252,158,-1948.5868029638978,-1859.6878827852927,-3474.12426046619,-3941.501891067537,-4257.49054890501,0.9987492182614134,-1253.7656220802412,-1454.1897805172832,-2302.5074866944715,-57.1904399946866,-45.7280925520308,-111.93990248161968,-140.2499886022179,-153.0321730314949,1.0,-49.7831471831638,-45.507374186266105,-74.9536173607416
2014-07-10,884,2013-07-11,2014-07-10,252,158,-1955.2696906544988,-1859.828001830853,-3491.358523387954,-3979.9079973589337,-4302.997120077168,0.9987492182614134,-1281.0906287382143,-1517.7702311254159,-2296.3768637905923,-56.68182127531818,-46.4519321916342,-110.84655097959886,-138.64187334493636,-151.46900993719078,1.0,-49.44653366192275,-45.222947248289806,-74.2210715212379
2014-07-11,885,2013-07-12,2014-07-11,252,158,-1975.9004432007275,-1886.9334885291082,-3509.3784855605813,-3933.315849191953,-4268.139149232926,0.99875,-1280.634562817783,-1502.0753476110604,-2269.077330963913,-57.66496194705154,-46.8339260334089,-111.51292912763701,-142.25802547725692,-153.53852488365754,1.0,-50.1234539232391,-45.380407134421034,-75.89923949091093
2014-07-14,886,2013-07-15,2014-07-14,252,158,-1993.8435476232262,-1922.6429491131207,-3510.7467607726753,-3932.2061189285914,-4275.250529969698,0.99875,-1283.2844031267678,-1507.3321752803126,-2326.6614080924433,-58.88294789947798,-47.23360105149061,-115.66394651571007,-143.7173502020181,-160.07388126466472,1.0,-50.985127543653,-45.76656830026684,-76.97459643251096
2014-07-15,887,2013-07-16,2014-07-15,252,158,-1993.7272997711661,-1918.3829189177725,-3489.1735311126604,-3959.925295173163,-4262.022001321251,0.9974984365228268,-1282.1925062412265,-1498.1090490182737,-2330.325584094374,-58.07286792343741,-46.032264071290115,-113.96411868328484,-145.03170739030654,-158.95963892045538,1.0,-50.398869626612736,-45.62594851371972,-76.60429427632461
2014-07-16,888,2013-07-17,2014-07-16,252,158,-1985.518253104894,-1924.9040867775543,-3481.8841589002186,-3931.1089587289935,-4255.049710874706,0.9974984365228268,-1278.4537744600086,-1492.8898429701862,-2295.0303338408244,-218.73311106894383,-199.8284361215321,-359.22450040712977,-416.1730711690548,-434.69571571317806,1.0,-193.2211407311373,-183.87443275144756,-279.86688014256544
2014-07-17,889,2013-07-18,2014-07-17,252,158,-2007.5661861151927,-1947.026480231791,-3509.0410194274887,-3995.214987743613,-4303.9670119151215,0.9987492182614134,-1282.0402948880871,-1513.358870734237,-2284.1115280786876,-57.69011246732159,-46.086832616312556,-112.06147977367014,-142.9886113793418,-155.93923086990338,1.0,-50.099432120685044,-45.07957573910183,-77.70433165800507
2014-07-18,890,2013-07-19,2014-07-18,252,158,-2054.3439175511803,-1984.0558773241594,-3529.202754240388,-4063.3684558530126,-4342.8140411011045,0.9987492182614134,-1315.995058547999,-1542.8235427095537,-2326.6599037859105,-48.21474061053203,-42.01758805895052,-85.70548338932508,-105.31371687276321,-112.1075265245343,1.0,-45.68610529545616,-44.143667777443156,-63.51497364553208
2014-07-21,891,2013-07-22,2014-07-21,252,158,-2066.198748694858,-1993.054750982509,-3563.5960598429874,-4069.084012898977,-4382.922548966296,0.9987492182614134,-1327.6342498198258,-1536.1953651098856,-2349.4374919340994,-48.468189795558686,-41.808530630750326,-86.23347410945723,-103.99599059276936,-112.7738952646717,1.0,-45.96600179093277,-44.20030186052729,-63.00378606079018
2014-07-22,892,2013-07-23,2014-07-22,252,158,-2067.3607928201864,-1972.1719698239149,-3547.0110324770394,-4159.669713132323,-4384.055619144699,0.99875,-1334.9819914344318,-1532.2961581642567,-2350.0937727883297,-57.7253502535568,-46.00294117786122,-113.81190669113283,-141.85817849238558,-154.97531190566903,1.0,-50.03902084541099,-44.74683288080361,-77.74537732236527
2014-07-23,893,2013-07-24,2014-07-23,252,158,-2091.2963250850407,-1999.9124356000043,-3593.2892170230034,-4196.223296638445,-4466.237219155241,0.9975,-1365.9209592896964,-1601.92025915765,-2452.1109116968005,-57.16326647557017,-45.53278106912225,-111.26181156227055,-144.18088853578476,-153.3410417556129,1.0,-49.65085915063509,-44.293958831610496,-79.34100561797406
2014-07-24,894,2013-07-25,2014-07-24,252,158,-2076.4917807543243,-1986.5150443259952,-3565.2902210289008,-4176.037320648748,-4423.819869491456,0.99812382739212,-1354.0446861138312,-1599.1946950608433,-2428.193084743735,-57.63836336446668,-45.73437213160226,-113.98250740699868,-142.8663680646164,-154.76656848946578,1.0,-49.789429085032324,-44.43671562614662,-79.73639194926162
2014-07-25,895,2013-07-26,2014-07-25,252,158,-2127.2992318576153,-2022.2224812649881,-3656.613823162374,-4269.350367907548,-4557.351279181238,0.9993757802746567,-1408.311893576945,-1643.418065050623,-2443.6082746408433,-222.95405263616314,-205.73083837722407,-368.7608846236226,-420.67249669193416,-443.90606933045774,1.0,-196.23355084654526,-181.86977064651734,-302.69834365395457
2014-07-28,896,2013-07-29,2014-07-28,252,158,-2181.679779687872,-2059.818395409975,-3812.3997755900737,-4381.1170902783215,-4714.106748242231,0.999375,-1463.12383971842,-1707.0491642249171,-2575.871354895144,-57.40986372991247,-44.940338601778826,-112.18367232180621,-141.57354924889273,-153.1428599723991,1.0,-49.68070161948794,-44.612108277036924,-78.25960570770287
2014-07-29,897,2013-07-30,2014-07-29,252,158,-2151.9172483978864,-2029.9289136422724,-3717.3951413197665,-4318.537674133957,-4662.075200390755,0.999375,-1439.0055500046296,-1671.5562572400463,-2511.660094866311,-47.91396180781314,-41.345694081623,-87.97657566435562,-102.86419983765764,-110.20729946376755,1.0,-45.45526743942696,-44.34592869627201,-61.77542903287463
2014-07-30,898,2013-07-31,2014-07-30,252,158,-2160.5225508016656,-2016.7532037747028,-3742.9030800653545,-4376.066167734587,-4662.077116829065,0.999375,-1422.569521574954,-1672.9691838286928,-2436.826117530652,-57.46749357336963,-45.93735255706909,-110.76978874925685,-142.13829634538808,-152.87197017459602,1.0,-49.73518490569653,-44.61836859694576,-78.53556913693801
2014-07-31,899,2013-08-01,2014-07-31,252,158,-2212.31055697866,-2072.3134366495474,-3831.4428524647647,-4475.8466565420895,-4770.554244378874,0.9987507807620237,-1462.9685212183506,-1709.7222139143096,-2490.5373546203377,-214.1367821861731,-201.16898988102324,-343.923058648471,-399.57064157546375,-426.2001893787953,1.0,-190.8383189162115,-180.43180522089597,-281.36585205452747
2014-08-01,900,2013-08-02,2014-08-01,252,158,-2143.736996393827,-2038.46583767162,-3723.788971492086,-4307.8227275483205,-4582.079701241883,0.9987507807620237,-1431.3912945309805,-1634.2012933247108,-2411.7810885076283,-47.49947521784606,-40.92085644160473,-84.83367613801855,-102.844008781018,-110.22971356701363,1.0,-44.951845441977326,-43.209043768375615,-60.657040051992546
2014-08-04,901,2013-08-05,2014-08-04,252,158,-2169.321906957029,-2041.5471058712194,-3781.650611917373,-4427.711567961289,-4668.152114789991,0.9981261711430356,-1439.9068817024636,-1648.3204757907724,-2470.7517307849243,-47.37800517237067,-40.93471163986841,-84.47223114258338,-100.02056292457476,-109.01996287263019,1.0,-44.90231535834083,-43.3693842161333,-61.39066521106921
2014-08-05,902,2013-08-06,2014-08-05,252,158,-2163.1295843400403,-2047.3318698164735,-3755.6832533803704,-4362.288312709291,-4629.749739274212,0.9981261711430356,-1429.5769330912667,-1638.9933226335852,-2537.83170014646,-47.17950937117725,-41.1104133037359,-82.80239758872405,-99.87380072657753,-107.24409404906312,1.0,-44.71632403714119,-42.51232204118202,-59.678642901067946
2014-08-06,903,2013-08-07,2014-08-06,252,158,-2146.6634480658577,-2028.368995267126,-3734.032783737395,-4374.866339763077,-4610.870965819226,0.9993753903810119,-1420.44636484128,-1659.5647416612303,-2520.025772733414,-57.01264638365956,-46.469214592730545,-109.34760913615277,-139.9530030840734,-149.95494820950805,1.0,-49.39271641058134,-44.76870185917468,-76.72241343802555
2014-08-07,904,2013-08-08,2014-08-07,252,158,-2148.0781214243434,-2036.499022219104,-3755.1386931381676,-4409.154554046257,-4645.754996160913,0.9993757802746567,-1428.5217952640805,-1659.2675494652074,-2542.620806197297,-225.09924044960135,-211.17937984869766,-370.99358586024374,-417.32255558507796,-440.87941710353556,1.0,-198.34741181406497,-186.13089466905066,-286.8597844092265
2014-08-08,905,2013-08-09,2014-08-08,252,158,-2164.1802996003444,-2036.6247938887452,-3788.188051629839,-4454.437760629693,-4682.963033229306,0.9987507807620237,-1434.1253366824544,-1670.8372430812124,-2559.288181869902,-56.49479311257553,-46.27502541275897,-110.19742787581882,-137.97142369205707,-147.58278441627428,1.0,-49.005474521879826,-43.498506275708706,-75.81539052279145
2014-08-11,906,2013-08-12,2014-08-11,252,158,-2162.266977669386,-2032.3104262617478,-3757.9587552238527,-4452.505896042078,-4697.464330006411,0.9987507807620237,-1439.5906486403564,-1670.2357588029827,-2577.4927327725204,-47.79774620353638,-41.52755080293586,-85.33230748110434,-104.4983913080264,-110.61810265612048,1.0,-45.09285528981212,-42.70640172077288,-60.65111631869528
2014-08-12,907,2013-08-13,2014-08-12,252,158,-2169.879353618466,-2041.576877546456,-3817.865371719095,-4497.580847710835,-4707.819738371332,0.9987507807620237,-1449.4098772602495,-1675.0340555238868,-2529.769690665799,-57.0523499323713,-46.43228401929029,-110.30529843664458,-141.6238282028434,-150.6747441878736,1.0,-49.36225126381773,-44.40538167528405,-76.68334968480563
2014-08-13,908,2013-08-14,2014-08-13,252,158,-2179.7769204620263,-2036.8851512284025,-3829.287171775348,-4487.635599782859,-4737.1036003089885,0.9987515605493134,-1463.7566255820984,-1678.1251979566387,-2603.6057550613245,-57.18990007978923,-46.464077071413044,-113.40066215240847,-142.31711435811886,-151.79128722885238,1.0,-49.47073374856782,-44.32362514945967,-78.79524566328055
2014-08-14,909,2013-08-15,2014-08-14,252,158,-2173.0120654110547,-2038.2066246028307,-3819.97704220684,-4480.84304616316,-4718.546535737151,0.9987515605493134,-1457.3599755053576,-1648.0157861890586,-2568.900393367498,-219.90526842144385,-202.81126499734145,-364.9227194720017,-411.6608763143677,-434.16904650001646,1.0,-193.92132331861887,-180.40057555747916,-289.37361165500766
2014-08-15,910,2013-08-16,2014-08-15,252,158,-2160.007985186612,-2009.8247369056112,-3795.028044731695,-4496.7167406250865,-4727.100493742934,0.9993761696818465,-1452.6264389217872,-1643.8286354580391,-2572.09672680574,-221.60902414005633,-206.89748529381106,-370.9765348897678,-423.6746025322283,-445.2301202351861,1.0,-195.13079536103209,-178.01998259989344,-300.5276911471806
2014-08-18,911,2013-08-19,2014-08-18,252,158,-2211.5257255010883,-2062.566550096484,-3901.297781427186,-4571.527200606049,-4821.402720702397,0.9993765586034913,-1508.870317803496,-1676.2617013761424,-2718.3667015442484,-221.94692655492977,-207.9839938134018,-366.2989337146751,-417.8349010120646,-439.11562920810525,1.0,-196.17079235218196,-179.22343623609527,-304.01500904276554
2014-08-19,912,2013-08-20,2014-08-19,252,158,-2175.785239864237,-2046.7003984537616,-3798.191931970838,-4476.221135600156,-4681.079116565359,0.9987538940809969,-1458.7685525513098,-1660.4611999149015,-2610.652896816058,-217.18172475783035,-204.80837969851936,-354.16025325118807,-403.8846941357405,-419.6372888197609,1.0,-192.85557228900865,-175.1975445293457,-302.55125793385764
2014-08-20,913,2013-08-21,2014-08-20,252,158,-2180.3909271609887,-2053.271699117709,-3797.7963124230027,-4479.768716708955,-4698.151447055917,0.9981308411214953,-1465.9820324496557,-1670.4296596524528,-2611.9262012655204,-47.24531290707863,-41.19870515416464,-84.17611924933983,-101.6570164753373,-107.85354071856065,1.0,-44.80812263568928,-43.21827571133123,-59.50245924910411
2014-08-21,914,2013-08-22,2014-08-21,252,158,-2179.9548439416226,-2053.4855722949314,-3783.382924727482,-4464.561912828224,-4703.534383739216,0.9987531172069826,-1460.2358565070251,-1700.1762029023048,-2617.473949943331,-47.444215320962705,-41.2375793521551,-84.19899742109544,-101.47263194001161,-108.18490954613893,1.0,-44.99562533574245,-43.865639923021845,-59.39732240292766
2014-08-22,915,2013-08-23,2014-08-22,252,158,-2179.3744939027933,-2038.7577742486947,-3801.298231813129,-4496.363027180781,-4714.672383889456,0.9987531172069826,-1461.2584020387358,-1651.0007884266283,-2632.6325355884487,-210.24660636516202,-200.40206339548084,-339.7662992964203,-384.71269329985137,-401.5670161832846,1.0,-187.50462694903734,-176.60436791902285,-288.23056926365086
2014-08-25,916,2013-08-26,2014-08-25,252,158,-2190.3837492225625,-2061.3803970913846,-3826.7820119929997,-4498.335812483255,-4738.86978702019,0.9975062344139651,-1486.2680246607342,-1697.6032279877527,-2647.1709050197437,-56.94699411982506,-46.41436949200845,-112.0415191985765,-138.26545750880797,-149.2073239921515,1.0,-49.45510524717457,-45.357990665544534,-76.3768670120488
2014-08-26,917,2013-08-27,2014-08-26,252,158,-2189.922529021701,-2058.4281502555577,-3840.962940757723,-4535.9055247292,-4762.127963875145,0.9975077881619938,-1479.460286527375,-1683.5892480757489,-2623.4260111643457,-47.683214798528255,-41.09231329945291,-82.93399242471249,-102.61260128378343,-108.81706871810194,1.0,-45.260300260979314,-43.95586905517288,-60.77156679912618
2014-08-27,918,2013-08-28,2014-08-27,252,158,-2119.4104083699735,-2010.474129033621,-3717.5026334001213,-4391.933603030775,-4601.159941528644,0.9993753903810119,-1465.0883485519041,-1666.327294857012,-2646.801004774058,-47.78523107879514,-41.45692981690178,-84.88069643286472,-101.60346202380788,-108.673991096591,1.0,-45.331493867322735,-44.00576507278083,-60.95036379333649
2014-08-28,919,2013-08-29,2014-08-28,252,158,-2118.65267247904,-1988.0313615523578,-3720.842110195889,-4374.6662062587175,-4608.867807761118,0.9993757802746567,-1464.6006250356404,-1663.6813570772151,-2649.862557650743,-205.50238731529012,-190.49297885298932,-341.26118938115974,-387.73066046245935,-403.77020139622425,1.0,-183.79340615215534,-168.60485167503822,-277.46934919547925
2014-08-29,920,2013-08-30,2014-08-29,252,158,-2099.0347517489517,-1987.3679670541906,-3660.8944002355997,-4313.072769414389,-4548.693567099456,0.9987515605493134,-1441.4504059906621,-1642.4172160365224,-2633.161249030129,-208.19683326028772,-193.99728908241374,-344.7058907593558,-397.4651154104356,-411.5768073639663,1.0,-185.94954488568698,-172.53082698359412,-289.47523169785717
2014-09-02,921,2013-09-03,2014-09-02,252,158,-2087.7617227188107,-1976.4148282636293,-3681.4993970731407,-4300.929544734221,-4555.677766574163,0.9987492182614134,-1415.5463517335093,-1636.4347297657714,-2583.939854265949,-57.13648834134528,-45.962106721464,-113.18540526880822,-140.86704677664127,-149.9791705332915,1.0,-49.72729737644299,-45.29789162526606,-75.22555166868806
2014-09-03,922,2013-09-04,2014-09-03,252,158,-2087.2811242616594,-1977.3959312215866,-3693.5776786738274,-4305.229393022435,-4542.767064249134,0.999375,-1413.4592553275331,-1631.2296405323746,-2492.759162861977,-47.666318893015934,-41.345650314287056,-85.01949137519404,-102.2042561741188,-108.8903515057486,1.0,-45.2534896351898,-43.92973467486628,-60.96628857498897
2014-09-04,923,2013-09-05,2014-09-04,252,158,-2070.90361375129,-1954.9401555191262,-3649.219587280214,-4266.305128894852,-4527.382771902488,0.9993742177722152,-1401.146558776931,-1616.688221686139,-2479.290129315308,-47.32412283094338,-41.18416484249945,-84.3011153541435,-100.49596114605096,-107.52659244562209,1.0,-45.05044657762554,-44.036600671828346,-60.627259823461735
2014-09-05,924,2013-09-06,2014-09-05,252,158,-2095.784775228476,-1987.1840173774565,-3691.7865794764057,-4352.777391112085,-4580.730030846704,0.9993746091307066,-1427.6381853692908,-1646.8900207989143,-2488.9598336883737,-58.20276427151244,-47.158109571744276,-114.36605065107823,-142.01618268360477,-154.2282284563323,1.0,-50.32075853828825,-46.05908780538806,-77.64128396479708
2014-09-08,925,2013-09-09,2014-09-08,252,158,-2081.07636031344,-1980.323689255341,-3670.1984758806643,-4310.885071235029,-4519.1027000020085,0.999375,-1368.1224245274877,-1615.2324024318,-2405.02769628773,-47.689734139361,-41.3652693556065,-84.06995705116744,-101.30197452993728,-108.93614698871612,1.0,-45.28833612696289,-43.8294785045378,-60.43160722809867
2014-09-09,926,2013-09-10,2014-09-09,252,158,-2076.737600454313,-1971.6453087532304,-3665.838917021788,-4320.274906102274,-4494.6959577705675,0.999375,-1364.631686707191,-1577.6579222321157,-2385.9651878795853,-58.391658944854534,-47.03969209670484,-115.58260968106862,-146.0210505023034,-155.83063407376628,1.0,-50.507222387903354,-46.155172242360706,-78.31071645119933
2014-09-10,927,2013-09-11,2014-09-10,252,158,-2051.997267756323,-1932.84906815102,-3626.077897836262,-4269.354650066239,-4465.552873963257,0.9987507807620237,-1349.787053444977,-1595.851533264166,-2380.87605368233,-58.40996238596187,-47.31148663251667,-116.17862660574886,-146.67114198413725,-156.14561492121666,1.0,-50.498332284112344,-44.72326537021151,-79.00968366247339
2014-09-11,928,2013-09-12,2014-09-11,252,158,-2055.9221638788704,-1944.8900368150696,-3646.761747563674,-4268.223288375343,-4464.563473740044,0.9987507807620237,-1347.7302171975793,-1585.03760570512,-2426.861161998915,-47.439086997163756,-40.7247704509803,-83.65352751322905,-101.9373043208791,-108.41255889110504,1.0,-45.213636780195145,-44.210360413717815,-60.087005526166045
2014-09-12,929,2013-09-13,2014-09-12,252,158,-2036.2648774346426,-1920.6118409689336,-3617.995753205836,-4246.885560884089,-4458.04452207914,0.9987507807620237,-1349.5855950283283,-1581.0171956299564,-2362.9073183731875,-58.09150428140133,-47.42395593953982,-113.81047727057404,-143.7529231782385,-154.74174539303428,1.0,-50.372320507827645,-45.806056170368805,-78.93644298937127
2014-09-15,930,2013-09-16,2014-09-15,252,158,-2032.4732360810067,-1917.5590603152036,-3615.4242969422903,-4241.907358672785,-4439.446609421955,0.99875,-1339.7905072795973,-1548.5132123666394,-2364.37797194456,-47.85218168615829,-41.25714962066582,-84.07644528061554,-105.81910719611567,-110.20825254697682,1.0,-45.46692633759858,-43.513593019620686,-60.29436930800831
2014-09-16,931,2013-09-17,2014-09-16,252,158,-2011.238627513909,-1904.1295566445237,-3568.9569705947333,-4169.42007027616,-4372.342208500981,0.999375,-1329.061495318437,-1515.8948923108028,-2351.4373910942913,-48.117742356986916,-41.63415221147055,-85.93255428594406,-104.86429257282724,-110.64314861383976,1.0,-45.61410698729465,-43.666184840349516,-61.155306691776424
2014-09-17,932,2013-09-18,2014-09-17,252,158,-1995.3399299198873,-1907.6701959612371,-3526.292035938952,-4130.091381278138,-4301.9455372132825,0.9993746091307066,-1301.8036405707483,-1497.489422780678,-2346.890894002078,-48.24698958916571,-41.20345865566334,-86.29472959003064,-103.33694484809698,-110.80238259560774,1.0,-45.690550846242424,-44.039177687925985,-61.91573763203057
2014-09-18,933,2013-09-19,2014-09-18,252,158,-2045.3715614557411,-1941.8103604752941,-3571.3185673113667,-4192.073081981391,-4372.740195834362,0.999375,-1325.1434285549083,-1558.3931154279276,-2359.3900527436585,-47.77808890482579,-41.52796219279702,-83.78980873655725,-103.11976525706265,-108.70711463046446,1.0,-45.32998884514498,-43.852814248123885,-61.178932234089096
2014-09-19,934,2013-09-20,2014-09-19,252,158,-2050.4720598587915,-1955.354146118354,-3580.4520922170755,-4153.815234523678,-4381.932892613015,0.999375,-1331.7494062940532,-1567.413084871603,-2356.966123875883,-47.698529904814734,-41.368361823019846,-83.2458630652982,-102.44834407540074,-108.37734644815271,1.0,-45.218433732187535,-43.355392610420836,-61.871993201512396
2014-09-22,935,2013-09-23,2014-09-22,252,158,-2060.2052042910773,-1945.5786013767458,-3598.673566547025,-4177.418529562261,-4398.695107936263,0.9993753903810119,-1335.082723920502,-1551.479203585502,-2383.186413968416,-222.7275536256639,-201.33655038502678,-376.18806516073374,-431.44866161640437,-459.40610135854274,1.0,-196.0532240235104,-186.60409822698165,-295.0287645493593
2014-09-23,936,2013-09-24,2014-09-23,252,158,-2062.039800458383,-1971.8720652725865,-3596.7254735759325,-4159.742279917359,-4394.5275607212125,0.9993757802746567,-1334.5176320516478,-1570.219781658081,-2347.5312127160873,-57.625625414852216,-47.461572736541825,-113.1086076717433,-140.86177780910094,-152.1933342294122,1.0,-50.02240425734794,-44.78150931668572,-77.18643231427596
2014-09-24,937,2013-09-25,2014-09-24,252,158,-2075.96580519555,-1971.806165934957,-3639.809202956347,-4224.037632491227,-4430.90877178025,0.9993757802746567,-1345.9479529478003,-1575.2824915784176,-2413.0694998182507,-231.04249719069634,-209.82437847375098,-399.9896077550008,-458.0314915374491,-483.6264727039909,1.0,-200.53958111014592,-185.8000980376412,-310.5946804410532
2014-09-25,938,2013-09-26,2014-09-25,252,158,-2109.5748733713162,-2016.4332111948834,-3689.4111788257014,-4305.4271649408265,-4486.661325084388,0.9993757802746567,-1354.9979337781604,-1607.0609885387782,-2410.505725258912,-56.39643750186911,-45.747003838039646,-110.62734133464792,-133.3978448595329,-147.4027377368538,1.0,-49.23998617823232,-44.02895123342787,-76.75711194240652
2014-09-26,939,2013-09-27,2014-09-26,252,158,-2112.653748786186,-2019.6065419313968,-3687.420118177423,-4295.907709915003,-4487.69604786717,0.9993757802746567,-1341.599904047139,-1580.1501058903095,-2414.855848588235,-236.18982778923518,-222.25796602343797,-392.3507494865298,-456.0834127259302,-487.028187394459,1.0,-205.04943521787897,-188.18470586096714,-314.2904089944543
2014-09-29,940,2013-09-30,2014-09-29,252,158,-2110.3909007300217,-2022.5556989263519,-3673.3406598095344,-4289.61066762209,-4481.719556083466,0.9993757802746567,-1341.4911453895952,-1570.449100747596,-2436.2728431569703,-47.03933329689042,-41.034244639435244,-83.5437923318705,-99.11857692252494,-105.97752421232218,1.0,-44.72252224235355,-43.08489497842409,-59.601987299653075
2014-09-30,941,2013-10-01,2014-09-30,252,158,-2109.1706847522023,-2026.8856046640915,-3670.7051783952516,-4263.902481101339,-4472.26502842809,0.9993757802746567,-1339.2432956178245,-1573.3113816799778,-2438.2860037811515,-55.34337355765189,-45.45122815743604,-107.34077265383232,-132.59186011584973,-142.2637467372215,1.0,-48.47117581694537,-44.447157014313746,-74.05156181884162
2014-10-01,942,2013-10-02,2014-10-01,252,158,-2126.647048713841,-1999.8649194623265,-3712.5902728008364,-4314.074517486899,-4551.889186611131,0.9993761696818465,-1360.4830499818863,-1600.426471240814,-2489.533765648626,-55.28421364877,-45.26263377683281,-106.02234976461747,-131.19967589789505,-141.11691746182774,1.0,-48.343172853754666,-44.41386285095385,-74.49797917976535
2014-10-02,943,2013-10-03,2014-10-02,252,158,-2128.216108594355,-2033.130728844249,-3726.09358764151,-4304.865416195525,-4530.610193851833,0.9993761696818465,-1370.52975389571,-1614.636740502291,-2511.892873501845,-228.77176069743538,-216.20015632340503,-381.87985129050503,-438.8948040349276,-451.14287136576587,1.0,-200.0286348808164,-188.46444417216725,-305.74948640527157
2014-10-03,944,2013-10-04,2014-10-03,252,158,-2137.3735315637996,-2017.004783425572,-3760.1334885395963,-4354.648132465327,-4584.337192246884,0.9993765586034913,-1372.3279709025078,-1611.6611698740026,-2426.9193069303506,-54.290713559723486,-44.90192226759042,-105.22846903774465,-127.66154442090634,-139.10840376530322,1.0,-47.549676510292514,-43.92228032213416,-72.34333802897113
2014-10-06,945,2013-10-07,2014-10-06,252,158,-2130.849476567093,-1993.2498162303878,-3768.7725054779617,-4362.983488555978,-4631.323583557462,0.9993765586034913,-1377.9605008915169,-1635.4220476491168,-2392.1290261676936,-54.13522462953622,-45.00684580502772,-103.13746421259873,-127.61984434904991,-136.86226059675033,1.0,-47.53360320463429,-43.483810514264206,-71.03240267689789
2014-10-07,946,2013-10-08,2014-10-07,252,158,-2151.9050370488467,-2017.395684393911,-3804.559692737964,-4360.965818594969,-4684.62863599394,0.9987538940809969,-1396.4528119624074,-1634.829247351753,-2493.150010389457,-47.030225565090056,-40.91177351101928,-81.93044582577964,-98.41264992429932,-104.87109112288053,1.0,-44.75325618589201,-43.033203666140636,-60.30405796918735
2014-10-08,947,2013-10-09,2014-10-08,252,158,-2147.4628690620166,-2014.049338417527,-3811.525060102447,-4354.394014290808,-4665.256934794585,0.9987531172069826,-1395.731256214884,-1639.7355030469448,-2474.4193035682,-46.758721468110416,-41.08349978523267,-81.26069895057248,-98.86364569937362,-104.42939309226655,1.0,-44.573697614855675,-43.10731338373239,-58.83486888692806
2014-10-09,948,2013-10-10,2014-10-09,252,158,-2242.1078836048086,-2095.9382594492927,-3962.42898795695,-4594.112534469217,-4884.632104272374,0.9993769470404984,-1459.8255812419468,-1749.8230038406803,-2634.9492064682977,-47.41274941451175,-41.36833411606618,-82.72096328889818,-100.16520126551146,-106.69730255557282,1.0,-45.05642504765166,-44.14233368449335,-60.13881830036229
2014-10-10,949,2013-10-11,2014-10-10,252,158,-2188.4773690231737,-2025.548126073528,-3905.307754385446,-4543.78633313067,-4840.950491015799,0.9993769470404984,-1444.9388439626498,-1719.2165208512788,-2501.8137490602603,-53.02281845224224,-43.194202349917745,-101.39134799897148,-123.71064570924537,-134.92576589309516,1.0,-46.756990647926294,-43.424862384230735,-70.96824413991368
2014-10-13,950,2013-10-14,2014-10-13,252,158,-2233.25265209963,-2059.2110676818015,-3980.7456966852824,-4641.472612986147,-4962.052243315946,0.9993769470404984,-1480.4529074651257,-1736.9636482858086,-2564.9424624154512,-46.91572391668641,-40.773158132407666,-81.77611100883504,-97.88906725538943,-104.35614306262367,1.0,-44.81252292420037,-44.24704209056526,-59.609393590321176
2014-10-14,951,2013-10-15,2014-10-14,252,158,-2222.4733002399403,-2047.4341117135054,-3917.3071889620564,-4631.84585450332,-4938.704404221399,0.9993765586034913,-1493.1257904525232,-1743.979637539718,-2551.702148063155,-47.09353243182058,-40.68894813387921,-82.36394655789154,-100.31591739040681,-105.04392078582161,1.0,-45.04552445581595,-44.1303766866297,-58.48533622212957
2014-10-15,952,2013-10-16,2014-10-15,252,158,-2177.4558945134027,-2030.527620393684,-3873.3904211179133,-4504.98362185511,-4801.299295092452,0.9987523393636931,-1412.9234606033303,-1661.7768177094053,-2513.306232464878,-233.92822126424537,-212.92536377103698,-406.4089780004507,-476.0490394733122,-497.5664642421428,1.0,-202.5219300006329,-187.78687227062687,-309.3805676171141
2014-10-16,953,2013-10-17,2014-10-16,252,158,-2178.6618615223138,-2035.8956182472862,-3870.5469235778187,-4520.446141226664,-4849.635175509751,0.9987538940809969,-1423.4512460334206,-1694.9452120649426,-2526.2241036254563,-47.290185342656095,-41.20296127319589,-81.87313752142914,-99.016617857115,-105.92113120274489,1.0,-45.19736815767553,-44.2458973253416,-59.41202226391126
2014-10-17,954,2013-10-18,2014-10-17,252,158,-2201.801285762372,-2075.8768383952843,-3898.0088819179205,-4631.1138986924125,-4912.852673733485,0.9993777224642191,-1435.3992808598985,-1715.9945592653285,-2587.0385752742363,-47.34397741117911,-40.375993745600255,-83.33810738383781,-97.9165181038629,-106.41718775144184,1.0,-45.16625847263412,-43.98090691899556,-58.88362631428595
2014-10-20,955,2013-10-21,2014-10-20,252,158,-2203.728144757096,-2085.310331461451,-3875.0818617597097,-4623.139639289319,-4887.321689862579,0.9993765586034913,-1428.9319787991165,-1701.2004400267092,-2561.1572747049695,-228.13961625002085,-211.84522403527552,-377.98935352661283,-449.23556723515446,-475.74765717205656,1.0,-200.58192555671232,-185.06490815217091,-297.24954696939784
2014-10-21,956,2013-10-22,2014-10-21,252,158,-2285.2486243537996,-2135.66899187787,-4014.999325044183,-4801.295960852038,-5055.840073125457,1.0,-1513.3650564875024,-1781.9747467275783,-2778.674232276141,-47.03369777318887,-40.065391184589686,-81.52929355873832,-95.51067284190471,-104.58411349536807,1.0,-45.00102223911422,-44.23441975419074,-59.28212700969621
2014-10-22,957,2013-10-23,2014-10-22,252,158,-2308.312775971449,-2164.6106837471334,-4080.2105090706914,-4849.891139697957,-5084.925161781852,0.9993777224642191,-1516.9685631308316,-1803.2437087050994,-2692.5615805082602,-47.48090936764355,-41.07534783488743,-82.67904396652763,-97.66818659759656,-106.50958480442651,1.0,-45.31418019450081,-44.4520069722892,-59.168730566123216
2014-10-23,958,2013-10-24,2014-10-23,252,158,-2354.4446557069587,-2208.626598504091,-4226.739071242915,-4938.895139796765,-5237.210923398586,0.9993781094527363,-1580.645194135862,-1838.391069686511,-2773.4180707350984,-220.21563804642207,-198.0624902507844,-360.3091672414628,-448.7990245035241,-478.13237645212195,1.0,-194.80227872363145,-174.81237797987876,-284.1567400133096
2014-10-24,959,2013-10-25,2014-10-24,252,158,-2347.2775122881544,-2214.8366489850778,-4168.552105732349,-4943.155094593288,-5213.608822502429,0.9993781094527363,-1554.7648150088296,-1817.7982827390408,-2775.189577497307,-47.19676431204381,-40.7434082307751,-82.15225702445473,-99.95864415277961,-106.07589299493628,1.0,-45.11329509860382,-44.324867901590906,-59.01246964590701
2014-10-27,960,2013-10-28,2014-10-27,252,158,-2327.649616624517,-2190.3474252468686,-4171.1937460851905,-4912.535395678888,-5188.867159420898,0.9993781094527363,-1527.4518176045515,-1791.7758448980323,-2648.4413314425356,-219.33974510745685,-200.39741287339154,-373.73737832818995,-429.58945171360574,-450.5346673726321,1.0,-193.45539458932672,-178.94458537052117,-308.53170731024085
2014-10-28,961,2013-10-29,2014-10-28,252,158,-2346.8872450123276,-2198.6315439138148,-4152.691538535998,-4907.565737190642,-5176.7535158677565,0.9993777224642191,-1551.5242833038876,-1807.6872390897959,-2858.777766963822,-47.545312455759934,-40.735425394082164,-83.12070639631884,-98.69325208988671,-106.1953222484033,1.0,-45.55182255427975,-44.94630200250603,-59.14167615766261
2014-10-29,962,2013-10-30,2014-10-29,252,158,-2328.4800488900387,-2180.8798652734304,-4135.579845291289,-4840.341975469546,-5095.197941529113,0.9993784959602238,-1539.5811189694969,-1784.168641275981,-3016.3217530690395,-226.34053790619282,-198.49754226300308,-390.74025242309295,-475.1146240026516,-508.8458978774876,1.0,-197.2137924549659,-182.66824537860248,-296.0553021391017
2014-10-30,963,2013-10-31,2014-10-30,252,158,-2303.6520610479256,-2165.1009885931558,-4117.128604167303,-4826.344022939152,-5074.816615497625,0.9987569919204475,-1500.3086666969082,-1720.6651632241883,-2752.3530124794347,-221.41146632949932,-201.0157526772104,-375.93531797956166,-424.4264862345931,-454.96958762546024,1.0,-195.47416991631258,-178.99868196849854,-296.0415503647783
2014-10-31,964,2013-11-01,2014-10-31,252,158,-2356.30054800056,-2205.0312463240575,-4187.596356746962,-4903.363206427677,-5193.107116406031,0.9981354878806712,-1545.9353704078828,-1814.9309714239596,-2864.361092313186,-48.00794700032805,-42.10881355291892,-85.02844672515421,-101.70194919445242,-107.57865918886009,1.0,-46.04490253248884,-45.48251958466523,-61.22599489663492
2014-11-03,965,2013-11-04,2014-11-03,252,158,-2349.9735333018075,-2187.004822977191,-4159.248860185414,-4842.033515905938,-5165.789812541434,0.9981343283582089,-1541.2016920572228,-1779.3260931259958,-2826.5829574568206,-56.043413118429356,-33.84398673847417,-141.6457050758327,-179.74736674087012,-187.59315526564768,0.987037037037037,-23.461295591599715,-8.1229446179548,-59.406600628387764
2014-11-04,966,2013-11-05,2014-11-04,252,158,-2310.2653445664073,-2170.4823166662413,-4069.092288295726,-4700.451960345296,-5037.4740422580335,0.9987562189054726,-1499.1001225842679,-1723.2135593209237,-2792.2750095509664,-53.58734629345998,-43.3156617203914,-102.96986809163711,-127.0330809150282,-135.5984034633803,1.0,-47.43317457568505,-44.70236428821779,-72.62755245380527
2014-11-05,967,2013-11-06,2014-11-05,252,158,-2327.2061975681704,-2198.3544066966183,-4072.20812869973,-4829.579475558206,-5064.373040382257,0.9987569919204475,-1507.4254265974,-1765.170672857626,-2724.752798254034,-47.262320501195404,-40.91311329434946,-82.13892705522484,-100.88911460291398,-105.33782983145316,1.0,-45.51527283642935,-43.98536264514875,-59.33309733573145
2014-11-06,968,2013-11-07,2014-11-06,252,158,-2315.375206273433,-2189.452883064535,-4069.295968319367,-4804.9631934796635,-5069.101908361458,0.998755444928438,-1503.2553876902098,-1769.7651443125196,-2820.192329439286,-52.68970487848785,-43.50258972952959,-97.80430534492035,-124.89164517429509,-132.40899069887692,1.0,-46.96955054880759,-45.380047651099005,-69.75547624577986
2014-11-07,969,2013-11-08,2014-11-07,252,158,-2287.454508260046,-2146.6683670726557,-4056.123589922795,-4823.635063152237,-5058.593265707638,0.998755444928438,-1499.2044870501154,-1751.7166003232387,-2963.755057146504,-47.62335281221363,-40.88943558294321,-83.53255502763784,-100.66781167184082,-107.30850106763772,1.0,-45.70289494548069,-45.104972964777275,-59.177900407751466
2014-11-10,970,2013-11-11,2014-11-10,252,158,-2279.8726879472956,-2135.393456562508,-4039.0219574204743,-4760.20042408964,-5051.839515084663,0.998755444928438,-1505.2843709064668,-1736.2194013728713,-2804.941884772885,-52.871849857971476,-43.7725761653321,-99.75808672741796,-125.98475898409559,-134.44258282641817,1.0,-46.895948509780084,-43.80741018381424,-71.23474546127615
2014-11-11,971,2013-11-12,2014-11-11,252,158,-2277.211130988095,-2124.9520409394254,-4016.2905088562975,-4757.737285142494,-5034.619958478114,0.998755444928438,-1504.047340403868,-1731.575834922968,-2778.470500179286,-53.08861075873034,-43.908088970521575,-100.84262631733439,-126.65662008383455,-133.63007371571788,1.0,-47.0453478134935,-43.467471312356594,-72.1310638420626
2014-11-12,972,2013-11-13,2014-11-12,252,158,-2276.5435314036317,-2131.8733288590347,-4021.080789796056,-4734.6134080582715,-5019.460492645944,0.9987562189054726,-1517.7295741035498,-1739.5216215811365,-2719.6445535127978,-57.76799568636441,-36.43097096681939,-150.96812605488842,-197.95936188601294,-203.41680898880398,0.9901185770750988,-23.697724255578883,-7.338226437693442,-58.528098167982556
2014-11-13,973,2013-11-14,2014-11-13,252,158,-2261.0695043336086,-2131.9270782785234,-4003.8731310008634,-4695.146994161512,-4972.008994372384,0.9987562189054726,-1507.1103138397425,-1715.7942639292041,-2787.9090868423327,-47.653101774095596,-41.310711494515616,-84.8360803477342,-100.2611057900718,-107.38285181440388,1.0,-45.62852286257234,-44.87754794811302,-60.14361726341302
2014-11-14,974,2013-11-15,2014-11-14,252,158,-2242.7323552343532,-2097.655874970572,-3962.863721493815,-4712.618325348202,-4962.4804214781125,0.9987546699875467,-1498.7070791101098,-1692.0366320047128,-2755.3703339064004,-220.28858855853724,-199.30979397011106,-372.9478794924431,-423.62987574814304,-459.29439145529716,1.0,-195.47872788963645,-179.67483509889163,-296.54120984413225
2014-11-17,975,2013-11-18,2014-11-17,252,158,-2239.904688165353,-2098.1174196871843,-3970.761868907446,-4715.6232967827555,-4954.4302446024485,0.9987531172069826,-1489.6293959030459,-1694.524765236834,-2735.704614582841,-54.03206009486787,-45.15068359511524,-100.4580750183813,-131.094130023894,-138.77168621971,1.0,-47.68678795130764,-44.77227044485723,-71.54065833160614
2014-11-18,976,2013-11-19,2014-11-18,252,159,-2265.858689123189,-2112.455131087849,-4020.8568210454923,-4780.188155219346,-5042.384714129001,0.9987608426270136,-1510.968281647315,-1717.3068225392806,-2881.732337683853,-53.22141597231486,-44.13979565422633,-99.82440017277612,-126.66772869954482,-135.9881056949658,1.0,-47.17713474254221,-43.968151377170614,-71.13254690187752
2014-11-19,977,2013-11-20,2014-11-19,252,159,-2266.8775043986498,-2127.8969049894936,-4038.455614820077,-4744.598038312548,-5032.484738746616,0.9987608426270136,-1518.420701620422,-1720.890086991848,-2889.2833102574427,-48.13294059605923,-41.82861031227737,-85.7249830143491,-101.49530754184958,-109.64943876912955,1.0,-45.969925847655794,-44.72323345642195,-59.41459067704458
2014-11-20,978,2013-11-21,2014-11-20,252,159,-2267.234557651756,-2122.5854746786063,-4021.100086642338,-4788.780493356727,-5038.730994991704,0.9987608426270136,-1519.2913675046805,-1719.1723892984337,-2883.8194369103653,-52.653713560186134,-43.32527260498176,-97.27843286206992,-125.88508822704193,-134.1442312826684,1.0,-46.81759776656029,-44.1769698969617,-70.73786466253658
2014-11-21,979,2013-11-22,2014-11-21,252,159,-2256.1677448523847,-2106.9239632026906,-4052.9593589034544,-4759.680631567692,-5027.03981407993,0.9987600743955363,-1520.5028619331267,-1734.6374410575625,-2824.128531987408,-223.4968070703786,-205.2601452972268,-381.58003762786115,-452.21798344944386,-470.11499607255354,1.0,-197.40627067727556,-190.26728496880082,-293.0578126210093
2014-11-24,980,2013-11-25,2014-11-24,252,159,-2253.2623660229597,-2119.311163671909,-4019.670777613386,-4798.057628431691,-5019.317052837835,0.9987593052109182,-1506.1294380951792,-1704.4348884356828,-2823.930421250091,-47.929588632529004,-41.65513247286372,-85.0672603005954,-102.48689747101828,-108.55516310165275,1.0,-45.88847630496389,-45.02679152449287,-60.04349414665717
2014-11-25,981,2013-11-26,2014-11-25,252,159,-2258.5194802429023,-2137.7790677337434,-4000.5097112421777,-4766.818644964847,-4998.383606374117,0.9987608426270136,-1526.2379156150987,-1738.1121611252943,-2793.623508293795,-48.05867343034515,-41.83695745877729,-83.77373263090838,-102.51415135729376,-109.57229812157924,1.0,-45.95093398366308,-45.479067009517834,-61.511434279995264
2014-11-26,982,2013-11-27,2014-11-26,252,159,-2258.2203680574844,-2129.6743397480686,-4018.792047383553,-4786.342321604569,-4989.5914750007005,0.9987608426270136,-1517.9871781514125,-1718.6600144169447,-2796.3142302667275,-231.36307549603413,-203.5623943081119,-415.4163714631084,-489.88590427163354,-512.9691813849576,1.0,-201.02729265619195,-186.44157283242518,-297.60979552577345
2014-11-28,983,2013-11-29,2014-11-28,252,159,-2211.802450069005,-2095.5563460363887,-3971.2355903847433,-4691.615967736193,-4935.750286765266,0.9987600743955363,-1473.795491618894,-1656.3633475304289,-2710.878876971324,-52.94202235370458,-44.264230703245694,-100.01776718739526,-121.71890491241317,-134.36758609414528,1.0,-47.090718888683924,-44.51859557031492,-69.91878937756452
2014-12-01,984,2013-12-02,2014-12-01,252,159,-2205.8951837714617,-2063.7308975629944,-3967.414255027186,-4649.376122709313,-4930.571244536969,0.9987600743955363,-1487.6964617451652,-1633.2860495008085,-2809.14427183179,-53.5305007362122,-44.684055046329036,-100.8467584557942,-126.73740289627028,-137.36277645679363,1.0,-47.46120354517922,-44.59543355903622,-70.38807670298348
2014-12-02,985,2013-12-03,2014-12-02,252,159,-2193.5249555437645,-2077.9312466587044,-3949.972447392855,-4617.3703631750805,-4902.297151528234,0.9987593052109182,-1463.3455179502093,-1625.1894804215183,-2705.556821344232,-222.8811696390638,-201.6123515708088,-392.36377843128435,-456.5147785225216,-473.6812019714373,1.0,-195.4455371896089,-180.3022920240856,-297.81318536559843
2014-12-03,986,2013-12-04,2014-12-03,252,159,-2184.9759423607634,-2057.583381137142,-3888.767562756226,-4605.637652865569,-4861.5571910489425,0.9981389578163772,-1452.9390630263467,-1652.7778591823296,-2700.1700484965254,-53.44486154613724,-44.427628869299035,-98.51592135743401,-125.60559121963813,-134.7247339208935,1.0,-47.50250602806429,-44.09326470703068,-70.17377566583195
2014-12-04,987,2013-12-05,2014-12-04,252,159,-2195.781257758179,-2068.7856528804887,-3927.339427963838,-4665.020919152182,-4909.337795831679,0.9981389578163772,-1455.1802353777641,-1651.57980980701,-2704.104142885525,-47.59643677185091,-41.21524704715295,-82.26680898199876,-101.22241974169899,-107.40995749039983,1.0,-45.718519946064596,-45.55800310925305,-58.11705609787466
2014-12-05,988,2013-12-06,2014-12-05,252,159,-2187.8288157775646,-2045.4866058358623,-3906.933735675816,-4675.189644199809,-4889.3095308780685,0.9981389578163772,-1444.2120189740426,-1629.5245890884776,-2642.9300706762388,-53.521418582024964,-44.613012687659484,-98.13845663741,-126.92208284365502,-135.19254976490166,1.0,-47.435885701103416,-44.03849426718912,-70.71560547468259
2014-12-08,989,2013-12-09,2014-12-08,252,159,-2138.163500546,-2015.5180348459417,-3817.7551323475814,-4586.417350461044,-4777.138416478738,0.9981389578163772,-1383.6033088233507,-1572.8584343128339,-2632.4853480966017,-53.61336128098815,-44.248202043167936,-99.58814147637531,-125.5016699027225,-136.34290130332732,1.0,-47.4708686598217,-44.76906074499199,-71.25645975289837
2014-12-09,990,2013-12-10,2014-12-09,252,159,-2143.737363931259,-2023.3024300587292,-3814.043290216448,-4581.169372433023,-4777.198638902551,0.9981401115933044,-1391.7124565892857,-1574.105779791526,-2647.5745966934273,-53.71646752377153,-44.60283670367206,-99.1364157762968,-127.65230969590904,-136.7274747231919,1.0,-47.46943594288734,-45.421916476428926,-69.87249660669185
2014-12-10,991,2013-12-11,2014-12-10,252,159,-2154.867781504334,-2021.6129892944832,-3857.0409686598705,-4582.9694072451775,-4807.719549359293,0.9981378026070763,-1427.0134475506075,-1589.95904185791,-2744.2409502726728,-48.0639296283851,-42.40629146375964,-84.88230269476028,-101.14407602551962,-109.13039380398985,1.0,-46.11403965158454,-45.31439220115188,-60.650940535582244
2014-12-11,992,2013-12-12,2014-12-11,252,159,-2134.1112787044067,-1996.1229214448492,-3861.0614791516477,-4502.387118871434,-4803.736791680505,0.9987577639751553,-1410.953818162023,-1586.0353803079126,-2697.9345889609003,-47.87651261284487,-42.08837334610478,-83.43023845873145,-98.96396256142783,-107.29510282372935,1.0,-46.008782476810495,-45.144955501144,-59.437848904079594
2014-12-12,993,2013-12-13,2014-12-12,252,160,-2191.799110108554,-2047.2483603916774,-3931.759342389389,-4661.262926043286,-4934.8327675992105,0.9981492905613819,-1447.6449568629985,-1621.4301654478393,-2690.395976756754,-52.98282968790493,-44.11648154661519,-98.40643139836749,-121.73442310983205,-133.66892557691747,1.0,-47.11543344321346,-44.236820467352985,-71.4434759234477
2014-12-15,994,2013-12-16,2014-12-15,252,160,-2183.886828895405,-2043.1297067220491,-3919.441872322584,-4601.507436548331,-4896.607679860452,0.9981504315659679,-1423.721480491807,-1596.3252046673238,-2677.183820082841,-53.429401669560384,-44.45385361907179,-98.4961420697383,-124.87799292778617,-134.83049849699063,1.0,-47.47231200395505,-44.784054146981624,-72.37293746439366
2014-12-16,995,2013-12-17,2014-12-16,252,160,-2175.024289458245,-2041.113628944637,-3934.8055050308712,-4632.7539111284395,-4897.185599161397,0.9981504315659679,-1401.2704415428057,-1593.1359082795811,-2588.775762398752,-53.61103911100715,-44.333245105490434,-98.92455762714253,-123.47832756747914,-135.12085097210507,1.0,-47.51680963976736,-45.45327299500619,-69.61058517608643
2014-12-17,996,2013-12-18,2014-12-17,252,160,-2224.009880627293,-2117.7953490570276,-4035.4982809866306,-4712.204796323467,-4974.567274869621,0.9981515711645101,-1432.2045033347397,-1619.7069044310851,-2643.389696567762,-52.35502398990246,-43.91108858500529,-94.92899809701939,-119.33561425955449,-129.33712274550294,1.0,-46.858523693688184,-44.99859718154885,-70.00034324889243
2014-12-18,997,2013-12-19,2014-12-18,252,160,-2243.0529197623387,-2134.2767979211685,-4075.653987711801,-4751.421476889341,-5025.42074682586,0.9981527093596059,-1465.6194446582456,-1647.096630979952,-2683.688892648238,-225.71653967532754,-204.0686261831133,-383.39932319357973,-440.3437361422018,-462.5073186988079,1.0,-200.9836268491477,-189.39612226787608,-304.83540689881664
2014-12-19,998,2013-12-20,2014-12-19,252,160,-2259.4388193285786,-2140.5931676510327,-4074.436786323502,-4757.341009647105,-5046.8657897035755,0.9981515711645101,-1478.0335680046187,-1687.5616349896045,-2736.3936235549177,-226.18197118343858,-204.85756449811137,-383.7194867478016,-435.2852728014472,-461.4619180252777,1.0,-201.8680572482674,-188.21281620034085,-308.1537578695549
2014-12-22,999,2013-12-23,2014-12-22,252,160,-2240.7274833982156,-2134.6658111168917,-4015.7576609752873,-4780.410131378342,-4993.686653581871,0.9981515711645101,-1460.2932259688653,-1666.2005311957266,-2677.722445626317,-224.7766380148135,-210.14785433173518,-370.1882193664093,-424.87779912971115,-449.94538561297213,1.0,-200.20413116958719,-187.35473160002192,-304.00919487258744
2014-12-23,1000,2013-12-24,2014-12-23,252,160,-2234.2508075772134,-2131.845646881459,-3974.5428316229245,-4738.702649329576,-4954.0461392701845,0.9981492905613819,-1450.797762008114,-1663.3110639260658,-2674.448987483335,-47.478784077762015,-41.20282449423506,-81.21783044972496,-98.74729191626696,-105.54700381866773,1.0,-45.636679274190016,-45.9505476402924,-58.35165880282986
2014-12-24,1001,2013-12-26,2014-12-24,252,160,-2225.9014889463892,-2132.5939355734718,-3977.225349348092,-4723.371286199763,-4945.960788330423,0.9981481481481481,-1441.8379006808796,-1648.0504132590838,-2670.1550954013637,-47.525470869433796,-41.345469466348035,-81.473352969355,-96.97239287753366,-104.93209292480519,1.0,-45.73157183574615,-45.96506495091434,-58.231696481895426
2014-12-26,1002,2013-12-27,2014-12-26,252,160,-2224.2799576542548,-2144.373743852948,-3955.1050235135335,-4746.417574058788,-4942.605283170157,0.9981481481481481,-1441.8353382353894,-1661.742639886545,-2679.720912388285,-51.45632927429187,-42.872607123219176,-93.22445165021227,-114.52143657489059,-127.22329853456975,1.0,-46.00989149223899,-45.03837313628206,-67.59010558180628
2014-12-29,1003,2013-12-30,2014-12-29,252,160,-2224.8067535720056,-2141.0956679329865,-3970.5876564222085,-4729.67728948427,-4945.566277113411,0.9981481481481481,-1440.7947852540135,-1649.2539907985806,-2656.858394812799,-51.514888345894576,-42.67960384458334,-93.79326685511269,-117.66272764439853,-127.566972551001,1.0,-45.95005203769301,-44.63024467342736,-67.559284452866
2014-12-30,1004,2013-12-31,2014-12-30,252,160,-2225.8903860746104,-2143.8006812985736,-3943.1589673378476,-4718.206975820488,-4937.330720726992,0.9981492905613819,-1441.410351345916,-1639.8674386069265,-2663.240205154963,-216.07351983077103,-204.57873493848845,-349.71107560874174,-407.632708846923,-417.95136699371676,1.0,-194.10470915254032,-180.38219095833495,-287.93912853578183
2014-12-31,1005,2014-01-02,2014-12-31,252,160,-2246.304658345466,-2166.8775843412564,-4040.855768662578,-4768.546806641067,-5013.538138386455,0.9987654320987654,-1483.5497405664469,-1686.679723559701,-2817.202018947242,-47.72102117280007,-41.11798805017828,-82.68812172166615,-98.01121569708627,-106.52982090706378,1.0,-45.790146755545294,-45.361988435740145,-59.52381307053358
2015-01-02,1006,2014-01-03,2015-01-02,252,160,-2234.488693157534,-2148.403018904948,-4018.812719135826,-4744.833383571397,-4995.783323699407,0.9987654320987654,-1471.8431192562275,-1661.1998824227246,-2736.9205883233612,-213.07331412877625,-202.18541759507679,-340.68115331872474,-390.56883349260005,-407.52037399828777,1.0,-192.4715637290113,-181.11594427780275,-281.7080987071016
2015-01-05,1007,2014-01-06,2015-01-05,252,160,-2293.0940613383336,-2226.7054740885587,-4087.295149386104,-4802.297673523006,-5066.393647396672,0.9987684729064039,-1484.009261739755,-1719.783418290527,-2621.3687767378383,-219.59977282755696,-202.49869826972946,-368.21721771023374,-427.7853461476674,-451.7686111406266,1.0,-195.90405465332412,-178.51284396629856,-287.47033899579816
2015-01-06,1008,2014-01-07,2015-01-06,252,160,-2334.5031086320137,-2220.926917283792,-4193.097660901684,-4935.787787047477,-5196.638107629756,0.9987677141096735,-1541.5117448947328,-1781.9175443417964,-2773.018639300485,-51.56528729499467,-43.29778457583385,-94.53354774357628,-114.58161903920747,-124.47951463391355,1.0,-46.13604345743001,-45.12005178421078,-67.36483724662128
2015-01-07,1009,2014-01-08,2015-01-07,252,160,-2340.526161473036,-2248.2852320565053,-4211.045681424849,-4960.9899214953275,-5232.5425744914755,0.9987654320987654,-1546.9833504626006,-1792.7282876774466,-2740.373565931777,-64.70859423256255,-42.636582173574745,-166.04009323286272,-217.7494463010526,-231.84437812600615,0.9900497512437811,-29.183482845498098,-11.42442799851526,-69.4876767489558
2015-01-08,1010,2014-01-09,2015-01-08,252,160,-2348.542542081004,-2235.8364311145715,-4228.519267032494,-4931.941550902342,-5228.590458578067,0.9987677141096735,-1527.5462298427797,-1768.2058554656023,-2680.919520384844,-51.66796670463478,-43.779132378651795,-94.1765205482858,-112.7965137483896,-125.29933916522097,1.0,-46.224712221348526,-45.40538265272025,-66.97235453368177
2015-01-09,1011,2014-01-10,2015-01-09,252,160,-2347.987237415687,-2224.733876620131,-4193.919403421516,-4902.415266806616,-5186.892637587379,0.998766954377312,-1519.2336640262863,-1778.9484732698938,-2683.9163556693793,-222.51617656114658,-201.10430040091262,-379.31833528145376,-438.00626780459606,-464.95167038485977,1.0,-198.21238769999735,-187.3989701066258,-290.9493716538206
2015-01-12,1012,2014-01-13,2015-01-12,252,160,-2369.370240355632,-2232.764055591123,-4210.619290363055,-4968.181275684458,-5244.555075521503,0.999383096853794,-1555.6839989663408,-1840.5943025691727,-2708.22664250488,-69.94303117710045,-42.82340984847057,-194.47930796653483,-251.80193889751655,-264.5719791621997,0.995260663507109,-32.485008410800404,-17.24842001510326,-78.49332519407234
2015-01-13,1013,2014-01-14,2015-01-13,252,160,-2353.274084117217,-2258.176089615913,-4176.447392235739,-4908.573406293587,-5194.874439837992,0.9993834771886559,-1517.7258007487396,-1782.1003990460995,-2701.5770857479006,-215.46307369535853,-196.12459212359454,-368.686549559046,-418.9225847080308,-441.08409037914896,1.0,-192.67909879504174,-173.89295280673446,-284.29093254258123
2015-01-14,1014,2014-01-15,2015-01-14,252,160,-2371.4733357599466,-2242.8287622907756,-4223.622689488269,-5019.527696775107,-5275.821079755445,0.9993834771886559,-1559.652598243464,-1828.8261834323678,-2816.6958659245615,-213.08412530490074,-195.15604613874393,-357.61436270663046,-414.62530081025574,-428.4412693475174,1.0,-190.75858552518554,-171.26436070241323,-289.45608585738034
2015-01-15,1015,2014-01-16,2015-01-15,252,160,-2374.091245997798,-2237.604427512896,-4286.6551108332405,-5049.180761512814,-5331.289929118748,0.999383096853794,-1579.450631421632,-1825.5654030233559,-2967.1857769455114,-51.03775537445403,-42.77057679084785,-92.83923779527973,-113.14763403138396,-123.70216435822121,1.0,-45.696745138546916,-45.07449594056088,-66.48327741750083
2015-01-16,1016,2014-01-17,2015-01-16,252,160,-2397.109665402984,-2260.221542728762,-4301.612470242075,-5071.993400312507,-5373.962014206374,0.999383096853794,-1579.149911269888,-1842.9572502569367,-3058.231839246204,-50.22435520696726,-42.57107979353255,-92.1878318153286,-109.07289452928808,-121.19683283254116,1.0,-45.214651679040394,-44.164177636065105,-64.27169930120372
2015-01-20,1017,2014-01-21,2015-01-20,252,160,-2419.04465328736,-2237.5586621918396,-4376.873858501164,-5138.16665475339,-5427.0586603597285,0.9987661937075879,-1588.9036460789941,-1833.6290368658056,-3047.640172770905,-47.05294508909741,-40.99176802528926,-81.8493822014867,-97.07579723546172,-103.73473554478406,1.0,-45.21102143450868,-44.98104245173694,-57.3062481586703
2015-01-21,1018,2014-01-22,2015-01-21,252,160,-2421.640862330509,-2185.5294696757055,-4399.488029679379,-5213.280841882413,-5497.562456120071,0.9987661937075879,-1619.9243077684428,-1841.5628739720855,-3019.427498622276,-50.522247251747395,-43.10077242280995,-89.81154444423653,-110.45966917338612,-121.28511438115807,1.0,-45.49974925160568,-45.27617403517404,-64.96762782275476
2015-01-22,1019,2014-01-23,2015-01-22,252,160,-2414.0723197374896,-2245.409357428267,-4447.459716202874,-5143.847722541893,-5498.586447928702,0.9987654320987654,-1613.6331271842605,-1843.4066141042233,-3018.1572253493932,-201.790029690498,-183.61651402226363,-332.6934127404875,-377.0786795840235,-396.1080197425481,1.0,-183.26863263056777,-167.21610139427764,-254.3128489376912
2015-01-23,1020,2014-01-24,2015-01-23,252,160,-2354.3623191095253,-2203.9211794075836,-4312.815277783093,-5040.497410409096,-5374.802109056897,0.9987646695491044,-1570.6962322695767,-1773.6948658487427,-2982.1808716072405,-51.42773727086149,-44.022729229204025,-94.64593183103035,-114.39165091676284,-122.62088625439223,1.0,-46.494279294366834,-45.503086828350625,-66.18686890501617
2015-01-26,1021,2014-01-27,2015-01-26,252,160,-2274.774065719658,-2077.5633768143066,-4239.352464764557,-4922.251681008721,-5254.4112660807905,0.9987631416202845,-1528.193874391192,-1713.7719329278705,-2890.523132707504,-47.62120318804389,-42.2375224276242,-82.48403198884567,-97.91960297556086,-105.36583444076754,1.0,-45.79812559515737,-44.50593079572724,-58.0244318504268
2015-01-27,1022,2014-01-28,2015-01-27,252,160,-2306.2759903970095,-2122.830437508019,-4279.483823036798,-4948.005196561819,-5294.515036418441,0.9987631416202845,-1540.829461100397,-1743.525448566757,-2940.530726957955,-69.673266335538,-34.42710100534196,-191.42661812704713,-236.91545954350923,-261.18961570650976,0.9910714285714286,-31.39644548892022,-14.312519862127651,-71.71284813766164
2015-01-28,1023,2014-01-29,2015-01-28,252,160,-2329.7918200174577,-2171.969622325472,-4275.2301536951945,-4932.6833635692665,-5295.896366056471,0.9987646695491044,-1532.9007285062407,-1763.5425661706681,-2851.151336038069,-50.631660595267604,-43.02323210153419,-92.37433268965286,-109.65174242221988,-120.13548392979548,1.0,-45.94374761225519,-44.634575642101396,-66.19231271218904
2015-01-29,1024,2014-01-30,2015-01-29,252,160,-2317.9698393660146,-2146.534853291243,-4278.875053536063,-4973.900054735841,-5351.342472782675,0.9987646695491044,-1531.2651535652785,-1729.7899021206324,-2814.8959755813257,-47.618583916903255,-41.998426241312984,-81.51424846511092,-96.45831570589112,-105.36682457788257,1.0,-45.718014593734026,-45.463972700879054,-59.25335091087864
2015-01-30,1025,2014-01-31,2015-01-30,252,160,-2295.8978545033583,-2083.8790412167236,-4337.596794578084,-5055.091727902832,-5399.425339344574,0.9987631416202845,-1527.3312123825685,-1734.1003697102283,-2739.2534582989138,-51.00164716717376,-42.92806037296313,-91.26674542815492,-110.47452367892359,-120.75348035947232,1.0,-46.38542240446702,-45.01049840334592,-65.13563031594808
2015-02-02,1026,2014-02-03,2015-02-02,252,160,-2306.4361830208127,-2093.7440221551756,-4364.819480917083,-5047.660427841725,-5441.3784519980745,0.9987623762376238,-1524.2644663319475,-1723.5824259032388,-2692.5539678566156,-47.87856168065619,-42.16556062095245,-81.88425762193944,-96.4868893398479,-105.68473558739709,1.0,-45.97794021258435,-45.516111872581064,-58.609655192183745
2015-02-03,1027,2014-02-04,2015-02-03,252,160,-2239.620059861808,-2061.8783089695225,-4223.208854625283,-4955.165138415387,-5307.01397860558,0.9987631416202845,-1435.3807441519818,-1660.8585812630122,-2438.6277042691013,-47.65640882340758,-42.02019979640551,-81.93750719360457,-94.752018672315,-104.58320391665045,1.0,-45.86584046153153,-45.41757899419449,-58.492439116974396
2015-02-04,1028,2014-02-05,2015-02-04,252,160,-2244.263455136546,-2037.3161505788075,-4281.8302609753055,-4996.818476959989,-5366.779349284841,0.9993804213135068,-1434.7664004504654,-1668.0035605075943,-2450.0203392821213,-47.441346255702484,-41.93079229747854,-81.69649171651479,-96.54323740081294,-103.10178346994603,1.0,-45.716503351619295,-45.5823314512347,-57.45300131348041
2015-02-05,1029,2014-02-06,2015-02-05,252,160,-2260.8515512053123,-2067.390515779501,-4280.764187344801,-5020.550378374139,-5369.664191220875,0.9993804213135068,-1433.382296257216,-1698.4282329273487,-2472.0005356971774,-47.294068752334454,-41.55636271829174,-80.82252971245724,-94.77409831032152,-101.66089926976407,1.0,-45.54566465052382,-45.52688243434391,-57.048569456097624
2015-02-06,1030,2014-02-07,2015-02-06,252,160,-2171.5549355704225,-2012.0519813974327,-4119.646834217372,-4827.276281701253,-5167.119170995999,0.9993804213135068,-1382.4556847645679,-1628.4659124075724,-2505.5182336306266,-60.744656997496534,-32.126790806933606,-173.11741085254138,-235.97711864202373,-242.48632739436616,0.9847619047619047,-26.383746689077963,-10.106657439164948,-68.59005276915677
2015-02-09,1031,2014-02-10,2015-02-09,252,160,-2154.1717108716243,-1985.3925812836167,-4115.076420337353,-4817.770690546305,-5144.59280788834,0.9993808049535604,-1368.456944738553,-1610.5312700036684,-2416.3526654978173,-47.253521279060806,-40.92720648816941,-79.71358956558115,-91.63070855641148,-101.63364911615191,1.0,-45.5275078705982,-44.986180292192245,-57.92732944264815
2015-02-10,1032,2014-02-11,2015-02-10,252,160,-2176.8907454423097,-2015.447573276401,-4194.157404856276,-4881.80685143351,-5243.52662559101,0.9993808049535604,-1411.1543343396647,-1626.2640677224097,-2583.4421074112133,-47.25418562324869,-41.03333597800677,-79.65860562734298,-93.88952693549365,-101.75310827249902,1.0,-45.50206775929623,-45.20210664754609,-58.02979622094824
2015-02-11,1033,2014-02-12,2015-02-11,252,160,-2178.5815523760707,-2032.4481751806536,-4174.450490528759,-4857.203181041197,-5186.831306737027,0.9993804213135068,-1392.9108547381468,-1635.8556823816057,-2524.7093901939593,-47.573514179359265,-41.61364875978008,-80.05921558805834,-94.36217914906713,-103.24553632723394,1.0,-45.71287234506911,-44.94450870706265,-58.00418863639077
2015-02-12,1034,2014-02-13,2015-02-12,252,160,-2168.075368939005,-2009.7436262766932,-4158.369022969147,-4870.539897057015,-5202.934280710313,0.9993804213135068,-1381.2123263211283,-1612.4346264587957,-2545.150851385645,-206.05459894120932,-191.68838117155312,-335.50096649411086,-403.9054924995971,-423.41639916435633,1.0,-185.58693223408073,-175.88383003259088,-273.92415086129955
2015-02-13,1035,2014-02-14,2015-02-13,252,160,-2179.6081105561684,-2043.4309285806771,-4209.472762545395,-4936.312034142043,-5268.421247367947,0.9993804213135068,-1401.6171169380282,-1641.2734149393286,-2434.916109595211,-47.58272134409297,-41.75503001578366,-81.75055719840405,-95.72934034938432,-103.95833135362868,1.0,-45.726338117497576,-45.380788845050986,-58.03593667467994
2015-02-17,1036,2014-02-18,2015-02-17,252,160,-2187.356629170561,-2062.378106118361,-4216.226699959218,-4936.0818765863,-5280.293727043816,0.9993800371977681,-1410.9418660670567,-1653.1443969107581,-2581.435985163826,-58.718827226050216,-31.563028810560432,-166.13332400760325,-214.67942466989393,-233.2409189660517,0.9884393063583815,-26.214353005266286,-10.615548961562562,-66.49985922606854
2015-02-18,1037,2014-02-19,2015-02-18,252,160,-2186.1552042019944,-2050.8944041914083,-4235.304948450634,-4893.865141030511,-5296.431500957549,0.9993808049535604,-1416.541659796648,-1664.6256140621658,-2610.662575013383,-51.48639603099563,-43.40208795620802,-94.69022004226379,-116.01159759482468,-125.91684403078943,1.0,-46.47056056899432,-44.552694121662654,-66.6119392997823
2015-02-19,1038,2014-02-20,2015-02-19,252,160,-2176.4081616330795,-2060.4543529172524,-4200.801642500605,-4885.2535436669505,-5258.589086402959,0.9993808049535604,-1403.4471204539777,-1657.690269338655,-2524.0101543125324,-51.06275014074319,-43.47112796777739,-94.38783134030808,-112.54046157307474,-123.51678610061231,1.0,-46.232004778521194,-44.419682334253,-65.06401121471829
2015-02-20,1039,2014-02-21,2015-02-20,252,160,-2212.579510749697,-2063.5525190968265,-4337.3870496347745,-5003.412922928092,-5387.536910277665,0.9993808049535604,-1444.585709451359,-1680.822465259601,-2830.6136892097206,-50.71709982485202,-43.417121857457516,-91.41526469741207,-112.58343491790907,-122.46073474090201,1.0,-46.02211413541303,-44.24150000506806,-63.7750380282104
2015-02-23,1040,2014-02-24,2015-02-23,252,160,-2222.211035255986,-2078.9911964946227,-4322.450741019645,-5023.5789740654645,-5377.549292579867,0.9993808049535604,-1456.927809124294,-1688.8677041276037,-2737.883176976938,-50.97861680673206,-43.37763988351672,-92.95359701509634,-112.55686863390126,-123.1506011788837,1.0,-46.200513199173976,-45.102930935088395,-65.29372766919293
2015-02-24,1041,2014-02-25,2015-02-24,252,160,-2229.418259066156,-2089.895550652576,-4327.475669904737,-5016.07388151883,-5389.325367141637,0.9993808049535604,-1458.3832017793957,-1692.6999774537308,-2735.4426867800366,-47.47634605098703,-41.683420273936704,-81.52049762493942,-97.70459602220512,-103.81280055139443,1.0,-45.701937867259645,-45.34623648889711,-57.65423440132399
2015-02-25,1042,2014-02-26,2015-02-25,252,160,-2210.0204754647293,-2075.2379114683363,-4222.708730971035,-4997.096026164254,-5287.430676062429,0.9993808049535604,-1444.6635868784317,-1674.964507806933,-2722.0374350521097,-222.4187230671868,-215.0450649292552,-362.8687544644463,-402.5443220571914,-422.9998928992401,1.0,-196.73754312161208,-178.9549497625726,-300.7045897141011
2015-02-26,1043,2014-02-27,2015-02-26,252,160,-2195.8004612981613,-2043.9967842042888,-4213.6557774294515,-4960.217549255887,-5289.146348063912,0.9993811881188119,-1427.7681123007642,-1661.3992197358039,-2638.220504328143,-51.13203765700014,-44.05286981603919,-93.10291561177719,-113.14655752668814,-123.5347689112364,1.0,-46.307513661559895,-44.71991269361018,-65.79482770977248
2015-02-27,1044,2014-02-28,2015-02-27,252,160,-2213.5017909834164,-2048.8392458952867,-4270.990226561752,-5044.053701898823,-5332.8514982135675,0.9993811881188119,-1436.9154028081562,-1675.7383972105451,-2646.6797539215668,-225.51474107486422,-214.99943933862846,-362.68976672853626,-420.7698107934223,-445.9986879129389,1.0,-200.43962423307272,-188.7946483360823,-300.7338092749338
2015-03-02,1045,2014-03-03,2015-03-02,252,160,-2222.741155402195,-2135.3080276911924,-4238.076521508798,-4981.728682469718,-5300.480820352749,0.9993808049535604,-1433.0155191690696,-1702.0105571503677,-2733.7184506175986,-50.54739647055672,-43.69953539452905,-91.55402292062699,-110.03711156259924,-120.9388271069582,1.0,-45.97151440204757,-44.30082380051175,-64.67582535533884
2015-03-03,1046,2014-03-04,2015-03-03,252,160,-2212.298137390384,-2090.208249355019,-4210.894443351064,-4927.274404112679,-5258.79397180565,0.9993811881188119,-1423.5610020490985,-1673.61391873667,-2732.323342904154,-47.37001227069838,-42.04637575283007,-81.18509357362113,-94.83412062388757,-102.37325081472773,1.0,-45.66380199032155,-44.58904340167209,-56.68100223852227
2015-03-04,1047,2014-03-05,2015-03-04,252,160,-2196.266033380352,-2078.9449317592025,-4199.262193608912,-4899.04003246733,-5243.548421013353,0.9993811881188119,-1416.7290705433024,-1663.6777002406425,-2711.3947293646693,-47.30320922196174,-41.994959614300924,-81.398995754167,-95.38711208972225,-102.39456814055794,1.0,-45.67783479988877,-44.605882804394724,-57.32638401565956
2015-03-05,1048,2014-03-06,2015-03-05,252,160,-2195.383118828641,-2063.6282920437507,-4199.5615852694755,-4887.3409253525615,-5240.51421072254,0.9993811881188119,-1426.0606785239593,-1658.8454448362295,-2707.297075802415,-50.664612909915064,-43.23241054156159,-93.986265092435,-111.21566688003277,-122.33093432566834,1.0,-46.09155234204265,-44.404983075641994,-66.22696754855696
2015-03-06,1049,2014-03-07,2015-03-06,252,160,-2174.8013437998047,-2030.0442705692094,-4178.111695034085,-4939.742179255066,-5258.754147007244,0.9993811881188119,-1427.4136625733822,-1642.0923492066286,-2666.0060150073336,-50.70656577174499,-43.232229117312954,-93.57705040856648,-111.64463487416667,-122.75835686933397,1.0,-46.113341031584206,-44.325324071220194,-64.42060364874328
2015-03-09,1050,2014-03-10,2015-03-09,252,160,-2184.33309247017,-2011.6416486371177,-4228.549835051969,-4978.599988060862,-5313.146747257935,0.9993811881188119,-1451.3459066091878,-1621.6395521684253,-2639.942830239219,-47.64146461539673,-42.2750450491395,-81.7636389475165,-97.13618416845385,-103.83919359885442,1.0,-45.903241257707556,-45.7956124786606,-57.47303133789036
2015-03-10,1051,2014-03-11,2015-03-10,252,160,-2237.109881995237,-2057.910781559648,-4353.674662413391,-5075.135485930348,-5428.340892507048,0.9993815708101422,-1480.4950629996245,-1699.1974228738998,-2781.718717554224,-233.00265662917013,-203.75399333810873,-407.1654417421737,-479.22506128322544,-504.73452475084525,1.0,-205.1452874120436,-188.4719738195301,-295.1561287581104
2015-03-11,1052,2014-03-12,2015-03-11,252,160,-2217.562976147493,-2036.9241090427472,-4334.620551444524,-5097.938488930267,-5409.987437600618,0.9993815708101422,-1457.0585718680395,-1662.712329930013,-2716.320104933474,-47.28366023816683,-42.27790849104086,-81.6096965890318,-96.02465785790217,-102.57037601599377,1.0,-45.66071656876595,-45.16481991288437,-57.779785013293385
2015-03-12,1053,2014-03-13,2015-03-12,252,160,-2193.639787641222,-2026.1280787067815,-4210.959896089454,-4979.183896658306,-5288.824909113615,0.9993815708101422,-1436.7239563541414,-1637.1358921195574,-2678.993163246773,-50.74448762643998,-42.331740424742634,-93.75793107269212,-110.15201391246752,-123.91248239234187,1.0,-45.92998522562657,-44.09741421905558,-64.98659725749141
2015-03-13,1054,2014-03-14,2015-03-13,252,160,-2185.299567633509,-2024.0820437344844,-4233.721507052454,-5030.128344213067,-5306.00962395442,0.9993815708101422,-1433.6292880487122,-1621.4850058652498,-2661.4219789473887,-226.63647678545323,-198.3784074478492,-385.25388738454035,-440.2856640393136,-458.6118041673696,1.0,-201.81954919873448,-187.09479463985423,-307.60808460408157
2015-03-16,1055,2014-03-17,2015-03-16,252,160,-2181.582235381027,-2067.819760883597,-4268.700135718729,-4945.680440086189,-5313.148169283193,0.9993811881188119,-1445.318269004941,-1637.3263636756158,-2752.0977786169874,-60.72918544358895,-31.76532865969379,-164.03092605902245,-205.5414973820462,-225.0921365356296,0.9888888888888889,-27.310267880328873,-11.636010175290357,-67.09069144304479
2015-03-17,1056,2014-03-18,2015-03-17,252,160,-2183.520731609408,-2049.0042868683354,-4292.471868251774,-4966.5714710158545,-5356.708326371368,0.9993811881188119,-1461.2448853636738,-1654.6398598483252,-2842.7628698796425,-47.45538067495707,-42.1953657369958,-81.38476802024445,-96.09695201671569,-103.17044591203873,1.0,-45.71650989681229,-44.79989006149562,-58.420638852125805
2015-03-18,1057,2014-03-19,2015-03-18,252,160,-2178.260644429078,-2016.9622116784428,-4322.756710058235,-5012.909754401389,-5385.645655690675,0.9993811881188119,-1470.6716462121422,-1659.3619199440027,-2820.0913730627794,-47.22361087952937,-41.71478722387674,-81.00220337807916,-95.3859103643546,-102.45079820354904,1.0,-45.6188309464686,-44.459142337983906,-58.52465349580587
2015-03-19,1058,2014-03-20,2015-03-19,252,160,-2185.1660536137597,-2046.6798479642775,-4302.068528893178,-4976.084454054407,-5361.037701649542,0.9993808049535604,-1465.1111497943737,-1643.7051214125281,-2720.849888988208,-62.69756631476531,-32.66666984287849,-163.46256346175176,-208.57320350022235,-227.928473435591,0.9887429643527205,-29.18703409097042,-12.80675625929622,-70.06030222866328
2015-03-20,1059,2014-03-21,2015-03-20,252,160,-2171.606225959057,-2030.385064483122,-4230.951431221934,-4941.277846724673,-5312.894314361638,0.9993811881188119,-1433.1017158114441,-1632.7478931401915,-2665.4427656064654,-64.4810541696742,-36.050607957840015,-183.14824884775592,-221.7959471102398,-247.4156149561618,0.9908424908424909,-30.140046240919453,-12.360235294559828,-74.37202993710781
2015-03-23,1060,2014-03-24,2015-03-23,252,160,-2194.1142111688705,-2073.9906769581203,-4299.628276796124,-4978.963506610098,-5355.24678928649,0.9993815708101422,-1448.1219652428124,-1644.8070097444636,-2673.67790864999,-50.59733451390335,-43.55517548161595,-91.68230479406262,-111.53220088264489,-122.10634548246182,1.0,-45.94732595115222,-44.36289481155066,-63.04063626073816
2015-03-24,1061,2014-03-25,2015-03-24,252,160,-2177.474194488531,-2041.4291824404618,-4233.469053455237,-4914.586825547999,-5300.517141124399,0.9993815708101422,-1442.361749413521,-1646.738851317264,-2648.2436350840326,-51.02918855424439,-44.192402743325005,-93.1481064624494,-110.69847763389994,-122.39148043267934,1.0,-46.37989491491984,-44.48433860793528,-64.16963837151387
2015-03-25,1062,2014-03-26,2015-03-25,252,160,-2201.9059560103133,-2075.4877033632333,-4299.417746894331,-5005.351435960981,-5382.258975283295,0.9993815708101422,-1437.3079711812784,-1651.048599076972,-2803.2468156259997,-224.0073706502725,-204.86046624566436,-372.22484857493316,-439.4925059944217,-472.84621835726796,1.0,-197.91526967487763,-186.43451154254382,-310.97199514834176
2015-03-26,1063,2014-03-27,2015-03-26,252,160,-2200.802373573738,-2023.328666766115,-4276.98949509127,-5005.352179427379,-5345.467032100606,0.9987623762376238,-1431.2296048096152,-1667.8553615733126,-2659.9222620441806,-51.423447430450196,-44.59405201719485,-94.24681733033148,-112.96413373478319,-123.13938778569681,1.0,-46.69556282285703,-44.911056894247345,-64.48324695134401
2015-03-27,1064,2014-03-28,2015-03-27,252,160,-2214.745017358918,-2065.7465208510957,-4352.03507735153,-5028.487319793281,-5395.999941002959,0.9993811881188119,-1454.5052539814758,-1662.8854241705808,-2761.81192501064,-47.8228042113793,-42.050595512486794,-83.44196659361475,-97.46284582634345,-104.51250805833908,1.0,-46.047194664675644,-45.95425261806339,-58.013880024099734
2015-03-30,1065,2014-03-31,2015-03-30,252,160,-2215.1730025578245,-2039.5491227279947,-4358.101802836532,-4987.8882706689865,-5388.253855817666,0.9987623762376238,-1465.4004029479242,-1678.5958720430838,-2790.0826286501033,-64.95848976457746,-33.82020827139207,-186.69862228948142,-229.78194220518174,-247.47016921970175,0.9931972789115646,-31.06187015603381,-14.584168772068061,-74.19742354254147
2015-03-31,1066,2014-04-01,2015-03-31,252,160,-2218.820465851353,-2032.3218056368837,-4336.446710451466,-5025.045040608588,-5419.625232307547,0.9987623762376238,-1474.7864552425376,-1690.3662388655157,-2813.5485106945935,-47.96942826987308,-42.66609743934937,-84.12092312405497,-96.95472154829152,-104.59877788143538,1.0,-46.187029650485925,-45.46107243308226,-57.628956739315285
2015-04-01,1067,2014-04-02,2015-04-01,252,160,-2207.580803405265,-2056.0438101663817,-4349.651521752311,-5040.141189116911,-5407.161140967368,0.9987623762376238,-1460.3880856495264,-1682.7431816835929,-2769.126512398049,-47.76146000938228,-42.165945054395785,-83.44526917634386,-95.9588956994268,-103.797193644776,1.0,-46.09070378675906,-46.06771991464235,-57.67935219370626
2015-04-02,1068,2014-04-03,2015-04-02,252,160,-2189.2283617047074,-2035.9718808999742,-4238.144066744121,-4912.033045878312,-5278.421658391053,0.9987623762376238,-1433.426147126688,-1636.645814220994,-2625.9217838718223,-51.80694606254783,-44.307582467232834,-95.79437960739985,-113.07290412125008,-124.13211162625562,1.0,-46.92896259479189,-44.554878545464014,-65.35800915596609
2015-04-06,1069,2014-04-04,2015-04-06,252,160,-2194.6215923450804,-2043.9014677684245,-4223.500784964345,-4899.02909018421,-5297.38094783021,0.9987623762376238,-1452.9966720704124,-1645.6568668071482,-2654.3354611379477,-65.9707528884913,-32.56751922046195,-186.47337947809038,-235.83076233873484,-259.11298984440225,0.9931153184165232,-30.145261701984044,-12.74117464899572,-73.89642943124302
2015-04-07,1070,2014-04-07,2015-04-07,252,160,-2170.5780991880606,-1987.2897759859775,-4235.155786034725,-4966.236441439242,-5291.897442984478,0.9987623762376238,-1437.6664221427025,-1643.1441425764156,-2642.312735573699,-48.09059142434524,-42.040798006992205,-84.11048935949523,-97.40193267437289,-105.23666600092619,1.0,-46.26467492770193,-46.34628253126439,-58.74390756411439
2015-04-08,1071,2014-04-08,2015-04-08,252,160,-2168.614075923324,-1967.1346680218517,-4238.982190925029,-4871.991733650231,-5262.611474245091,0.9987623762376238,-1436.2734298938901,-1678.4526396613219,-2650.62772631295,-54.63689877055371,-29.029916132146923,-148.2243931860565,-189.06218641702344,-216.28492189026775,0.9943396226415094,-24.95320453912491,-12.75796059776886,-62.09430403252664
2015-04-09,1072,2014-04-09,2015-04-09,252,160,-2139.4524011978606,-1962.9402587680834,-4115.632218960723,-4788.279426693565,-5142.4363774269505,0.9987623762376238,-1390.1023274449956,-1599.0578786153742,-2647.159729320202,-209.82502457844947,-196.492060019167,-340.6948461880514,-390.0646740355736,-406.636998923888,1.0,-190.279251036976,-181.6843620756502,-280.344706185233
2015-04-10,1073,2014-04-10,2015-04-10,252,160,-2102.04986561536,-1972.4037862291448,-3949.5465392327746,-4621.560886722314,-4967.841957693333,0.9993811881188119,-1364.0959225347447,-1543.0529937362398,-2633.9430803761647,-55.97743694812103,-30.992435527952875,-143.66515113174788,-190.24747677425628,-209.40939723262198,0.9887429643527205,-24.683905703054755,-12.341612056629234,-60.33515864148781
2015-04-13,1074,2014-04-11,2015-04-13,252,160,-1977.6014561353795,-1824.0024385767995,-3726.2015715124626,-4407.168720559416,-4660.506974619385,0.9993815708101422,-1265.746347287972,-1419.7399951234293,-2537.9813133007124,-47.81488689348531,-41.95311515279532,-81.99460894504993,-99.38116896760133,-104.48261439709464,1.0,-46.14021331316783,-46.65788142976767,-57.45183849049063
2015-04-14,1075,2014-04-14,2015-04-14,252,160,-1978.1915952122965,-1833.1123338020989,-3750.5288556357646,-4437.944537411676,-4694.038784426529,0.9987623762376238,-1303.8323560083659,-1457.592051396353,-2525.4456965655445,-47.46449327764187,-41.80879192634592,-82.11776232101386,-99.51307997104915,-103.4042665963536,1.0,-45.76131283193968,-46.445114964184846,-57.057541855219306
2015-04-15,1076,2014-04-15,2015-04-15,252,160,-1979.3740936455158,-1819.8798957009287,-3785.317560465443,-4435.337583793996,-4731.261036821642,0.9987616099071207,-1297.5472061033327,-1485.4745692435877,-2494.0796556119317,-47.520635538865406,-41.559831112727565,-83.0967748090705,-99.6794662717404,-104.89561581916523,1.0,-45.77937784430925,-46.061222077772996,-57.04930415090482
2015-04-16,1077,2014-04-16,2015-04-16,252,160,-1979.8848071370958,-1826.8484928683822,-3748.3274952577244,-4372.946681992957,-4690.898469489973,0.9987631416202845,-1293.6118596783379,-1474.8505531833637,-2521.444221907719,-51.54539508281259,-44.342586080907104,-93.93815458576297,-116.34878127760416,-124.80456363469838,1.0,-46.80271542933178,-46.47858320040953,-64.91892863103801
2015-04-17,1078,2014-04-17,2015-04-17,252,160,-1999.3371857321813,-1856.7952320836257,-3840.574262557998,-4418.896131136948,-4766.167304436086,0.9987623762376238,-1319.865309445653,-1500.4556481654438,-2631.8904669272483,-51.71910054226842,-44.212283636776895,-95.5188703880822,-115.72651424149961,-124.9987517528112,1.0,-46.88829758229163,-45.7751315770152,-64.64450965388477
2015-04-20,1079,2014-04-21,2015-04-20,252,160,-2012.0557503383866,-1921.5902029660824,-3820.818988451689,-4443.584018874533,-4753.19117909106,0.9987623762376238,-1322.2638851167308,-1478.5254644976087,-2556.629463797758,-219.39938511375013,-201.64497256289107,-362.2053612608962,-428.97375711962025,-446.0074760810385,1.0,-195.69797773996652,-181.04549684736187,-295.8288820394539
2015-04-21,1080,2014-04-22,2015-04-21,252,160,-2018.7994393674803,-1951.5812658682107,-3807.78537196895,-4475.679205043144,-4759.359462168454,0.9993808049535604,-1322.7264791187376,-1516.5469180440741,-2714.0044793647235,-47.35065490713882,-41.98248556585057,-81.19458122204159,-96.71340709262304,-103.66544570967187,1.0,-45.62495812251857,-46.21782610902291,-56.78911712127391
2015-04-22,1081,2014-04-23,2015-04-22,252,160,-1988.8586848020193,-1899.0864306544881,-3776.8620572225614,-4403.877971482077,-4707.187633568015,0.9993811881188119,-1285.9346742888215,-1456.00071227344,-2422.886768814783,-235.84800311179657,-200.35819233592025,-432.94727846221286,-516.6732781343069,-544.3998141184384,1.0,-205.80548743196127,-183.8504731540139,-316.4294032553905
2015-04-23,1082,2014-04-24,2015-04-23,252,160,-1993.9217472641099,-1923.4818334606466,-3754.1216159161604,-4337.182900130349,-4699.736430922471,0.9993815708101422,-1308.306938579964,-1504.2214253639245,-2653.8037852087423,-231.8096627723032,-201.95636805649775,-405.29012168112826,-491.97785811982754,-523.9409386602343,1.0,-202.8118180520657,-186.8568155900483,-310.5817325868556
2015-04-24,1083,2014-04-25,2015-04-24,252,160,-1996.5411371485604,-1913.6823255011823,-3783.6966834027453,-4395.85815982692,-4754.028783393531,0.9987631416202845,-1300.888686120587,-1461.7432770640135,-2415.5267661148855,-51.745110107921455,-44.201980989751036,-95.96410196317017,-116.20082787458611,-124.72147623394162,1.0,-46.88380727569868,-44.90599702336562,-65.28783294326229
2015-04-27,1084,2014-04-28,2015-04-27,252,160,-2017.6791393804497,-1905.1146176044108,-3903.4348678572255,-4526.205422270838,-4879.192466999436,0.9987623762376238,-1325.143942510992,-1532.2624156487018,-2478.978861871003,-47.54150613125034,-41.654091268081054,-80.98977775391883,-98.50254830676543,-105.04554068372917,1.0,-45.75221691285621,-45.904079016616926,-57.76522981457737
2015-04-28,1085,2014-04-29,2015-04-28,252,160,-2008.22806365021,-1929.5306122801671,-3893.8421805538874,-4406.815079559344,-4845.475856355483,0.9987616099071207,-1309.2184826715898,-1499.3709185083299,-2598.8382967305433,-236.56091072418099,-197.42542606752238,-416.59221891796875,-540.2807343876563,-570.2213250251892,1.0,-205.1873705388135,-187.86082703438512,-316.97292327489674
2015-04-29,1086,2014-04-30,2015-04-29,252,160,-2028.8995840524622,-1893.4971685499645,-3972.4353150439565,-4498.704718420318,-4895.933948547845,0.9987608426270136,-1340.6397686267387,-1516.6600406696584,-2675.193992246951,-53.305933503138455,-27.417220572578252,-140.9922896078522,-182.90035987771043,-197.46714132435966,0.9873949579831933,-22.596208839525957,-10.426504508931586,-56.601175889720096
2015-04-30,1087,2014-05-01,2015-04-30,252,160,-2015.208608848279,-1857.7192998140792,-3961.0158813808375,-4491.889650308113,-4911.692288680524,0.9993804213135068,-1349.2749415497476,-1529.7416914395396,-2628.14528005718,-47.69798911953123,-41.471048202550946,-82.75342252228154,-97.87470296035484,-104.96359014805321,1.0,-45.75374473870067,-45.89698701880732,-57.34194440873732
2015-05-01,1088,2014-05-02,2015-05-01,252,160,-2000.9435614194426,-1882.2653266997365,-3859.441499616182,-4453.9518717711135,-4806.474176494405,0.9993808049535604,-1317.5586498166786,-1487.2835833078552,-2613.535883487409,-209.0244529979492,-190.05479651723175,-339.97633723215495,-417.7464042779643,-441.4303450903027,1.0,-189.2335358721972,-176.25824961998575,-267.64550464719747
2015-05-04,1089,2014-05-05,2015-05-04,252,160,-2006.8865729856855,-1883.982058153741,-3871.746323777483,-4457.433702582952,-4821.960753753882,0.9993808049535604,-1333.871161749353,-1501.3681515028827,-2656.121840577289,-47.94057450221953,-41.83365748834865,-83.13701231947452,-97.99891625904289,-105.6949266808509,1.0,-45.968044455067066,-45.96628582180551,-57.685727654025484
2015-05-05,1090,2014-05-06,2015-05-05,252,160,-2010.7716541113437,-1866.8330593789055,-3871.6601397391937,-4453.209336700608,-4809.324313133994,0.9993811881188119,-1349.2446583319095,-1534.8087167186495,-2720.744968451759,-43.728025278421335,-24.914053976706818,-115.22576954685817,-147.49714960625113,-158.23754582361366,0.9938524590163934,-18.849044796662728,-11.359330210454651,-44.90546134585988
2015-05-06,1091,2014-05-07,2015-05-06,252,160,-2002.4012766924845,-1892.1365765826524,-3882.8118204848256,-4428.10156749997,-4823.984045324549,0.9993808049535604,-1355.2679636881778,-1532.0893343365728,-2745.5372578588285,-52.445902575845594,-44.40759759743843,-96.37054537999981,-116.30548520928612,-127.39230088603385,1.0,-47.63396950058141,-46.1009896229467,-68.11785247253472
2015-05-07,1092,2014-05-08,2015-05-07,252,160,-2001.6088580101057,-1859.3463312310043,-3917.535768317376,-4503.9223733487715,-4854.030281068352,0.9993800371977681,-1374.3194917485248,-1531.2685705378449,-2684.515994486467,-48.0327471303733,-41.823338971671504,-83.21618619574275,-99.4556613839773,-107.01402608228382,1.0,-46.01053913828364,-45.360322173999116,-58.20267533055903
2015-05-08,1093,2014-05-09,2015-05-08,252,160,-2031.7283784694548,-1893.124467710603,-3951.8179980607847,-4520.232680738523,-4897.1730464901775,0.9993800371977681,-1399.8923632881156,-1565.9896287231884,-2728.1094745817823,-52.47256050904947,-44.16762576361667,-96.21158090123248,-118.89595234921752,-127.57727400285967,1.0,-47.43546418150893,-44.34912410596107,-67.88035557775318
2015-05-11,1094,2014-05-12,2015-05-11,252,160,-2031.3896326072365,-1879.369334636874,-3942.1131303889765,-4534.063706176629,-4901.094765496068,0.9993804213135068,-1400.6837691590988,-1563.4514516303325,-2673.711882669052,-52.302619101786384,-44.33491905916616,-96.330544897733,-117.28796589917334,-126.77349137977266,1.0,-47.40726223936728,-44.26337782775662,-66.80681156374247
2015-05-12,1095,2014-05-13,2015-05-12,252,160,-1998.0969972775094,-1862.0634363945896,-3889.2747311630205,-4444.9070257916055,-4802.588783095701,0.9993804213135068,-1376.718094835855,-1522.4100022706368,-2661.2372901587805,-221.29593539985007,-202.67286170687657,-368.72421632257743,-432.89627517884156,-459.43961421643417,1.0,-197.41149917555003,-185.26716490580958,-286.8925508305493
2015-05-13,1096,2014-05-14,2015-05-13,252,160,-1992.186173008186,-1862.4674874155635,-3893.9160029476,-4440.445186011894,-4797.673323692961,0.9993804213135068,-1368.2118426594066,-1503.4832152124925,-2678.5457445218854,-48.74522412424306,-42.66144844245414,-84.95168461000173,-102.8252133876809,-108.77284494913037,1.0,-46.61875150653285,-46.06127479534389,-59.42928074878625
2015-05-14,1097,2014-05-15,2015-05-14,252,160,-1994.2769962363834,-1858.500739027261,-3861.560193505056,-4407.867093425289,-4789.461906671064,0.9993800371977681,-1382.1586307526984,-1519.3447618225184,-2659.8675189717665,-45.45936088431638,-27.903896870639898,-109.13356994131766,-146.14940185700857,-158.1958886898249,0.9879518072289156,-20.35053402129998,-13.391891649946524,-48.02683381066417
2015-05-15,1098,2014-05-16,2015-05-15,252,160,-1969.708657169677,-1845.062985097578,-3803.814948785771,-4362.279302756527,-4720.520589029901,0.9987616099071207,-1344.5873004315872,-1489.7478879150483,-2556.7669809955514,-48.40869220501194,-42.1853327979896,-83.69482865235406,-101.07979904392533,-108.49320234128568,1.0,-46.33044789674209,-45.57569354730995,-58.60371939527487
2015-05-18,1099,2014-05-19,2015-05-18,252,160,-1968.3230346649257,-1834.8392246656888,-3826.447054184128,-4375.7230791471675,-4739.355054885483,0.9987616099071207,-1343.99741933232,-1485.179104473465,-2556.6517394328316,-51.858052707979766,-44.704792801189114,-94.18695331007397,-112.490110857294,-123.27722166680674,1.0,-47.33745643234162,-44.8072080461305,-66.61003313045741
2015-05-19,1100,2014-05-20,2015-05-19,252,160,-1947.7194275085626,-1827.4367860703173,-3756.629855870995,-4308.263317704068,-4662.1417743511265,0.9987616099071207,-1309.8408436108057,-1451.2482219375843,-2457.9810631411883,-48.75540207540931,-42.60596928703717,-85.34942694367453,-102.62370699298584,-110.73336259709785,1.0,-46.4481322290414,-46.00749592779994,-59.73639269297278
2015-05-20,1101,2014-05-21,2015-05-20,252,160,-1924.5397257992358,-1814.7064340332051,-3688.8326125769327,-4256.8305319202855,-4592.339343468709,0.9987600743955363,-1295.0696202747731,-1448.9937224257226,-2411.252105179411,-53.04975646725241,-45.14318114911565,-96.25665946607695,-119.0989629885676,-129.80342639088332,1.0,-48.07718655428907,-45.13895348641006,-69.92618541239517
2015-05-21,1102,2014-05-22,2015-05-21,252,160,-1908.5047033484495,-1800.8467003434148,-3684.3346302127406,-4233.969676846255,-4566.4096105470835,0.9993804213135068,-1287.404337898554,-1435.4174417618497,-2383.7290187340877,-46.81089982109302,-24.618482020486518,-118.88173635421495,-160.84782279357265,-171.74595012707687,0.9959100204498977,-20.31986602897956,-11.97685311518396,-49.55762525238156
2015-05-22,1103,2014-05-23,2015-05-22,252,160,-1910.6174003620524,-1802.956039558256,-3684.2644582412054,-4250.673136973094,-4558.155859493876,0.9987608426270136,-1285.0884691778085,-1445.0709788422594,-2374.2746907172723,-228.30194299674997,-206.56594637526908,-382.7551428482059,-439.30837805541717,-465.1089117258067,1.0,-202.44359186473065,-184.25835409071712,-298.51275553851553
2015-05-26,1104,2014-05-27,2015-05-26,252,160,-1937.7202622614216,-1822.688867695128,-3712.069637957235,-4302.457148693239,-4616.244571088068,0.9987608426270136,-1297.1587372212518,-1476.8551176366732,-2415.5805027919155,-232.58967434020948,-215.19292594545215,-400.004507276055,-443.7023467651223,-471.6501752315033,1.0,-205.21737109988953,-186.84046178666767,-310.27918833093577
2015-05-27,1105,2014-05-28,2015-05-27,252,160,-1936.3076515617229,-1820.4567111168385,-3718.175285872155,-4311.342531566419,-4599.624975451455,0.9993804213135068,-1309.0881881650355,-1480.3483927554018,-2378.6665479463845,-233.68521748897766,-214.83202745997522,-394.01942690009946,-448.9665936797766,-472.0242522361979,1.0,-206.12581428368975,-191.15460178462243,-324.5574950056419
2015-05-28,1106,2014-05-29,2015-05-28,252,160,-1944.304280177802,-1825.370210019284,-3713.8492349652333,-4318.841742286368,-4609.625961245851,0.9987608426270136,-1320.4542122796731,-1484.120127448567,-2347.4544812842,-240.42900613465636,-222.6746896834033,-404.40990570277563,-465.12632099731843,-482.8666616302673,1.0,-211.20448118755593,-193.29375188433363,-328.1639612209718
2015-05-29,1107,2014-05-30,2015-05-29,252,160,-1972.2566246415195,-1864.2779985362674,-3729.387789554301,-4322.999149859152,-4662.548990875437,0.9987608426270136,-1345.940455085644,-1494.0794230200463,-2440.2533051020296,-53.35646836479228,-24.975249720265833,-140.52793546708867,-195.69919875369465,-210.09678616165158,0.9960552268244576,-22.962788806304694,-10.753739899482786,-56.1956483238023
2015-06-01,1108,2014-06-02,2015-06-01,252,160,-1967.131336544767,-1851.8955327119374,-3714.3287636994637,-4319.7429879648535,-4641.714994282334,0.9987608426270136,-1329.6495036673218,-1504.786900676664,-2417.8291740542536,-53.004375016007145,-44.97108739189852,-96.99220301409663,-119.27552714467893,-128.5744524798055,1.0,-48.11722690196693,-45.73693217192999,-68.0782051736832
2015-06-02,1109,2014-06-03,2015-06-02,252,160,-1966.763397725563,-1851.9788753501114,-3713.258879578241,-4307.82365725929,-4649.305376405415,0.9981412639405205,-1338.1138601033056,-1516.7591358260506,-2412.919606527394,-52.23821335935301,-45.19357122358757,-94.93706716878086,-114.95184205411738,-124.0427677003621,1.0,-47.6697463534263,-44.910292468180614,-67.0984213834026
2015-06-03,1110,2014-06-04,2015-06-03,252,160,-1958.2709010293793,-1846.4047299257168,-3706.5306169132245,-4274.058158583437,-4635.73538796244,0.9987608426270136,-1341.9778998226764,-1504.3386977539935,-2421.905710207048,-52.37959975667381,-45.44782474018109,-94.98566074529754,-115.22212302738104,-124.46848775785509,1.0,-47.78067157524073,-45.31894912094374,-67.33275285449162
2015-06-04,1111,2014-06-05,2015-06-04,252,160,-1977.6585240947757,-1855.9632844897665,-3755.5822750755497,-4313.564900948175,-4685.757087409373,0.9993804213135068,-1349.5553107451742,-1509.4175096611402,-2466.4767557497216,-246.79008416719896,-225.1460283160792,-428.26499407544685,-489.83152147168585,-508.2282537073399,1.0,-215.64044096212893,-199.59604686288358,-342.56179982223057
2015-06-05,1112,2014-06-06,2015-06-05,252,160,-1974.217426579463,-1844.3038989984789,-3775.9265100664215,-4299.031872254073,-4702.377821653769,0.9993804213135068,-1342.0727977261197,-1513.0932471815167,-2462.9133496032514,-54.17265654782734,-27.2331552908418,-139.23021178410835,-194.23239515807927,-211.001889658196,0.9904580152671756,-24.111762214024417,-14.774376865163429,-58.41340001917337
2015-06-08,1113,2014-06-09,2015-06-08,252,161,-1989.7965346789417,-1862.7391774099503,-3802.2845471207634,-4358.165930965163,-4748.0722487125195,0.9993846153846154,-1358.214431663786,-1516.9074855574356,-2503.547874748008,-48.23954875506048,-42.04531698582011,-85.65307564731127,-100.27630220401831,-107.74993416525305,1.0,-46.12033584534149,-45.084728986080215,-60.63056458703
2015-06-09,1114,2014-06-10,2015-06-09,252,161,-1983.855715496573,-1851.5894898284384,-3814.8837843216284,-4342.095797352143,-4741.399000472082,0.9993846153846154,-1351.233563608922,-1514.525639977408,-2504.778620860683,-48.53017781680846,-42.76118745346646,-85.74905593560192,-101.03785837707336,-108.58154924795113,1.0,-46.36783956027553,-45.803991911521194,-61.1651600633022
2015-06-10,1115,2014-06-11,2015-06-10,252,161,-2000.3999657559327,-1867.197183880574,-3828.4713754403638,-4382.406823480409,-4764.142264777667,0.9987684729064039,-1364.2051422562693,-1532.4786868810902,-2504.100265047809,-48.50576029574962,-41.97797451125983,-85.66521158305721,-100.0808123939557,-108.94182923968462,1.0,-46.27344528652499,-45.44053531432004,-60.3377606354457
2015-06-11,1116,2014-06-12,2015-06-11,252,161,-1993.6507920382155,-1877.7865673661229,-3798.204523550306,-4350.879704147191,-4735.633357567528,0.999384236453202,-1362.0146271847402,-1530.9981732675983,-2482.448854878615,-251.6565397520907,-210.5016543376762,-465.9920861968458,-544.7867029116766,-588.591270551193,1.0,-216.18150040573093,-193.8291888325066,-331.4768062289105
2015-06-12,1117,2014-06-13,2015-06-12,252,161,-2006.060756731502,-1885.4293932575945,-3833.111345338745,-4396.069814306652,-4765.4227827354625,0.999384236453202,-1370.1586835256153,-1564.799442828698,-2496.3837925726593,-48.993043188224874,-42.32988009616344,-86.6948959437055,-100.44532852677294,-110.34130092128702,1.0,-46.69750129895972,-45.42578585476699,-60.516750993029504
2015-06-15,1118,2014-06-16,2015-06-15,252,161,-2011.4586367723089,-1890.794566101495,-3804.1007174434776,-4407.551611612555,-4759.41697402347,0.9987684729064039,-1379.1229698648037,-1550.387898330524,-2477.0374077395677,-53.52981123133497,-44.85265690417722,-99.37373217213636,-121.13467656278969,-131.00435987232845,1.0,-48.492778551168385,-45.87659264264695,-70.05268222775685
2015-06-16,1119,2014-06-17,2015-06-16,252,161,-2012.2950091574469,-1872.3313408210456,-3812.9047469854454,-4418.763246444288,-4779.356224952412,0.999384236453202,-1380.8307040270113,-1513.8710841300915,-2500.887166084254,-58.973986282061155,-28.93503985331604,-149.52209927860346,-217.4777298663306,-243.60114922702292,0.9870848708487084,-27.069727934095912,-15.651725718743371,-62.29578435338095
2015-06-17,1120,2014-06-18,2015-06-17,252,161,-2002.131472690951,-1859.675182208041,-3803.2810005675615,-4403.727228691292,-4748.213778459627,0.999384236453202,-1374.235550035843,-1512.2107368735167,-2501.2852061215035,-245.30212396228336,-207.036953068344,-436.1552500603249,-510.65830998518294,-544.6370965559911,1.0,-212.79170123461103,-198.77407278386943,-327.9609488346812
2015-06-18,1121,2014-06-19,2015-06-18,252,161,-2025.020037180118,-1885.9128843355986,-3902.6480847935195,-4514.1886263053175,-4875.047849113077,0.9993846153846154,-1401.8994469188212,-1545.6300193393063,-2536.5678669159265,-52.51128795017289,-25.59420962891303,-143.7192272195207,-174.56275531208368,-199.37919596831577,0.990791896869245,-23.95218650458701,-14.084891415578097,-56.72554236800295
2015-06-19,1122,2014-06-20,2015-06-19,252,161,-2029.6798626396123,-1906.814130965178,-3903.6796380603287,-4515.970466752513,-4866.805123068788,0.9993846153846154,-1403.2214632332486,-1548.4457308250355,-2539.5852585818225,-49.05176992776045,-42.67523308248648,-87.80013768923519,-102.24149831804642,-110.00418724347784,1.0,-46.71922665068979,-45.489215378532805,-61.16468165921873
2015-06-22,1123,2014-06-23,2015-06-22,252,161,-2027.8431259817082,-1897.0657562767756,-3906.3997761739924,-4515.54653627082,-4845.347107294406,0.9993846153846154,-1402.5380792444118,-1545.8285866706397,-2561.003346986565,-53.32924094388182,-45.93637868100154,-98.6186996076815,-119.95867816911068,-127.68996149524011,1.0,-48.357175580066674,-46.426720581626796,-67.59604385030376
2015-06-23,1124,2014-06-24,2015-06-23,252,161,-2021.242862655599,-1874.5949536862995,-3888.264251971636,-4516.169070572223,-4841.566953341498,0.9993849938499385,-1395.6457358929122,-1527.9447671639841,-2501.4865003351106,-53.50326693642429,-45.73849268397679,-100.63153128705204,-119.02801217179189,-128.2860274525386,1.0,-48.460417920057054,-46.67805709390155,-67.90039362223888
2015-06-24,1125,2014-06-25,2015-06-24,252,161,-2023.1266812125932,-1862.653101279217,-3908.3573113203092,-4518.474535502281,-4855.171938117901,0.9993846153846154,-1392.6917079841228,-1543.218787623678,-2479.6178744833073,-48.699400465631435,-42.69339784435476,-86.93932227187129,-102.55316103072737,-109.61990890204925,1.0,-46.46115716082693,-45.50727966162534,-60.06902183893953
2015-06-25,1126,2014-06-26,2015-06-25,252,161,-2004.9194931430552,-1856.5032292976678,-3855.3437674916977,-4465.114118528615,-4798.581170325333,0.9993846153846154,-1379.214463361381,-1517.8660432678535,-2475.3148177072576,-48.93925803924438,-42.43189483737335,-86.41603018179389,-103.53642980271827,-110.37791139468732,1.0,-46.63175619183517,-45.484088422570416,-61.2280626935753
2015-06-26,1127,2014-06-27,2015-06-26,252,161,-2002.1644603603281,-1848.687041992414,-3827.553913735391,-4465.842230290915,-4786.8128574896755,0.9993846153846154,-1367.8909815971574,-1507.9882323778588,-2475.984555458401,-48.65420257730614,-42.211887527034094,-86.85682350124426,-101.5928670929001,-109.15467887852006,1.0,-46.48244272279359,-45.32876088688494,-61.48418286644925
2015-06-29,1128,2014-06-30,2015-06-29,252,161,-2038.6573440089787,-1820.1597741287594,-3955.291017983865,-4603.422513729027,-4932.909601424745,0.9993846153846154,-1397.0407094684301,-1531.8030816312428,-2453.6394577389356,-48.41497609347798,-42.257703805353756,-85.58324111279028,-98.50061791530088,-107.71062013183358,1.0,-46.29947761415916,-45.35695026959339,-59.989512364106844
2015-06-30,1129,2014-07-01,2015-06-30,252,161,-2039.7409883196701,-1830.8301323947976,-3953.6236050539333,-4567.332946587654,-4914.545674218668,0.999384236453202,-1400.6665706814792,-1530.6103570304458,-2411.0836764899746,-232.51446135504474,-215.1272124295683,-390.5383100737808,-447.5361500905545,-468.62143121993734,1.0,-205.31737197689085,-189.25515952292253,-313.58366147524146
2015-07-01,1130,2014-07-02,2015-07-01,252,161,-2025.4149992317446,-1790.3157598044704,-3938.422797419811,-4548.7911197137855,-4883.401099892438,0.9987677141096735,-1382.5840170089332,-1521.2540074976525,-2418.5423401163166,-48.47763027771821,-42.62919748786318,-85.98479439475136,-100.43766585042496,-108.5334799204186,1.0,-46.35203953677768,-44.81421531085918,-61.12760262598417
2015-07-02,1131,2014-07-03,2015-07-02,252,161,-2033.070326372164,-1802.5227665135799,-3949.1972953117815,-4566.641975171019,-4930.825859463925,0.9987677141096735,-1391.4470655170592,-1544.2304994609374,-2409.986475873788,-58.75253707923352,-32.170141836822786,-154.03509628445468,-188.99279195394266,-212.36201207918288,0.9918831168831169,-28.676492671460206,-17.836285728695653,-73.25626914799356
2015-07-06,1132,2014-07-07,2015-07-06,252,161,-2031.9610454360761,-1801.13201952474,-3962.902748295674,-4582.335520435895,-4938.815042421573,0.9987677141096735,-1389.830531788824,-1547.2912136135876,-2441.006716184705,-216.45897539539294,-204.59724094372734,-347.2935920481218,-400.7157518714115,-414.3178650994241,1.0,-195.54684857827613,-182.8348327272253,-294.15476345624546
2015-07-07,1133,2014-07-08,2015-07-07,252,161,-2021.34212863084,-1807.1513550512432,-3985.5174854272777,-4585.440082191264,-4922.994008699107,0.9987677141096735,-1385.4302936393824,-1545.3155635153116,-2432.800753340883,-48.281610135406346,-42.16969686424294,-85.46342971899675,-99.68628016627923,-108.53849494548822,1.0,-46.20236021585482,-44.750714744905544,-59.253277840379795
2015-07-08,1134,2014-07-09,2015-07-08,252,161,-2050.719799577578,-1848.1413139564754,-3970.0526076597416,-4615.730231738807,-4946.784365763521,0.9987677141096735,-1397.7443089650594,-1555.029612700168,-2393.4551098862466,-48.169479210027085,-42.14724228847602,-85.38208229002116,-101.42917219150134,-108.59025716590646,1.0,-46.19813996501938,-44.75472161899803,-59.26796150832359
2015-07-09,1135,2014-07-10,2015-07-09,252,161,-2045.6377854408715,-1859.4842720074857,-3957.187852609882,-4615.060484690745,-4909.385717338782,0.9987677141096735,-1390.7381010882852,-1549.83726573508,-2435.4305967865535,-57.6286094355084,-32.38139648743103,-145.64706082584004,-204.81415271294847,-223.54578872483563,0.9903846153846154,-29.770282341578277,-19.784737152388082,-64.40472031526524
2015-07-10,1136,2014-07-11,2015-07-10,252,161,-2052.887411058601,-1882.253779832878,-3949.692947290564,-4543.593677562945,-4881.908653258026,0.998766954377312,-1386.3080301186387,-1544.6724989370302,-2495.925812942013,-218.93860752055926,-204.08613939766786,-362.0890134213436,-402.9608181772019,-417.37831408151385,1.0,-196.61480754050265,-183.88818152386148,-301.8874121047399
2015-07-13,1137,2014-07-14,2015-07-13,252,161,-2053.5660491569975,-1870.40981464058,-3956.3401232023916,-4553.744993347504,-4885.299780073428,0.9993834771886559,-1388.5388893847905,-1541.1820179851918,-2457.817414398616,-222.08243275925153,-203.61212101484304,-373.48171934332925,-424.2470982674152,-443.1771031024562,1.0,-198.0397443244506,-184.69411099017094,-302.6753758697286
2015-07-14,1138,2014-07-15,2015-07-14,252,161,-2058.0358383814996,-1892.701475471862,-3958.992501472375,-4566.752077159568,-4895.544940215524,0.9993834771886559,-1389.8486935889705,-1547.6510134970972,-2458.078852199387,-221.0117151434319,-203.44560753519357,-367.5373700208469,-413.58115972428976,-437.53819014959026,1.0,-197.7486929203419,-185.58520249929126,-298.276731573744
2015-07-15,1139,2014-07-16,2015-07-15,252,161,-2027.3143318032546,-1815.095662710549,-3938.4232474523324,-4539.867853017434,-4847.845364703916,0.9987677141096735,-1375.51755229472,-1520.1106931849592,-2447.2818492669103,-51.446656180713404,-44.42193009577913,-93.48057110127301,-114.16733672053427,-123.0761075087685,1.0,-46.871818463521585,-45.00432308256399,-65.42247930417662
2015-07-16,1140,2014-07-17,2015-07-16,252,161,-2021.3523377252618,-1815.9195212289678,-3949.987492875299,-4601.555107848671,-4891.615662972815,0.9993838570548367,-1367.9551567554656,-1489.0731920189198,-2501.582048073466,-51.12953150094214,-44.03716881358545,-93.58197844103638,-113.42217016847553,-121.26774018069825,1.0,-46.761557470762114,-45.068658586208734,-65.1129137883587
2015-07-17,1141,2014-07-18,2015-07-17,252,161,-2001.3779539490317,-1793.9335520706,-3884.6541381264055,-4488.336173717814,-4811.04480878646,0.9987677141096735,-1372.0891777235072,-1516.248047038072,-2436.40427685109,-52.98115516298824,-28.8885430493329,-137.87009163925708,-190.03408319908553,-198.43106543483847,0.9918433931484503,-26.88687212457639,-20.12657811357933,-59.52201881000159
2015-07-20,1142,2014-07-21,2015-07-20,252,161,-1982.3494138786089,-1771.8596172156135,-3857.803505374435,-4465.277364759149,-4761.126569249875,0.9987677141096735,-1365.0416204538117,-1508.3953055806564,-2458.2368400006885,-223.34312634034862,-208.3996454553745,-365.14446545498475,-415.2582000561195,-446.093692911295,1.0,-199.2777843728183,-190.54894883978025,-290.669220977062
2015-07-21,1143,2014-07-22,2015-07-21,252,161,-1970.0022139823277,-1753.6785978956436,-3834.315952246197,-4464.420156808333,-4738.977805638385,0.998766954377312,-1350.9794431874789,-1501.641831214354,-2362.444449688686,-52.191990577911504,-26.67953354184334,-149.39361188840087,-191.29403331378435,-205.3149882928561,0.9916387959866221,-26.005686840524618,-18.844383477505147,-57.94154262002461
2015-07-22,1144,2014-07-23,2015-07-22,252,161,-1965.1834535149028,-1757.7770671506544,-3825.9894980641857,-4447.741934018792,-4770.015396409098,0.998766954377312,-1353.4666066014654,-1510.996324816875,-2411.4690372802374,-222.68729409213003,-210.05568654795883,-357.92857768628846,-404.15626891286246,-428.4303502174217,1.0,-199.0663350763222,-185.70372273005097,-304.1485487632084
2015-07-23,1145,2014-07-24,2015-07-23,252,161,-1959.73392626313,-1788.9482375132138,-3799.264541682603,-4367.785609262698,-4696.171396710796,0.9993827160493827,-1333.6385592678284,-1495.3575269924115,-2478.9080450966476,-59.08764374628639,-29.867598762058403,-157.71826054244602,-206.17859431944555,-246.51104126898375,0.9866666666666667,-29.564283805097432,-19.236569733941394,-69.2675048423283
2015-07-24,1146,2014-07-25,2015-07-24,252,161,-2004.1005665079533,-1789.104399173279,-3944.426718092895,-4559.386605990327,-4906.399095750283,0.9987654320987654,-1396.7194129257382,-1546.6328759186763,-2423.007674055916,-222.70880096320016,-210.012016286951,-356.53492671715304,-400.053679623492,-423.68924367454247,1.0,-200.68980541313198,-196.227845365194,-291.54691708161096
2015-07-27,1147,2014-07-28,2015-07-27,252,161,-2013.6519363440684,-1856.6353948833819,-3825.1527663450697,-4433.523236130962,-4788.757485652848,0.9981492905613819,-1388.5110023959423,-1523.4939451654275,-2492.0754593509478,-222.83996640680988,-206.43116421694646,-358.1217351185865,-405.3237449073283,-429.7544510636963,1.0,-200.4880800590502,-193.7998536125128,-281.5607789069035
2015-07-28,1148,2014-07-29,2015-07-28,252,161,-1990.645598468388,-1801.4064558803068,-3860.8209164923765,-4456.06840200057,-4787.6796269428805,0.9981492905613819,-1383.938741262374,-1494.7950917580276,-2448.0721015351583,-48.32056213250058,-43.157127386356024,-82.71246645722256,-97.52702800281047,-105.85228957994325,1.0,-46.47617872382044,-44.72342743050637,-59.64075970895787
2015-07-29,1149,2014-07-30,2015-07-29,252,161,-1993.1399369401272,-1804.0083314264807,-3858.3402460086345,-4480.345936342183,-4795.600628395082,0.9981481481481481,-1381.2115984207676,-1546.1808610579212,-2496.7143400148516,-51.79293941525355,-44.575309387424454,-96.0798623374956,-115.67821841207201,-122.12504881536232,1.0,-47.24467465032088,-45.22974060022547,-66.0751999513525
2015-07-30,1150,2014-07-31,2015-07-30,252,161,-1992.1619964510387,-1770.5620187838858,-3880.535342470811,-4480.624794437746,-4832.000993737613,0.9981481481481481,-1387.4767379370244,-1520.3999020391393,-2452.071195356574,-51.35398366619673,-43.97332778009289,-94.51955848199619,-114.34498972132286,-121.61670948518359,1.0,-46.83360331350693,-45.25647446676619,-65.72802900857944
2015-07-31,1151,2014-08-01,2015-07-31,252,162,-1977.728036591117,-1775.23920155105,-3845.486690669026,-4465.0806203067,-4786.906603195296,0.998162890385793,-1368.446038035215,-1518.4168783635653,-2402.1934618842542,-51.835555034990975,-44.57626247373937,-94.98206518856651,-114.216621304916,-121.99260392278259,1.0,-47.249626684245534,-45.32656468830058,-66.56066462587012
2015-08-03,1152,2014-08-04,2015-08-03,252,162,-1962.8024862110435,-1732.0664392650033,-3871.567657148603,-4511.964870208932,-4802.714728301468,0.9981617647058824,-1361.1939954306329,-1498.4132328961782,-2364.272444071248,-47.807702790055984,-24.973067320876332,-124.48231085344692,-174.94020995639858,-187.4166380773288,0.996268656716418,-22.94994224587947,-13.756932905332821,-53.7378665380282
2015-08-04,1153,2014-08-05,2015-08-04,252,162,-1958.2078719467486,-1705.6400359414454,-3875.8446233738823,-4541.314399100177,-4821.474536284855,0.9981606376456161,-1355.6100523878224,-1511.7989929628418,-2281.61594377754,-51.8908470332613,-44.59312843517107,-94.67506991909377,-114.35451328984924,-122.598956587481,1.0,-47.26095136433376,-46.148595488029784,-67.89851827727225
2015-08-05,1154,2014-08-06,2015-08-05,252,162,-1956.4655578840138,-1708.131343568003,-3865.6533994033753,-4474.189665626129,-4818.829129533493,0.9987714987714987,-1353.8215555547756,-1480.8359673666828,-2281.8267977603887,-48.90879971819316,-43.46895737858389,-84.35367728050065,-100.64663062667906,-107.3276421483212,1.0,-46.95801198091265,-44.74791163872996,-60.84532373152108
2015-08-06,1155,2014-08-07,2015-08-06,252,162,-1980.5153549340457,-1698.758536880343,-3944.2684276465093,-4530.570947746524,-4889.786654978474,0.9987714987714987,-1375.188331911606,-1523.3296284996036,-2294.260532685174,-45.78340810487726,-24.650563721541516,-121.41713381580092,-170.3512257215994,-180.05257482210615,0.9901960784313726,-20.93804273635839,-13.970599314128847,-51.55388412020491
2015-08-07,1156,2014-08-08,2015-08-07,252,162,-1996.5698492689726,-1744.0636345775495,-3938.0497969736202,-4537.411483521891,-4929.390912001682,0.9993853718500307,-1374.2540758920863,-1544.861044815741,-2377.6427897613116,-45.54342807468066,-24.205814867352252,-123.58882819822124,-157.4082749247264,-176.02387109359387,0.9940476190476191,-21.03956072416187,-14.697269348969886,-50.357340780750405
2015-08-10,1157,2014-08-11,2015-08-10,252,162,-2002.9382560462468,-1765.2509383332347,-3928.8382535253118,-4531.22834002585,-4910.820163646881,0.9987707437000615,-1375.1604525468001,-1547.9385106160883,-2350.497484261039,-45.783014996539386,-26.147548089242548,-119.31562876469819,-157.4654518838007,-173.72556983622124,0.9903288201160542,-21.246329721878464,-14.80297278522172,-52.23304773078438
2015-08-11,1158,2014-08-12,2015-08-11,252,162,-2025.1957416894118,-1801.7782400154465,-3926.5167271737964,-4552.42776392614,-4950.401768113895,0.9975445058317987,-1381.676969709676,-1550.7952056874983,-2363.837473690573,-51.847370415342176,-44.617652157522194,-95.14806810290582,-115.14313661867986,-122.58726566090236,1.0,-47.30785008982238,-44.973033497146865,-68.57464269914581
2015-08-12,1159,2014-08-13,2015-08-12,252,162,-1995.933025212663,-1739.5141658918628,-3877.077792814654,-4507.277199665702,-4885.17895266476,0.9975414874001229,-1361.1242556369218,-1510.2908619778318,-2362.8224496388575,-211.2440780936851,-198.65747340378988,-333.51275125628064,-378.8715927691406,-401.45320327330336,1.0,-191.83056073801308,-180.54416677897416,-263.91062916256607
2015-08-13,1160,2014-08-14,2015-08-13,252,162,-2009.381110246821,-1750.0562571012397,-3905.934278597563,-4520.394627110974,-4917.2508879188135,0.9975445058317987,-1372.6770063853237,-1538.2206513772185,-2316.6427786770832,-213.72327219864718,-199.82728675748234,-339.72615003262183,-398.9911881247607,-424.97743035703195,1.0,-193.13757333009139,-183.49094754564254,-278.2197893429136
2015-08-14,1161,2014-08-15,2015-08-14,252,162,-2006.9233941529953,-1747.8521633356268,-3908.8962132334805,-4538.78872617,-4910.3106578592615,0.9975445058317987,-1374.0400614862665,-1544.4435910144018,-2353.488223494519,-218.07832235004983,-198.00950006549675,-358.270457902118,-412.4673641064656,-447.4081307558949,1.0,-196.3152271462722,-186.56087871234837,-281.21375893072997
2015-08-17,1162,2014-08-18,2015-08-17,252,162,-1984.5062398909577,-1745.557352474106,-3849.7996520582883,-4443.456884707985,-4840.6064377192,0.9975460122699387,-1366.1499661761088,-1525.824949020729,-2453.915713956813,-48.93424099502842,-42.86712119598465,-84.5809843658717,-100.89005018318488,-108.69574055034433,1.0,-46.91044570784145,-45.77456405368628,-60.18359693436986
2015-08-18,1163,2014-08-19,2015-08-18,252,162,-1972.9691660035887,-1747.6358923499715,-3842.225653017772,-4459.04979553836,-4832.775596496574,0.9975445058317987,-1351.705772242784,-1493.2375554068562,-2327.508883903748,-220.5580149343688,-197.86587728224782,-366.4676118112569,-431.28042103423013,-468.84394755190476,1.0,-196.8282131538872,-179.05223124643462,-285.09992959726435
2015-08-19,1164,2014-08-20,2015-08-19,252,162,-1978.9397291045134,-1736.533810789342,-3897.799678469072,-4487.5723192643245,-4868.8717832841885,0.9975429975429976,-1339.7733658967913,-1499.0001760026105,-2255.3091054867855,-49.05087763456084,-43.02013717145839,-85.0975853609777,-101.47423754800468,-108.99630349917038,1.0,-47.074727778008906,-45.835762724245456,-61.091400916735736
2015-08-20,1165,2014-08-21,2015-08-20,252,162,-2021.4031741878387,-1823.515572659071,-3894.135858022699,-4513.595105481331,-4871.356444802854,0.9981572481572482,-1370.6692907942925,-1545.595323775067,-2325.6354972814897,-213.88708723725316,-193.59517225954653,-345.96116676136535,-409.7401494951056,-442.519449695994,1.0,-193.2284261300843,-181.4463742410872,-279.69271580550577
2015-08-21,1166,2014-08-22,2015-08-21,252,162,-2120.8740374630756,-1927.4296374677629,-4009.148269612683,-4697.184373686226,-5023.781676373088,0.9987737584304108,-1427.5344507336129,-1663.3734896484034,-2559.2140996096423,-48.59753923151302,-42.69106235556036,-84.53293907432874,-99.57852546715849,-107.77544144362226,1.0,-46.58738576189374,-45.35401704610541,-60.52461301158621
2015-08-24,1167,2014-08-25,2015-08-24,252,162,-2204.651977554045,-2052.2608834566304,-4075.180711509659,-4815.783864676378,-5103.5215287527135,0.998162890385793,-1492.004865363024,-1729.4435440545924,-2694.82206881542,-221.56522681353292,-197.6835095687948,-380.6155966680949,-442.8170143550085,-473.82385578222755,1.0,-197.29971636526204,-183.27579849639292,-297.13321775582915
2015-08-25,1168,2014-08-26,2015-08-25,252,162,-2189.8058294473412,-2080.764929803106,-4090.9689043454055,-4751.1573955716,-5090.352449655651,0.9981640146878825,-1479.663949760927,-1657.8022689857603,-2642.4906565902697,-65.46408384074698,-42.98565651013119,-152.45336706253426,-208.50173618568078,-228.17444474910533,0.9986928104575163,-37.60264063393123,-31.81349721764673,-80.92973934228058
2015-08-26,1169,2014-08-27,2015-08-26,252,162,-2269.995763010551,-2074.36095039494,-4284.377760690649,-4978.118252664005,-5315.629165731207,0.998776758409786,-1544.8045285076541,-1758.2884892731274,-2770.486373680343,-50.09904447119789,-43.038443148064864,-91.1805024545267,-106.82324487731162,-115.43633280295839,1.0,-45.875227004501426,-44.22172068000428,-64.62595745852758
2015-08-27,1170,2014-08-28,2015-08-27,252,162,-2274.6353617377604,-2076.621960851114,-4290.687048285396,-4960.622637917354,-5313.118989832822,0.998165137614679,-1556.7288751496947,-1740.5303423337145,-2744.0702459778677,-74.81935044633688,-50.637058681719026,-171.44097975776953,-234.1015318202871,-246.59730358205476,0.9967177242888403,-45.44521992270829,-38.6224114350969,-92.05382767665171
2015-08-28,1171,2014-08-29,2015-08-28,252,162,-2284.590821327632,-2065.5089927940166,-4334.529742521284,-5026.61853414413,-5373.043074964574,0.998165137614679,-1567.2113910468506,-1779.6402262558202,-2742.827040674178,-72.6844314601054,-50.27890627163554,-164.07627804650687,-220.10650113435202,-236.73067549883933,0.9966850828729282,-44.318980602375866,-41.342213854704454,-89.89657734407521
2015-08-31,1172,2014-09-02,2015-08-31,252,162,-2272.998560716189,-2061.5729067697507,-4287.400228032165,-4984.550348789367,-5332.137359497614,0.9981640146878825,-1567.5236615278636,-1759.51129572978,-2733.2092214102154,-49.28623143404757,-42.84009961764194,-91.31639784802486,-105.64325750398042,-112.85855072578825,1.0,-45.233933093457594,-43.49682848466791,-64.24545449665345
2015-09-01,1173,2014-09-03,2015-09-01,252,162,-2349.458257835874,-2161.100626900665,-4371.493249516899,-5046.872817618657,-5427.9777630705485,0.9981640146878825,-1607.567858759401,-1792.3474918541683,-2786.4858605383856,-235.771279920306,-207.780225863402,-414.21252830681834,-479.2590244079522,-515.6192689687098,1.0,-206.9133238169568,-186.28720210509988,-311.4862778983448
2015-09-02,1174,2014-09-04,2015-09-02,252,162,-2347.9994992096176,-2199.0144752902193,-4266.069649369096,-5049.0111599136035,-5279.088301043904,0.9987760097919217,-1601.1772940047604,-1728.985173397419,-2796.8117632208305,-49.405502873651194,-42.284458290735415,-90.83715054890085,-104.02079327733625,-113.45252864098299,1.0,-45.13982229363708,-43.46890378285123,-63.697233303082065
2015-09-03,1175,2014-09-05,2015-09-03,252,162,-2347.349331231511,-2201.644754741299,-4253.933573797261,-5024.241187204867,-5255.607129811724,0.9987760097919217,-1603.822552575586,-1750.9226846765355,-2829.7910117000833,-48.60837069167437,-42.80594787628237,-84.85619216911684,-99.21593339811646,-105.94578460972956,1.0,-46.561630332469534,-45.16250273297258,-60.68688185622423
2015-09-04,1176,2014-09-08,2015-09-04,252,162,-2372.0162916032064,-2248.8875573517535,-4273.173972416887,-5051.228156670797,-5298.4727857746175,0.998776758409786,-1612.3879450327115,-1766.3975155116777,-2890.560765174668,-49.37739078882939,-42.590645225064705,-89.60044975417037,-105.81077978649529,-113.03366336226328,1.0,-45.10593900174127,-43.94203658532184,-63.79181362838885
2015-09-08,1177,2014-09-09,2015-09-08,252,162,-2409.8457427413405,-2295.628306976526,-4332.79894886428,-5112.876597843077,-5355.461635333889,0.9975535168195718,-1628.401510593766,-1790.2770921001063,-2891.775144767834,-48.89408700517953,-42.33205992587456,-88.82252298412696,-103.3580402981976,-111.41245787035865,1.0,-44.84377208135452,-43.17263149025872,-64.33742515331718
2015-09-09,1178,2014-09-10,2015-09-09,252,162,-2431.3808358505885,-2336.4559792348805,-4361.296006707501,-5164.371205532088,-5393.854980651504,0.998165137614679,-1655.7124475188155,-1884.8097553914597,-2954.3107243227055,-236.0578518937332,-206.06864554837176,-412.26761912303505,-477.8322279330714,-501.365993283412,1.0,-207.1405767609487,-184.24639758836375,-315.83011306744066
2015-09-10,1179,2014-09-11,2015-09-10,252,162,-2399.9615119666837,-2315.4837397544,-4282.596249424788,-5057.314035922574,-5312.04850493815,0.9975535168195718,-1623.7875224934128,-1879.987683992177,-2946.931393935685,-48.6545797218328,-42.455622004526276,-85.18818329308105,-99.56056056857285,-107.1135555371671,1.0,-46.6074635066713,-45.38872022787691,-60.98544036905916
2015-09-11,1180,2014-09-12,2015-09-11,252,162,-2396.155633262306,-2333.6335098828104,-4310.266030694353,-5026.655649114853,-5284.981000060672,0.9975535168195718,-1637.1787233727634,-1872.2572642690889,-2955.9021625243286,-235.0274440215375,-202.832482105236,-417.85763446913427,-474.48348548472615,-506.7062479993429,1.0,-206.48999756027013,-186.8388633931852,-314.3392044052604
2015-09-14,1181,2014-09-15,2015-09-14,252,162,-2400.699008965285,-2325.888436408982,-4328.9286222171995,-5017.139618315521,-5317.690243427517,0.9969418960244648,-1624.8175172947015,-1854.2089573679286,-2908.6528788578753,-48.704883691594006,-42.671289782790105,-85.92371942591494,-101.21732338277324,-107.49006687516915,1.0,-46.569230203785274,-45.123465841159856,-60.59993878633902
2015-09-15,1182,2014-09-16,2015-09-15,252,162,-2404.568373625494,-2329.299705014616,-4310.427113281663,-5025.693281138054,-5305.518788706192,0.9975535168195718,-1614.4672349744149,-1794.6291841501024,-2960.1154400639907,-87.86703052927014,-67.57953019170886,-195.43841584732564,-242.38273342616995,-259.05029350332427,1.0,-58.26840207264663,-54.92947480020753,-112.16148514254151
2015-09-16,1183,2014-09-17,2015-09-16,252,162,-2408.03473703496,-2296.4690451139218,-4306.168454800646,-5061.938123012076,-5316.095008558155,0.9975535168195718,-1640.2504760535494,-1831.5340611850827,-2923.6318475263315,-225.47961465295933,-203.6924577542517,-378.7871158438253,-440.78031388089653,-467.4675339366883,1.0,-200.41937855219956,-185.59421165619204,-293.3272481966243
2015-09-17,1184,2014-09-18,2015-09-17,252,162,-2414.329579950065,-2312.3106705047903,-4333.4170036542255,-5064.372475390301,-5353.029644158729,0.9969418960244648,-1650.5553775481383,-1830.0577969763394,-2949.747332577743,-95.87909848621905,-66.42302120894912,-218.77417555034137,-277.3688778881527,-305.04412597129556,0.9964570416297609,-64.54305715475186,-60.28725611357729,-124.34639474528784
2015-09-18,1185,2014-09-19,2015-09-18,252,162,-2443.3349363446937,-2343.9464914732143,-4353.2331723356065,-5117.335779126572,-5376.430876304239,0.9969437652811736,-1662.5291511234548,-1888.898010030895,-2892.2825617628487,-48.609908918570646,-42.47240103751879,-86.88784251990973,-102.74769219593901,-109.5127761375982,1.0,-44.59455718086818,-43.26362085275234,-64.28989551489103
2015-09-21,1186,2014-09-22,2015-09-21,252,162,-2446.6546373388087,-2356.262658742503,-4378.046870323321,-5175.207188768613,-5406.705153921821,0.9969437652811736,-1681.2585089652653,-1863.1054324768936,-2967.6020653483492,-48.907230050316535,-43.01158684581629,-88.17042752005963,-103.42171437129959,-110.60504940042405,1.0,-44.931584475421595,-43.24659118998188,-62.659893005898475
2015-09-22,1187,2014-09-23,2015-09-22,252,162,-2433.5903061063855,-2356.3010612560975,-4338.363744722688,-5083.132137297836,-5338.999076098071,0.9969437652811736,-1677.5242944549752,-1897.0293990057135,-2969.1888861825773,-224.88362795533882,-206.7134381487952,-366.77215910099636,-415.47251725381625,-437.8506441110839,1.0,-201.86034273960854,-192.5137963812832,-290.1944805350067
2015-09-23,1188,2014-09-24,2015-09-23,252,162,-2419.574916565522,-2331.9038960452312,-4335.800098528667,-5054.485273954774,-5341.308414080386,0.9969418960244648,-1664.5381501194056,-1844.8875672315382,-2855.2630050848556,-224.3042332803587,-207.41502795360537,-369.3303989246385,-421.61670576797496,-441.47491832883,1.0,-200.9603653520168,-194.15028904494264,-294.7039078783536
2015-09-24,1189,2014-09-25,2015-09-24,252,162,-2438.913185385294,-2383.195352796063,-4311.59770445336,-5079.730164566103,-5346.028187388433,0.9975535168195718,-1687.8801830680036,-1880.1524422897025,-2985.78977513595,-48.657628316847024,-42.28965762072539,-85.15951156090375,-101.74390943064559,-108.33689450381823,1.0,-46.451315249671325,-45.23937673447311,-60.53361553929063
2015-09-25,1190,2014-09-26,2015-09-25,252,162,-2370.2919298341035,-2308.794077034401,-4228.71888829544,-4961.585359407313,-5226.814983711896,0.9981662591687042,-1625.1698444812964,-1751.186144944788,-2919.041588300207,-84.3950818447155,-65.50608837907194,-182.54709109110138,-232.66409097931498,-242.30678884610742,0.9982014388489209,-57.55532187935019,-54.883044659165186,-108.93018142914856
2015-09-28,1191,2014-09-29,2015-09-28,252,162,-2435.2348437973983,-2305.6644144089896,-4495.3219561191845,-5153.030756461988,-5505.541892386549,0.9969437652811736,-1679.9677526436863,-1860.0065584205693,-2973.5599944824726,-86.65237430519866,-66.45331591848623,-188.2357573460195,-247.69878012880096,-255.9836346994876,1.0,-58.62586641447154,-56.3630998416907,-106.33701418161786
2015-09-29,1192,2014-09-30,2015-09-29,252,162,-2421.3738898004353,-2318.0406017867813,-4366.239130102425,-5116.726900384066,-5412.168017479487,0.9969456322541234,-1647.1208558766011,-1826.2679405941885,-2950.5612595655407,-90.45515704217726,-67.55238487833272,-199.7003837327141,-249.01468908303593,-271.5542583612783,0.997457627118644,-60.67315925787962,-55.68747243377225,-113.58763746628927
2015-09-30,1193,2014-10-01,2015-09-30,252,162,-2431.533480899542,-2334.252356852623,-4366.271412890234,-5093.328239467675,-5422.565844022018,0.9981662591687042,-1673.8177722220648,-1832.0696903784465,-2950.0767306206344,-86.96951598416656,-65.7899614160363,-195.0486133094538,-244.0349990463167,-256.92043556725355,0.9991638795986622,-58.22226663403908,-58.65274876262362,-103.04411493780106
2015-10-01,1194,2014-10-02,2015-10-01,252,162,-2403.5338067391594,-2297.302799196127,-4333.1594890257475,-5067.658001594373,-5401.01167209497,0.9975535168195718,-1652.5619881880027,-1790.3326588824889,-2904.287613439518,-224.561063862861,-203.83433421290084,-373.29096552121297,-427.31875980917135,-449.5632137782137,1.0,-201.25823959066008,-187.83345321626572,-304.75471160326686
2015-10-02,1195,2014-10-03,2015-10-02,252,162,-2353.7893286493777,-2236.181710740838,-4245.036911075325,-4932.284163685488,-5265.828857410752,0.9981662591687042,-1612.87255181314,-1715.1668176152548,-2940.6837947722825,-221.92854443596642,-206.2966910321171,-350.82741740495555,-409.0671553657734,-440.33024612890506,1.0,-199.2491314125252,-192.31698013790304,-291.69825026835434
2015-10-05,1196,2014-10-06,2015-10-05,252,162,-2398.2271146094677,-2281.6521423219256,-4358.447018592544,-5052.555158519166,-5374.014351805452,0.9975565058032987,-1611.624211808934,-1741.029989253705,-2809.3011555633716,-48.25162818761672,-42.1734548613244,-84.38889749723255,-100.53047928835278,-107.48291804783663,1.0,-46.16604727793865,-44.79566603773093,-60.08072684900337
2015-10-06,1197,2014-10-07,2015-10-06,252,162,-2385.7322362924892,-2291.594153619716,-4331.0053137672985,-5021.360159939296,-5331.2690066492505,0.9975550122249389,-1587.4304004889148,-1733.367250031377,-2843.9947333468676,-218.4938259128331,-201.15420221907507,-355.2567178329807,-407.50445877650475,-430.07314142620334,1.0,-197.1943868287359,-187.3177344341645,-277.86685622081933
2015-10-07,1198,2014-10-08,2015-10-07,252,162,-2369.846028257063,-2232.380808481182,-4292.3376957271,-5026.539943718016,-5340.5595608994,0.9975579975579976,-1574.1624723167247,-1687.3318579989705,-2743.7011569848323,-215.59141096355606,-197.16401549809797,-355.70051910564973,-413.8930499514272,-437.8092116922635,1.0,-194.0037324313648,-177.33285592676305,-277.2815635934586
2015-10-08,1199,2014-10-09,2015-10-08,252,162,-2365.4789466543148,-2250.3013178050883,-4259.958617892693,-4987.441617459335,-5294.603293292536,0.9975594874923734,-1564.2336704899765,-1635.8367788849587,-2761.050476403462,-80.89499883305488,-61.307484595784075,-177.66981304761936,-219.21990174823347,-235.7084419762503,0.999128160418483,-53.32731682588363,-53.044226879033474,-95.90427544873651
2015-10-09,1200,2014-10-10,2015-10-09,252,162,-2327.085190218942,-2192.164273409225,-4181.606979353363,-4928.076516815892,-5233.608587133592,0.9975594874923734,-1543.4387508217815,-1610.4256361308837,-2721.355697534008,-216.3425194855203,-194.80191010374483,-356.86448109750415,-412.4955875647835,-437.8079374765454,1.0,-194.56261631513604,-182.68202623894533,-279.0431898657634
2015-10-12,1201,2014-10-13,2015-10-12,252,162,-2297.4018270447705,-2175.1108522046898,-4198.86947837504,-4907.735908168519,-5201.853912753452,0.9975594874923734,-1539.450952844405,-1619.9737210326339,-2790.8373546603016,-83.42523250847853,-61.37496399773894,-191.00635194156095,-235.46752461723423,-251.99189143965805,0.9973142345568488,-55.510249596889814,-54.621228122475564,-99.55367945317816
2015-10-13,1202,2014-10-14,2015-10-13,252,162,-2292.1379983725164,-2181.1405312786947,-4128.676456367053,-4887.347187325313,-5170.820095069065,0.9987789987789988,-1544.7261236859013,-1597.1830064668725,-2761.0859948918937,-92.47773188598975,-62.68561505187514,-210.53282358793376,-264.9206271621309,-320.4347878398194,0.996386630532972,-60.210724739080845,-54.00680115305876,-109.75655012739774
2015-10-14,1203,2014-10-15,2015-10-14,252,162,-2295.17342201752,-2207.5053937247885,-4112.692604984147,-4884.141193350734,-5126.566985256687,0.9993891264508247,-1535.6020488714735,-1613.2568060384765,-2765.5054346581564,-48.7095846618562,-41.59133551441015,-87.13935898509322,-103.68251329200373,-110.99245193239774,1.0,-44.80716000379144,-43.76802502219334,-62.68725431792809
2015-10-15,1204,2014-10-16,2015-10-15,252,162,-2349.8419265266043,-2249.8437675689224,-4183.520468343061,-4969.981438987886,-5243.226557893497,0.9987782529016493,-1589.934578838054,-1691.821281313133,-2821.2978203672515,-82.0415989037971,-61.59314462420848,-184.70170881924602,-229.1211670629053,-246.2637687613012,0.9991197183098591,-53.969951854932546,-53.57302401713028,-101.98006537943401
2015-10-16,1205,2014-10-17,2015-10-16,252,162,-2347.4314734086015,-2256.9437727546706,-4146.957446079958,-4930.411325468985,-5234.416035264779,0.9993894993894994,-1577.7543665180942,-1643.3331066083229,-2851.8325085930314,-48.819884699639076,-41.57944500296561,-86.74140071845468,-106.54269461654317,-110.81671116733253,1.0,-44.891351791892625,-43.84319610099192,-63.879022317472355
2015-10-19,1206,2014-10-20,2015-10-19,252,162,-2315.3360510666735,-2242.6775089613434,-4114.327273531883,-4906.165461058433,-5131.194026545048,0.9993891264508247,-1555.5969658235163,-1681.8372846101338,-2880.4741474922494,-241.17385785571537,-209.12759578787228,-411.7474488664708,-534.5728252647453,-577.0584508024928,1.0,-208.98124707843377,-197.4131757104782,-299.37289073495594
2015-10-20,1207,2014-10-21,2015-10-20,252,162,-2309.710858558253,-2232.316843883396,-4111.152838248186,-4906.750060942303,-5116.605357979043,0.9993891264508247,-1531.3591220332187,-1639.1736957307248,-2741.4040714827624,-48.29148933528931,-41.67199836062744,-86.47413486148746,-100.72220842246936,-107.77122698127579,1.0,-46.1697901740684,-45.143801218314664,-60.745489041185664
2015-10-21,1208,2014-10-22,2015-10-21,252,162,-2256.4717694645256,-2165.181179329521,-4043.4047218771666,-4751.573503202115,-5048.355391824841,0.9993894993894994,-1503.0431411138804,-1558.3317649336968,-2698.729646143689,-245.79510664925954,-208.9737500965273,-427.43812165010434,-568.8531113343515,-603.7632126340216,1.0,-212.91186993492434,-196.5241274139979,-320.2348041203174
2015-10-22,1209,2014-10-23,2015-10-22,252,162,-2275.544434291586,-2165.4828104258518,-4066.952266369196,-4792.137795589787,-5083.360329178778,0.9993898718730934,-1492.2126701170966,-1607.9515211259136,-2704.288711508348,-78.20235998826595,-59.622690395338026,-169.94196382550916,-214.0034841264055,-230.28004417082235,0.9990766389658357,-48.59182737638883,-47.99748521651726,-91.27170714675567
2015-10-23,1210,2014-10-24,2015-10-23,252,162,-2267.1793800666983,-2139.6489726892714,-4047.2259006185795,-4773.818717125906,-5061.903497357201,0.9987819732034104,-1482.1009792844832,-1559.567373832479,-2707.71782945245,-249.73105591115768,-210.90861505165353,-446.4435927635002,-578.9681110776094,-617.7723052939903,1.0,-214.59443417190445,-190.2092265542812,-344.5939441201412
2015-10-26,1211,2014-10-27,2015-10-26,252,162,-2269.4469563945277,-2149.3062306981374,-4069.467140766968,-4797.367833862369,-5076.671365867266,0.9987819732034104,-1487.3733688360778,-1576.6528095605681,-2704.583446636546,-76.01249262474963,-59.146436926831484,-163.23621869493422,-212.2514682164773,-223.56382342269043,1.0,-46.88386556358438,-46.24567889843047,-91.47212499286428
2015-10-27,1212,2014-10-28,2015-10-27,252,162,-2255.0268315912085,-2133.956840496649,-4095.1272193024106,-4800.820432606946,-5103.411276490417,0.9987819732034104,-1471.085300180826,-1544.7844746982846,-2694.191606252787,-48.606943224852884,-42.11356426113527,-85.80438814564337,-102.50078852964509,-108.5618139386371,1.0,-46.42229854512187,-45.95753977366058,-60.73143442505633
2015-10-28,1213,2014-10-29,2015-10-28,252,162,-2271.286788967699,-2188.755301317425,-4119.278367426351,-4855.851194472627,-5134.082735206788,0.9993909866017052,-1478.3300541417489,-1613.9587744605305,-2680.65962132722,-78.62661305431408,-58.78297285810478,-167.93972060141704,-213.411650455795,-233.88804448735235,0.9980824544582934,-49.229201222047124,-47.36860476178625,-93.24440350182766
2015-10-29,1214,2014-10-30,2015-10-29,252,162,-2259.4379834661504,-2114.3774709757363,-4130.730144036616,-4805.062701315704,-5148.3978944596365,0.9993906154783668,-1477.1666143164466,-1568.4656236934363,-2642.811382567122,-48.70772565263049,-42.52242052013128,-87.83165126340664,-102.91108052483335,-109.7571546441062,1.0,-46.629934195749826,-45.74519593731968,-61.65800652576357
2015-10-30,1215,2014-10-31,2015-10-30,252,162,-2289.5639425109675,-2141.8238681893154,-4173.089914234074,-4838.530271604755,-5173.185622196294,0.9981718464351006,-1473.571712094087,-1593.6302302996883,-2618.226972456203,-48.23584819854194,-42.22885265908742,-84.65701617479456,-102.76715615275134,-108.32976478155813,1.0,-46.21228367535569,-45.17171655323673,-60.54609542050372
2015-11-02,1216,2014-11-03,2015-11-02,252,162,-2279.7600122972135,-2150.889670528221,-4132.6124787123335,-4839.102936608998,-5137.772980314193,0.9987812309567337,-1475.6369237535516,-1602.4955520394874,-2678.9597771989656,-49.9149097628926,-42.78233536585863,-89.29173516631145,-108.88554839858553,-116.16101011083668,1.0,-45.601464234676946,-44.065846068365026,-64.40725171181803
2015-11-03,1217,2014-11-04,2015-11-03,252,162,-2286.4644241968176,-2144.099178529982,-4148.089246578644,-4873.336081173136,-5166.673695874653,0.998780487804878,-1498.1595884471633,-1620.0743056004403,-2634.8197909561873,-50.381217044229956,-42.96350690086864,-91.6420392905972,-107.38253446594052,-117.67804632920826,1.0,-45.953862145076954,-44.723246509535095,-65.55299174776749
2015-11-04,1218,2014-11-05,2015-11-04,252,162,-2283.370437326837,-2114.091886162292,-4151.992423652693,-4863.370414945777,-5177.952915480375,0.9981707317073171,-1485.9684098860828,-1649.1560895155105,-2687.27303931529,-80.08804619686373,-58.655703865040635,-177.4874760537385,-227.02855096511627,-245.12329387276296,0.9990494296577946,-48.91675899408192,-45.00228737651778,-95.78449250553979
2015-11-05,1219,2014-11-06,2015-11-05,252,162,-2266.613569278869,-2079.864386853178,-4175.752417308746,-4815.221418496749,-5189.694461176605,0.9981707317073171,-1488.1257904001914,-1655.1133170738105,-2596.9633728821627,-48.69034267759827,-42.94430074564103,-84.83272958491234,-102.60759262632881,-109.43768668192615,1.0,-46.535972107525204,-45.48144141743563,-61.71387915476795
2015-11-06,1220,2014-11-07,2015-11-06,252,162,-2216.468136971801,-2081.246742163503,-4090.104645411856,-4747.185066295721,-5063.23531042969,0.9975624619134674,-1456.7368579658305,-1594.0141675680038,-2575.92022365981,-83.66069530515382,-57.76649482972258,-183.28188867245873,-242.78910124580543,-259.98452363082123,0.9990281827016521,-52.10460155963241,-51.094681234381696,-105.60856982936711
2015-11-09,1221,2014-11-10,2015-11-09,252,162,-2223.8514565161745,-2057.2205661577445,-4088.1981357743384,-4784.257534242898,-5102.698776439632,0.998780487804878,-1477.6657084562487,-1608.6487142644346,-2556.0265559555132,-204.6373923273774,-187.9099884116836,-336.62965775550333,-385.6226082041016,-401.14793903689133,1.0,-186.15184847953594,-178.10500268921834,-270.11349563513755
2015-11-10,1222,2014-11-11,2015-11-10,252,162,-2207.8518881901846,-2056.0664602600737,-4091.964538669529,-4797.206243134019,-5062.378015047458,0.998780487804878,-1466.6629761762088,-1603.9614930443886,-2557.0037672868466,-51.061390413808724,-44.374685737216566,-91.41761792464226,-109.33716698753815,-118.05345252839574,1.0,-46.61920007448397,-45.06946114963908,-66.02892543481994
2015-11-11,1223,2014-11-12,2015-11-11,252,162,-2191.3275301325907,-2037.6763090675254,-4051.6747911390225,-4739.567365253946,-5031.4390087614265,0.9987797437461867,-1447.3168994432287,-1586.943037446499,-2556.9063276091315,-86.075914173785,-61.33701561935689,-188.1613378138373,-242.91161908159935,-266.6629606748839,0.9980582524271845,-52.98307964361415,-53.89201350051236,-105.52492120651073
2015-11-12,1224,2014-11-13,2015-11-12,252,162,-2207.4166809991225,-2025.5320337381302,-4071.3596236931003,-4802.971155508852,-5067.905287777119,0.9987797437461867,-1461.2722404159188,-1588.2481807738136,-2594.0829822903647,-202.58807605977148,-189.36925114896593,-324.0004393581983,-370.3407386473559,-383.0779543044688,1.0,-185.67382037509051,-176.03923435719946,-270.7150467118037
2015-11-13,1225,2014-11-14,2015-11-13,252,162,-2203.3431053245217,-2050.923503799267,-4070.29559034817,-4774.5590252186075,-5040.930300650412,0.9987797437461867,-1464.6528633544024,-1593.0042567343698,-2551.5178474821564,-206.5837637633568,-197.24121387526606,-329.36248496109334,-367.6324283889821,-386.92369044188797,1.0,-188.31084687664895,-174.8580890415926,-272.71688779865207
2015-11-16,1226,2014-11-17,2015-11-16,252,162,-2203.3397474872327,-2058.431735209747,-4022.332453681451,-4739.19948188803,-5003.928981248457,0.9987797437461867,-1458.3424871998945,-1587.3464208767707,-2625.8008594431926,-81.16827996232001,-60.95366504728129,-177.65153204299236,-232.29071769125164,-245.13525959821249,0.9990566037735849,-50.070936895040774,-47.82979984368146,-102.76461057681969
2015-11-17,1227,2014-11-18,2015-11-17,252,162,-2204.4741153721843,-2069.501788519131,-3995.5835002744516,-4700.252576900481,-4980.95455380076,0.9987797437461867,-1458.5396214902169,-1578.6718737350925,-2581.2673114166305,-48.77682076401009,-43.22432627952026,-85.16854299856622,-103.4618423904296,-108.83660329618776,1.0,-46.777005388866066,-45.23469357752745,-60.42003530622481
2015-11-18,1228,2014-11-19,2015-11-18,252,162,-2218.011930013612,-2095.7605875429563,-3964.6561206250094,-4649.176007903177,-4952.87882115928,0.9987797437461867,-1470.7780818237695,-1609.4551979768105,-2641.6721734199446,-214.94967436834204,-203.19149242440204,-348.7251151031097,-399.1046500916137,-414.7624527097316,1.0,-194.0002192753953,-185.96363384426024,-292.98497360627096
2015-11-19,1229,2014-11-20,2015-11-19,252,162,-2227.9779696956994,-2074.319660781755,-3998.48085764972,-4722.656639399344,-4999.217420002471,0.998780487804878,-1482.7418333786482,-1633.5810486436421,-2633.1519436080944,-51.01002379986727,-43.70841382742784,-93.41744290940852,-112.0086723734293,-119.0934571795791,1.0,-46.49597002437631,-45.35187630804533,-68.49008072743146
2015-11-20,1230,2014-11-21,2015-11-20,252,162,-2230.7453430237965,-2105.2257565462014,-3982.819233464372,-4709.898899336072,-4973.608712380629,0.998780487804878,-1473.6712525650428,-1607.4409782819214,-2655.597033064592,-49.134001777920766,-42.899860058506604,-87.33417680466073,-105.5078945386712,-111.35375819399064,1.0,-47.098045475086806,-45.43897741676962,-61.62301837643701
2015-11-23,1231,2014-11-24,2015-11-23,252,162,-2226.190468046718,-2107.258131808182,-3997.898717877153,-4706.97155468417,-4975.65195835476,0.998780487804878,-1466.541339044706,-1592.3549212368705,-2617.8374033805376,-216.96857330312454,-205.0313495449903,-349.8243065497554,-393.2733043707898,-412.32275126321315,1.0,-195.29691849309643,-179.25338734651615,-294.34779024000596
2015-11-24,1232,2014-11-25,2015-11-24,252,162,-2212.0679418394457,-2092.456271979021,-3988.6123058508983,-4651.74125386934,-4950.501416329716,0.998780487804878,-1455.143340984267,-1589.8086939512382,-2613.9010841538375,-51.9031133040067,-44.37035843724326,-96.60887513035283,-115.16802058734562,-122.7729180968573,1.0,-47.21146047354594,-46.09262863311538,-67.63812295089065
2015-11-25,1233,2014-11-26,2015-11-25,252,162,-2206.500502475963,-2097.0768913185066,-3980.5396463111147,-4673.948531484417,-4945.853689354532,0.9981707317073171,-1442.913408461334,-1564.1455744657983,-2604.7089586428065,-228.20443352750686,-211.7537888520287,-378.7080575677692,-437.45818094950147,-458.6492721998398,1.0,-203.37406388440138,-189.35716471847164,-303.66590462963853
2015-11-27,1234,2014-11-28,2015-11-27,252,162,-2210.1764131684677,-2079.335889802359,-3974.3250778330016,-4682.5771930277415,-4946.380113485157,0.9981707317073171,-1447.9395488732175,-1583.6468576484292,-2596.1788765036567,-79.74776387904737,-59.81145218234373,-170.70912120288764,-219.13886575019305,-241.6380104907428,1.0,-50.097936999126006,-51.08669909531197,-98.01579037224887
2015-11-30,1235,2014-12-01,2015-11-30,252,162,-2227.46664428669,-2086.1942721321943,-4041.1235076896664,-4702.120609552773,-5010.4825909234405,0.998780487804878,-1467.1872335990292,-1612.5784759023845,-2625.494528363965,-50.019438563219204,-43.68500537626147,-89.91223270791957,-107.72224912932388,-114.12099773445408,1.0,-47.848863405434635,-46.35178879655632,-62.40380097209677
2015-12-01,1236,2014-12-02,2015-12-01,252,162,-2239.1114821815045,-2101.7668757392175,-4036.339054601583,-4725.8141176883355,-5024.076868592812,0.9981707317073171,-1478.117633313998,-1629.9763632172612,-2627.9259679389115,-52.09745158618605,-44.238102277802355,-97.48417659144825,-114.93142470932304,-122.47940951200125,1.0,-47.503953454439454,-45.934085509316176,-69.77264401229432
2015-12-02,1237,2014-12-03,2015-12-02,252,162,-2239.1820632619383,-2103.503939316253,-4053.6573148999196,-4770.176030543108,-5031.041177876013,0.9981696156192801,-1473.848455145102,-1596.103536279697,-2639.183535480172,-52.22610248020728,-44.444925918717225,-97.2209139270291,-115.47016231229254,-123.54086453226832,1.0,-47.571112663215324,-45.205973435887344,-70.01121741384326
2015-12-03,1238,2014-12-04,2015-12-03,252,162,-2243.1200175850954,-2139.3190192670736,-4051.915375491503,-4716.8691225794955,-5016.610827459136,0.998780487804878,-1481.821275837118,-1580.5515563251192,-2675.373269937442,-49.905882384271884,-43.393687458020764,-89.54463129320344,-108.25967305242773,-114.07500719805068,1.0,-47.71773502806642,-46.52974920131665,-63.04174919373476
2015-12-04,1239,2014-12-05,2015-12-04,252,162,-2274.347307402455,-2134.267269107563,-4087.518563034355,-4768.117900288114,-5089.609666105381,0.998780487804878,-1502.2149033663457,-1626.5142289650098,-2689.7130587734073,-79.71803536953588,-62.87737880600039,-166.41435325509806,-207.12323735686118,-229.97782534822986,0.9991119005328597,-51.498654377042776,-51.664758350987356,-98.00269915153311
2015-12-07,1240,2014-12-08,2015-12-07,252,162,-2271.330844843327,-2130.2546211419685,-4087.15215754744,-4757.423072384899,-5082.029730946995,0.998780487804878,-1506.0002136833432,-1646.2017017797248,-2722.8710851344767,-79.5348737215971,-62.41244324593422,-163.4949607134824,-204.04037686149192,-227.19961361868067,1.0,-51.17107455576071,-49.467672045062685,-95.17082253314803
2015-12-08,1241,2014-12-09,2015-12-08,252,162,-2285.3360180454883,-2155.438766622988,-4096.970864271712,-4767.010877463102,-5081.8081440760025,0.9987812309567337,-1536.097626366631,-1700.5630559649117,-2752.5568134858927,-82.224113145628,-64.720452738262,-173.13632333779657,-211.84951741450297,-229.35437658494965,0.9982222222222222,-52.899505189410306,-51.14229979879136,-107.44122442251593
2015-12-09,1242,2014-12-10,2015-12-09,252,162,-2316.8473802850667,-2198.728773549804,-4190.896788873125,-4905.794924993798,-5177.875359876775,0.9987819732034104,-1557.4985832506152,-1726.2918434643757,-2813.8643328947473,-79.43338695856842,-64.52152404365896,-161.64197382448342,-204.40041967113163,-220.23675391640535,0.9982363315696648,-51.940666948728264,-52.23984242872393,-95.35311424004254
2015-12-10,1243,2014-12-11,2015-12-10,252,162,-2282.4340166234865,-2166.6263924190425,-4132.734929399631,-4812.45247065417,-5103.12643244043,0.9987834549878345,-1545.2039210839268,-1675.588353107835,-2775.4109093822335,-232.32096214875727,-213.18769733722326,-393.58695562108625,-450.764806330353,-472.0963453797045,1.0,-205.75142852494187,-188.8893969918048,-314.98464253033
2015-12-11,1244,2014-12-12,2015-12-11,252,162,-2273.680868644828,-2203.652904638275,-4055.9380071399637,-4728.1347066652725,-5024.313702064506,0.9987834549878345,-1513.308541351519,-1621.1579750559908,-2800.3820274087698,-84.25765891259897,-65.3365854956523,-180.2904685691503,-235.94195323025377,-246.43814532344203,1.0,-53.955124259297186,-51.304746769890684,-103.43400209137593
2015-12-14,1245,2014-12-15,2015-12-14,252,162,-2240.748243245071,-2149.382624697054,-3994.4746231125782,-4672.487869324132,-4962.472124991999,0.9987819732034104,-1483.9742869649458,-1602.2737674262307,-2702.1049373443398,-84.75938379208199,-65.56267715732939,-178.51524903234395,-216.86833151372392,-250.04382406282684,0.9981801637852593,-54.2456809285016,-53.457380043331696,-101.87249542812671
2015-12-15,1246,2014-12-16,2015-12-15,252,162,-2235.6673373129,-2140.2591036455824,-4007.276910531643,-4695.578347535211,-4971.1285416356595,0.9987834549878345,-1478.376195741808,-1624.4735422524413,-2710.7328387127286,-75.71423044412099,-59.91516165391974,-158.90335422786634,-192.22176019336047,-210.87675841515855,0.9981701738334858,-48.80242181643084,-47.879051465302055,-96.26516963274844
2015-12-16,1247,2014-12-17,2015-12-16,252,162,-2266.635015080927,-2190.7397132769856,-4128.404602637502,-4782.994205197593,-5079.438752625132,0.9987834549878345,-1518.0402331345645,-1705.773721768549,-2786.6753637531697,-232.2273463373084,-208.92868914313615,-385.43604747858586,-478.6900521228027,-512.6014729050212,1.0,-204.74087105411238,-184.33734668382903,-310.4568449967402
2015-12-17,1248,2014-12-18,2015-12-17,252,162,-2249.1461415024864,-2182.006063717488,-4019.584642639189,-4725.539001450995,-4975.487453234563,0.9987841945288753,-1487.5869254219206,-1655.1387989159082,-2791.1774367165613,-82.23127866281686,-63.770707796460016,-172.7296495281884,-213.2729651682071,-229.01111359865666,0.9990800367985281,-52.67828045964946,-52.214122291297315,-101.36356817090414
2015-12-18,1249,2014-12-19,2015-12-18,252,162,-2273.3359597990348,-2211.9412480363812,-4023.956297537563,-4733.915089902716,-5007.236258661225,0.9987841945288753,-1522.2683428116807,-1687.6223593589557,-2871.272727310896,-51.83594151315727,-43.79649475321628,-95.5717505015742,-113.45258486014215,-122.78286233901451,1.0,-47.09137312893501,-45.194512579672434,-68.3664475576159
2015-12-21,1250,2014-12-22,2015-12-21,252,162,-2292.812552700605,-2220.454610315811,-4024.857796900198,-4776.7306521024075,-5059.138445646144,0.9987841945288753,-1509.0366470089198,-1648.0321132504546,-2862.683922786659,-50.004924543353155,-43.155905288286284,-88.58889484577173,-107.41516679262338,-114.43850339280458,1.0,-47.59095611537842,-46.155107887240895,-61.586693968437665
2015-12-22,1251,2014-12-23,2015-12-22,252,162,-2281.9937895387425,-2209.310721991422,-4036.801683446162,-4761.222239908294,-5024.011207067844,0.9987849331713244,-1508.2758551590457,-1640.6957670248844,-2841.658354242112,-50.07185853735629,-43.717909586417804,-88.36806489757475,-108.60982515882516,-115.36793251234211,1.0,-47.66028258460837,-46.2568971030999,-61.62124420425159
2015-12-23,1252,2014-12-24,2015-12-23,252,162,-2267.6225132044806,-2209.2385893198816,-3981.8557258423534,-4731.201830852129,-4977.752314697095,0.9987841945288753,-1498.5436610221075,-1620.4712363617195,-2850.232932046441,-77.82312895499997,-58.46724708769712,-162.89748815730476,-196.4275541784708,-220.44116062173205,1.0,-49.32310029493049,-47.383359821187945,-96.39285027137166
2015-12-24,1253,2014-12-26,2015-12-24,252,162,-2276.31942637832,-2216.8501161924764,-3978.716546066295,-4739.520343858263,-5001.645850862639,0.9987841945288753,-1502.5646786567943,-1647.293732900931,-2869.3356720139004,-231.49183124214642,-208.89101808193647,-398.0888803068246,-467.41807828801484,-494.24240313298975,1.0,-203.4546365043921,-191.1866701149724,-314.3508996618342
2015-12-28,1254,2014-12-29,2015-12-28,252,162,-2276.0663898709813,-2203.3341577904166,-4000.0276981564493,-4737.595969295367,-5006.706452609508,0.9987841945288753,-1502.3479520228898,-1642.3404189857765,-2868.2149312458423,-83.41301631487735,-63.25839311523085,-178.75731616714646,-213.93191570858573,-240.11804250482064,0.9954296160877514,-52.97027414649167,-50.321595436860775,-100.86300574418475
2015-12-29,1255,2014-12-30,2015-12-29,252,162,-2281.527823142796,-2231.3929883326455,-4018.119112328812,-4773.398544574204,-5024.510937337348,0.9987841945288753,-1507.1663056722505,-1630.317412511969,-2903.9102375482466,-228.36505726011396,-205.8985286084149,-399.8847810742747,-462.22782678789514,-496.11495518747563,1.0,-201.28424720392047,-186.54604384115146,-311.10712389642305
2015-12-30,1256,2014-12-31,2015-12-30,252,162,-2284.1150623463377,-2236.582543136396,-4016.7699856627446,-4738.891057878455,-5018.606944103893,0.9987841945288753,-1503.8823296102407,-1627.6115896678996,-2908.521783288574,-83.45800581068788,-64.48308903453746,-178.2037508440866,-216.99246308903096,-238.3831470833982,0.9972972972972973,-53.441599680252324,-50.70372919668101,-109.9028447335616
2015-12-31,1257,2015-01-02,2015-12-31,252,162,-2305.1840632420576,-2257.9283296100166,-4047.6254848728004,-4813.824073431423,-5085.283900661596,0.9987841945288753,-1520.1028093087577,-1724.5682109525756,-2941.1340514563035,-50.0315941573312,-43.38474231813076,-89.48108216743745,-105.82666327211403,-114.87297762653745,1.0,-47.614322006844745,-46.29964640890482,-62.15421012508053
2016-01-04,1258,2015-01-05,2016-01-04,252,162,-2334.665971665371,-2265.814242346635,-4094.8970646658877,-4819.605540572437,-5108.704804739977,0.9987849331713244,-1544.3573658405053,-1767.452120093202,-2978.7611641203416,-51.99604034843668,-43.256987436448966,-96.17591119078276,-115.079741096407,-123.66060284413814,1.0,-47.066172959047414,-45.19252832550646,-68.05158935819387
2016-01-05,1259,2015-01-06,2016-01-05,252,162,-2313.9767576036616,-2215.1705604653644,-4141.853457118791,-4821.662106538943,-5106.0207346603975,0.9987849331713244,-1559.6851445799518,-1757.9093498931466,-3028.7233524468907,-217.6150132976078,-195.49206539523493,-374.6289243483863,-433.0998286328645,-455.6367924336814,1.0,-194.449261705395,-178.0559833772444,-297.1305248470038
2016-01-06,1260,2015-01-07,2016-01-06,252,162,-2311.01898533358,-2232.3404786391225,-4121.695801326905,-4806.011285385325,-5116.706668833388,0.9987841945288753,-1548.0929444360906,-1722.5777201023343,-3039.9377909070654,-52.0427311360328,-44.2108849708702,-96.83020122032882,-116.70831056466254,-124.0693305076614,1.0,-47.04967555954582,-45.58975567825005,-67.92444219785892
2016-01-07,1261,2015-01-08,2016-01-07,252,162,-2365.0105146263113,-2268.865779397023,-4223.946856086707,-4875.872782693097,-5168.082741197931,0.9993924665856622,-1584.3847300925304,-1763.6978225773105,-3035.494138937307,-52.204754298018266,-44.46557258960674,-96.41378159856797,-119.5471801418071,-124.6093986490263,1.0,-47.42641183381657,-45.63533114550647,-68.91687839719172
2016-01-08,1262,2015-01-09,2016-01-08,252,162,-2370.0568182124175,-2298.6883871102746,-4178.069969905848,-4837.746829544101,-5153.680456345208,0.9987856709168185,-1575.3167291017003,-1828.231319583559,-2945.004334196371,-223.9748433145634,-205.5214864497213,-378.0660507734443,-444.70082453092317,-470.01183568454996,1.0,-198.997580153676,-183.9236217221232,-307.6989999629153
2016-01-11,1263,2015-01-12,2016-01-11,252,162,-2337.0646412394685,-2247.0335347797754,-4146.053113098421,-4807.7610127195885,-5127.530917617928,0.9993924665856622,-1572.355687882054,-1782.8260637143635,-3041.3819034154108,-222.70293496242562,-199.41787601285841,-380.5294443472682,-435.82637741763466,-469.81651577133175,1.0,-197.42191948709635,-176.77497504798907,-305.370475961203
2016-01-12,1264,2015-01-13,2016-01-12,252,162,-2333.8400328502053,-2238.1392608938563,-4137.255400551833,-4855.143661525599,-5128.801494527033,0.9987856709168185,-1564.9821795828573,-1787.1042022037996,-3003.616047313302,-221.7290049926557,-206.78948782367945,-370.81687797652603,-434.1620371084844,-453.4327477787727,1.0,-197.2255961126948,-178.07284172018947,-306.30143776578126
2016-01-13,1265,2015-01-14,2016-01-13,252,162,-2397.740286996611,-2276.700744076104,-4255.762299975892,-4986.356930657124,-5267.483823571024,0.9981773997569866,-1599.2659417579205,-1807.3835542809907,-3060.981437881621,-52.643462554214224,-44.684827553354296,-97.46650923752068,-118.28051688143248,-126.75744427190048,1.0,-47.66223888207632,-46.58078318207153,-69.37789857346331
2016-01-14,1266,2015-01-15,2016-01-14,252,162,-2399.0165957752624,-2291.8566909721567,-4226.83370602955,-4939.193471315729,-5241.783486618711,0.9981773997569866,-1598.8460111433203,-1839.9159664608583,-3059.4061767353282,-52.713346372550426,-44.402925092099466,-97.22173035482336,-119.86727129621062,-126.76067897801993,1.0,-47.80505798268668,-46.037058965835186,-68.96463423318224
2016-01-15,1267,2015-01-16,2016-01-15,252,162,-2426.8136841363585,-2321.28139905032,-4289.883512272033,-4981.897693589594,-5328.962792929758,0.9981773997569866,-1591.9382090031102,-1809.057164346031,-3077.7831172892443,-50.231714235083615,-44.006407975526024,-89.71694508534723,-107.24334843719849,-116.091464471005,1.0,-47.91427499016528,-45.85970539337557,-62.82033610016895
2016-01-19,1268,2015-01-20,2016-01-19,252,162,-2396.115574734897,-2287.7065455023,-4234.3911881886825,-4964.511123652998,-5252.332789499453,0.9993924665856622,-1600.32913529854,-1768.0814631804792,-2999.261026297951,-215.85231087810064,-196.35222399481938,-363.0637675516912,-420.654657789147,-441.9502444916457,1.0,-194.0309499529041,-176.50101711612174,-296.6491504203853
2016-01-20,1269,2015-01-21,2016-01-20,252,162,-2355.982065813156,-2242.375860290657,-4175.505865176028,-4836.4417348853185,-5171.041824531721,0.9987841945288753,-1566.4348657529529,-1774.8150039484185,-2888.714995702881,-220.97975549940764,-204.57366626819604,-377.1127362626603,-428.62928112784294,-455.82712861870357,1.0,-197.25542403661885,-175.78152776534898,-310.54966607606093
2016-01-21,1270,2015-01-22,2016-01-21,252,162,-2339.9586481680526,-2216.7541768119163,-4154.886757517715,-4809.724170115413,-5111.012026240308,0.9993920972644377,-1555.9522635884834,-1717.345971398855,-2917.928638839818,-225.07720918621467,-206.9686578049843,-380.4024065390499,-438.31530541455646,-462.7273987351336,1.0,-200.1591591641213,-182.86798361678802,-307.18941807652794
2016-01-22,1271,2015-01-23,2016-01-22,252,162,-2319.956730954661,-2203.32731554033,-4115.902898084501,-4714.9966539918,-5023.02245910906,0.9981773997569866,-1525.5299439172823,-1659.2361193341746,-2873.3791927789034,-51.90563373617542,-45.176240269278786,-96.44076138929813,-114.31648232774754,-122.6318004688642,1.0,-46.94789619602047,-45.53733594510835,-68.37731735496003
2016-01-25,1272,2015-01-26,2016-01-25,252,162,-2344.4465231216423,-2262.8834929785035,-4095.775195362409,-4697.119207067962,-5005.379652797921,0.9987849331713244,-1547.55785910906,-1809.6057978481642,-2716.57279149367,-84.64991175944635,-64.25799030464051,-180.69086217345682,-225.56825401142547,-242.72699240029723,1.0,-55.46778550916826,-54.457884166432365,-97.83124690793997
2016-01-26,1273,2015-01-27,2016-01-26,252,162,-2356.239626087197,-2269.5103796910344,-4153.889576270811,-4731.278225868183,-5041.745061758008,0.9987856709168185,-1567.9461917469812,-1814.4512636436534,-2718.919399656346,-49.524406420080226,-42.88628477703496,-89.7656223280563,-107.94781028855742,-115.3113855478113,1.0,-47.21318201923006,-45.97663563922743,-61.82268133653658
2016-01-27,1274,2015-01-28,2016-01-27,252,162,-2335.00370659922,-2258.2548045794383,-4112.194557624959,-4758.802693027458,-5013.121419569232,0.9987864077669902,-1558.5148319587556,-1735.8181063004072,-2752.682874692746,-87.99890316791388,-69.71197401386702,-183.96278458584382,-222.47132890678512,-243.60605023927448,1.0,-58.09180907799041,-59.640020975258864,-105.79058346469766
2016-01-28,1275,2015-01-29,2016-01-28,252,162,-2261.83232537694,-2227.2217436233254,-4017.995456557469,-4525.085229729836,-4779.569224705678,0.9981785063752276,-1466.0549877238727,-1495.3957074785817,-2650.126666580825,-239.39795112269195,-214.60410563952044,-412.66469109508296,-474.7527410725965,-503.70196062277773,1.0,-211.4175579088238,-200.08075825069696,-304.03882705631355
2016-01-29,1276,2015-01-30,2016-01-29,252,162,-2304.6086861706667,-2266.4344055732686,-4085.3960647867275,-4579.262996809323,-4828.498763298613,0.9975713418336369,-1495.237678249524,-1513.5964951978967,-2728.5899298584354,-79.95253584497806,-66.54763939455154,-160.08752010650898,-201.99642298582208,-213.67643781480066,0.9991652754590985,-53.23195210125973,-52.45408665832793,-96.2995047727987
2016-02-01,1277,2015-02-02,2016-02-01,252,162,-2299.199602978941,-2281.8562589904222,-4009.9924605375795,-4521.541785746014,-4766.714884575184,0.9975713418336369,-1484.0050292419683,-1545.6844507479414,-2730.757256586408,-83.587385660152,-65.545075365876,-175.7319535930072,-214.90623965121617,-235.07291576321492,0.9983093829247676,-55.43042400947793,-55.5448392175296,-93.71929309096592
2016-02-02,1278,2015-02-03,2016-02-02,252,162,-2339.6151818162316,-2280.205877656931,-4084.671430261164,-4642.126455758387,-4881.10243726767,0.9981785063752276,-1518.0546144684133,-1596.4006602192321,-2710.7756384218405,-227.44503508460855,-199.51781366648675,-393.2655598448434,-457.82795802134916,-485.74718334733325,1.0,-201.95443657922144,-191.5829564292191,-296.65979616404866
2016-02-03,1279,2015-02-04,2016-02-03,252,162,-2297.763815892163,-2225.5083236980154,-4051.9002865956713,-4621.260371731149,-4855.782828310312,0.9975713418336369,-1485.3217119893616,-1522.5449352882756,-2678.225809524004,-78.36767731316903,-60.77813546363882,-162.88782055375182,-200.69598418787126,-215.10470755844912,0.9991445680068435,-51.34094934780484,-48.19895668723614,-92.45712684145046
2016-02-04,1280,2015-02-05,2016-02-04,252,162,-2263.8670394503474,-2227.797216134237,-4029.0835578699903,-4493.71434814654,-4804.179983704295,0.9975698663426489,-1455.9526472511538,-1477.9271328253412,-2670.810308851553,-224.678145109503,-200.7770255491866,-391.54375709529194,-457.33497566787963,-481.32406705780977,1.0,-199.01479439355552,-191.11955696239818,-291.66224327488084
2016-02-05,1281,2015-02-06,2016-02-05,252,162,-2220.6730965632187,-2178.3966203408286,-3901.8779473522304,-4433.994253995293,-4685.222167011596,0.9975683890577508,-1432.589861450243,-1470.2536685210107,-2683.4137950848817,-49.987071110628435,-43.809147058800576,-89.63985361130803,-108.09757980928255,-113.09090992815304,1.0,-47.88622283851568,-47.38473132546229,-62.95666926205846
2016-02-08,1282,2015-02-09,2016-02-08,252,162,-2280.9753106447956,-2171.4317495279424,-4043.479159879519,-4623.561783387719,-4870.883901116592,0.998176291793313,-1509.734805802017,-1562.2808553832106,-2745.7350752996113,-85.00823592255519,-63.67648505617383,-179.32911114890555,-223.1726745780288,-258.5351461741643,0.9983193277310924,-57.78301664691351,-55.84742917030995,-112.67330162978688
2016-02-09,1283,2015-02-10,2016-02-09,252,162,-2274.73463481677,-2189.6769715050236,-4016.6791873753414,-4635.254906109582,-4837.55024719817,0.998176291793313,-1513.0615713025236,-1566.7171448221002,-2721.6139022556094,-49.4209442339195,-43.38870126358361,-88.07680211877681,-104.50405910419522,-110.50806532080726,1.0,-47.456865335174065,-46.31223537448825,-62.301246532181665
2016-02-10,1284,2015-02-11,2016-02-10,252,162,-2236.9582671842613,-2131.8499378462448,-3980.9942360335153,-4553.565851358943,-4817.891943914315,0.9987856709168185,-1499.2374842580907,-1548.4402732085914,-2663.5837881625716,-50.5074790867938,-43.834364565631745,-93.4361057221264,-108.5574088651853,-117.29993265116808,1.0,-46.4397571008356,-44.249705510737236,-64.01684826299784
2016-02-11,1285,2015-02-12,2016-02-11,252,162,-2228.92504252652,-2095.7009700784147,-4007.9468550003053,-4586.363701802202,-4884.578450376084,0.9987849331713244,-1491.296010148632,-1543.4419984668318,-2733.2573977462503,-51.42753548185477,-44.14679652035422,-94.31625297654546,-112.68843800695228,-119.82745624324855,1.0,-47.27706666621778,-45.424382918472745,-65.83265976516925
2016-02-12,1286,2015-02-13,2016-02-12,252,162,-2279.6934964692487,-2195.8089588419216,-4095.155294095715,-4668.2807768207695,-4961.170409896627,0.9987849331713244,-1528.515501897806,-1616.174166965155,-2754.8760466824406,-76.44540714171616,-61.021032235902766,-162.7696383576149,-198.05016387979794,-212.33843853156878,1.0,-51.56962340365315,-49.905584536699706,-93.79999600279594
2016-02-16,1287,2015-02-17,2016-02-16,252,162,-2323.3692355303315,-2184.409720992747,-4169.436878965077,-4774.147908372214,-5093.21194837608,0.998176291793313,-1555.9882033931765,-1645.3816252940405,-2792.020886307102,-81.98860042600482,-65.00691293219157,-179.5919360483068,-216.33613008623618,-233.95776804321034,0.9982847341337907,-56.46729059366141,-54.827142336410276,-101.06460084147105
2016-02-17,1288,2015-02-18,2016-02-17,252,162,-2346.667288873167,-2247.755175966113,-4231.814526152342,-4829.482656516146,-5129.80358675856,0.9981773997569866,-1573.3265744068,-1658.133514195852,-2764.435382318977,-50.96513250454084,-44.84400530786428,-93.5258346034908,-110.64323207347037,-116.70049586472318,1.0,-46.94148630733248,-45.09654345047168,-65.27430597395306
2016-02-18,1289,2015-02-19,2016-02-18,252,162,-2333.171305231034,-2227.9662589176514,-4137.061942324471,-4775.406908311924,-5070.265952558292,0.9981785063752276,-1553.860666484746,-1659.2637726532434,-2758.251683764547,-79.40997044450788,-62.301180459528446,-173.0794032116978,-209.2989659842753,-224.1871501100036,1.0,-55.59103235546704,-54.223658720785004,-99.53508420407185
2016-02-19,1290,2015-02-20,2016-02-19,252,162,-2330.6341330079304,-2217.9763319920708,-4150.01939321471,-4763.393669496888,-5071.462929607784,0.9981785063752276,-1564.1575634313244,-1671.6324247782973,-2829.0491063839345,-262.1458846347702,-219.0962633309855,-481.4805590434963,-592.8606925166746,-626.1252917661496,1.0,-224.00819621817064,-200.09610877259811,-343.06408884779796
2016-02-22,1291,2015-02-23,2016-02-22,252,162,-2356.6303943184985,-2257.4299744017003,-4202.512396090661,-4796.170723724455,-5116.68192547356,0.998176291793313,-1579.9997001478919,-1689.0006504226951,-2883.8116094120037,-263.2377713043368,-218.9047675511689,-497.98019755053286,-600.7137531805973,-637.6748825250954,1.0,-225.06753048747038,-205.8006412804814,-351.2713940038317
2016-02-23,1292,2015-02-24,2016-02-23,252,162,-2353.260487458487,-2261.4719895523363,-4188.933007034586,-4829.3310251406665,-5131.825121728208,0.9981773997569866,-1585.4399401413025,-1674.9684681384679,-2834.933686920658,-82.84883738160853,-65.35185575464709,-179.84024992803177,-223.00398223556203,-235.10768952996,0.9983457402812241,-57.133985700033904,-57.49089136925842,-93.26095696695849
2016-02-24,1293,2015-02-25,2016-02-24,252,162,-2342.337499417758,-2258.263076669,-4168.040914338804,-4779.208738196104,-5090.036411698736,0.9981773997569866,-1581.0407598033266,-1671.9066790480197,-2813.8187809751857,-84.6198755317381,-67.03324916774089,-184.64039443932478,-225.16957302387246,-239.34831956780616,0.9983525535420099,-58.52781118661017,-55.13439893833932,-103.47236991787612
2016-02-25,1294,2015-02-26,2016-02-25,252,162,-2337.8532886155936,-2266.861031193509,-4155.4873665625655,-4771.358219773161,-5097.037581817411,0.9981773997569866,-1579.8233192203363,-1672.7213298824422,-2898.0393042182445,-49.94099002210343,-43.367430063327234,-91.18472606297173,-105.76525587074651,-113.93943182993614,1.0,-46.19979257780964,-44.35113520135906,-63.673069221162564
2016-02-26,1295,2015-02-27,2016-02-26,252,162,-2335.431127962739,-2243.663001640258,-4161.543934177898,-4807.898677533941,-5090.828446483948,0.9993924665856622,-1587.602120865891,-1667.5569393262654,-2860.5876929508354,-49.83920314933167,-43.23401110539197,-90.35648640263231,-105.93927594094818,-113.12509431378028,1.0,-46.19370355729366,-44.93180625483642,-63.248650611213705
2016-02-29,1296,2015-03-02,2016-02-29,252,162,-2323.0506628412627,-2223.3525768985883,-4166.611515984487,-4758.283361165645,-5072.589842234438,0.9987849331713244,-1571.541056599667,-1678.9003801157621,-2814.2642799292844,-84.10054093351947,-66.86897346542273,-178.60586455937775,-218.80237115235525,-235.8839796953955,0.9983792544570502,-58.70434704935522,-56.64888379072333,-106.36419976828391
2016-03-01,1297,2015-03-03,2016-03-01,252,162,-2363.9555818795657,-2269.8081185151414,-4207.831245610692,-4856.79860838714,-5158.625744794889,0.9987849331713244,-1573.4513465476396,-1691.0130818758828,-2832.069301813469,-86.67615634870181,-68.78458340012912,-185.52824155894075,-230.4860724795774,-246.42251084238748,0.9992012779552716,-59.67373094354013,-58.181033579246105,-106.20629755524884
2016-03-02,1298,2015-03-04,2016-03-02,252,162,-2353.34318585362,-2284.225035625039,-4238.9760493035865,-4812.36620341375,-5129.64281012777,0.9993924665856622,-1584.5457946009794,-1695.2227878350009,-2788.779679392011,-236.97435013309817,-213.55489043578189,-408.21542217273304,-482.3587691800145,-510.5185018939341,1.0,-208.7331312075474,-194.3736491961053,-313.9117033413036
2016-03-03,1299,2015-03-05,2016-03-03,252,162,-2366.7527720941716,-2261.3928862080165,-4219.027367820058,-4899.07487392923,-5180.982584536052,0.9993924665856622,-1597.9731219653681,-1720.3303744319205,-2779.846308754158,-250.37067300901793,-228.9622382578745,-427.94739964308434,-496.002463336731,-516.4214441503309,1.0,-217.3143526077503,-202.67877944714127,-344.99464364125305
2016-03-04,1300,2015-03-06,2016-03-04,252,162,-2365.640218182134,-2234.12184396102,-4274.0520757916165,-4916.142029617104,-5225.851652462437,0.9993920972644377,-1592.1574105440702,-1694.7215524345538,-2847.705061085587,-48.656787603230285,-43.402084696699674,-83.28163694941455,-99.75131720509648,-105.42305074459004,1.0,-47.14823879398918,-46.707268930179346,-58.55683491396126
2016-03-07,1301,2015-03-09,2016-03-07,252,162,-2421.5179984725955,-2254.4450005128147,-4395.497954325982,-5027.233738132913,-5341.870723392382,0.9993924665856622,-1635.3323363323268,-1747.6456845443847,-2885.6872198466085,-82.04857138353223,-64.36477156281848,-179.72907851662262,-213.24401607303972,-232.0976957609843,0.999185667752443,-56.93111589146175,-55.180814716710046,-97.44906934606647
2016-03-08,1302,2015-03-10,2016-03-08,252,162,-2405.631355320723,-2236.6503813684385,-4382.052734275623,-4928.505281059207,-5288.0726415156105,0.9987841945288753,-1589.5810038810125,-1731.5220872087984,-2796.0799188789997,-101.56085890294983,-68.73284986575565,-233.1757191758537,-332.14424807648345,-355.9745549512329,0.9975747776879548,-67.5822177941604,-63.463646946472394,-114.0761563231218
2016-03-09,1303,2015-03-11,2016-03-09,252,162,-2366.224291210118,-2242.7653828120274,-4205.107115787655,-4857.768371974979,-5168.683097076487,0.9993917274939172,-1585.509884888084,-1697.5176321442932,-2810.8962940330575,-88.6492282213009,-66.59809967675685,-189.54395420203366,-241.98631326833214,-272.76334996000304,0.9991843393148451,-60.00734738923968,-57.04611646263518,-99.94850002940068
2016-03-10,1304,2015-03-12,2016-03-10,252,162,-2387.0408835702397,-2260.8732052273067,-4256.336513665733,-4882.0930279407985,-5223.328261743613,0.9993920972644377,-1598.798578076585,-1710.9191342491172,-2850.8766916428904,-86.02947974876271,-67.67061521022822,-183.4802559436569,-236.53631972480954,-253.1722894765536,0.998371335504886,-59.86452641693372,-59.45335326397339,-104.24098439333724
2016-03-11,1305,2015-03-13,2016-03-11,252,162,-2399.9766931426625,-2262.45705123423,-4299.669604148024,-4937.136498595633,-5251.654536963812,0.9993909866017052,-1592.9793328773558,-1741.5453608798134,-2780.2932604925873,-83.13129833618365,-64.70108684396246,-178.29171852150384,-222.1652978018554,-243.55080206453258,1.0,-57.45316935811814,-58.491956154908024,-99.12411406072681
2016-03-14,1306,2015-03-16,2016-03-14,252,162,-2400.813718465407,-2280.1684158328335,-4289.103110750443,-4966.723014539553,-5245.481557836078,0.9987819732034104,-1590.4922441461918,-1731.9521482156733,-2801.670030476228,-238.4928777322164,-226.7634274817626,-395.10913139200375,-453.54893640417777,-475.45882163940826,1.0,-208.86908146000303,-195.27222824994658,-327.0275371641519
2016-03-15,1307,2015-03-17,2016-03-15,252,162,-2395.0564226904453,-2249.911988945023,-4275.424469846747,-5005.745750779004,-5251.695584008406,0.9993909866017052,-1580.9917562067828,-1737.735143416006,-2727.6124917593015,-49.66911279403818,-42.5326780061323,-91.51333604406791,-106.70611268591367,-112.60620929500695,1.0,-45.95968424792796,-44.2122922037234,-63.55147009119579
2016-03-16,1308,2015-03-18,2016-03-16,252,162,-2366.8081329953866,-2237.1871062864047,-4221.813960655341,-4951.87411003056,-5191.959324939447,0.9993909866017052,-1556.4315930328128,-1716.6142297516103,-2713.0123267375047,-86.35883706822804,-65.76334156129492,-183.68871055132223,-229.42495441861104,-251.31520140688573,1.0,-59.03639679289185,-58.33093725122447,-117.09774021350349
2016-03-17,1309,2015-03-19,2016-03-17,252,162,-2375.609587655464,-2254.7221859458323,-4217.735282727316,-4956.192177010396,-5245.593096660301,0.9987819732034104,-1548.016882155752,-1736.6184094539653,-2736.1613467834095,-50.384686728936536,-42.947437167175124,-92.41100854320176,-109.86868684181904,-116.33928524660641,1.0,-46.42254363372575,-45.150125544936685,-64.53178492387383
2016-03-18,1310,2015-03-20,2016-03-18,252,162,-2383.6311680538556,-2248.264056473512,-4261.786884563756,-4981.739450737866,-5274.589994726886,0.9993909866017052,-1551.0445274390945,-1733.1104408437322,-2775.314380953349,-48.549999199401626,-43.20451214817618,-84.52872682702983,-99.78398882218426,-106.07766840613917,1.0,-47.05688144931649,-46.15974504989356,-59.970875922402016
2016-03-21,1311,2015-03-23,2016-03-21,252,162,-2383.2010364453363,-2245.383072587585,-4220.770011369652,-4949.040905726548,-5273.490643114727,0.9987819732034104,-1532.2642990002016,-1717.1922285049095,-2761.6937888956163,-50.47084155371504,-42.51427541142012,-93.96203757791318,-111.33732982636252,-116.0603229502832,1.0,-46.560520021608795,-45.057391373647334,-64.87666010005968
2016-03-22,1312,2015-03-24,2016-03-22,252,162,-2379.5720012088454,-2239.99121951184,-4242.238324189263,-4976.148593881807,-5264.226532494415,0.9987819732034104,-1540.04993105321,-1734.7233484386848,-2789.984722899411,-236.51492273066796,-219.45725666701182,-383.46853454929817,-442.7314241981265,-462.48935046723284,1.0,-209.86407633968454,-198.8075975501518,-312.89665773324543
2016-03-23,1313,2015-03-25,2016-03-23,252,162,-2385.9515609731125,-2234.393351687412,-4260.170333831615,-5011.39731228162,-5286.525151557377,0.9987819732034104,-1546.596989396511,-1716.1244730964238,-2801.475973353471,-48.74044359196879,-43.1917734683149,-85.31684697454328,-99.02950667356531,-105.22152038743172,1.0,-47.139006154114874,-46.54931947511894,-59.85127940992893
2016-03-24,1314,2015-03-26,2016-03-24,252,162,-2377.2841444879127,-2210.783915960642,-4246.929772876357,-5025.857873865196,-5307.177581791418,0.9993913572732805,-1560.8042382105145,-1720.4189431800773,-2822.093775743761,-79.92929637241322,-61.78742729093783,-169.26672623639342,-205.091014096164,-228.3628438427847,0.9991701244813278,-54.38588253126926,-53.578264793399946,-92.99966385971636
2016-03-28,1315,2015-03-27,2016-03-28,252,162,-2374.35280111343,-2210.2885532642163,-4267.529272707488,-5011.496061709976,-5311.062782637033,0.9993913572732805,-1562.029014117692,-1708.3061301495284,-2805.773435178503,-48.90598890540873,-43.1265340997777,-85.42122494268584,-100.34059350444174,-107.1034507325866,1.0,-47.17650796619894,-46.40648166483156,-61.39510318169622
2016-03-29,1316,2015-03-30,2016-03-29,252,162,-2346.314307055726,-2206.0476590281805,-4229.101686106945,-4916.849169897884,-5222.103985424157,0.9993917274939172,-1533.3750062981685,-1718.184231597896,-2804.8566855785684,-49.92478263902553,-42.65635964071441,-91.29880100556369,-108.0909803779836,-114.20837970813838,1.0,-46.0808973702546,-44.831269767210486,-64.23648133348897
2016-03-30,1317,2015-03-31,2016-03-30,252,162,-2351.230375030713,-2219.85467835373,-4215.864473188028,-4975.900788884523,-5240.953058698883,0.9993917274939172,-1534.6002009643653,-1711.428388502084,-2785.6564165654545,-85.72859233149808,-64.13341175737187,-190.37509083370279,-243.2293993425229,-263.75787279573564,0.9983291562238931,-58.06089417844461,-56.918337276485744,-98.35685822171043
2016-03-31,1318,2015-04-01,2016-03-31,252,163,-2337.593375684059,-2211.611355873576,-4183.780573427549,-4923.557405199,-5197.749158502148,0.9987908101571947,-1478.2191496990622,-1677.5182782187228,-2678.6260280393553,-250.73655839392882,-229.96593702811145,-423.6480473563673,-502.1480452199559,-524.7348161080358,1.0,-219.15305865123295,-196.96018233365174,-330.82567457860273
2016-04-01,1319,2015-04-02,2016-04-01,252,163,-2336.570880861945,-2218.354579016759,-4169.057190720102,-4860.498557043951,-5186.190187894515,0.9987908101571947,-1475.4551268876712,-1657.4211021115484,-2696.549127265114,-82.50647241023496,-65.74349121335061,-173.875837768064,-215.00882352044806,-229.04986165559842,0.99748322147651,-56.31077063151391,-53.91747476317846,-105.67613152963794
2016-04-04,1320,2015-04-06,2016-04-04,252,163,-2339.564539722691,-2217.659410061916,-4198.186262155393,-4942.501504679516,-5181.568640519515,0.9987900786448881,-1509.0810714495822,-1659.6760603630944,-2752.649296651872,-84.91242051490015,-65.96534259770993,-184.73022752544284,-233.9778647555879,-250.62630720881722,0.9991596638655462,-57.20464795414417,-55.16961022445884,-96.91153551420165
2016-04-05,1321,2015-04-07,2016-04-05,252,163,-2375.374310512991,-2260.600421951279,-4215.929895358075,-4981.159033988907,-5255.813193186388,0.998186215235792,-1521.6013492347677,-1671.3008412473741,-2801.8437296410807,-48.96188661736071,-42.91000364763629,-86.00389743918439,-101.4286606406706,-107.08598164369319,1.0,-47.19567464022544,-46.72618262655394,-61.30702197533391
2016-04-06,1322,2015-04-08,2016-04-06,252,163,-2372.220869462222,-2274.5720900022275,-4213.866342350302,-4982.043739652904,-5247.345676073954,0.9987900786448881,-1541.7315492270302,-1692.1286289737163,-2815.835911500993,-50.09372674392561,-42.52375494234266,-91.06596981801971,-108.48770588525716,-115.06210114576689,1.0,-46.23084282325176,-44.66098491921218,-64.34583731864092
2016-04-07,1323,2015-04-09,2016-04-07,252,163,-2375.0997479386865,-2234.2087763985273,-4248.623379518529,-4967.042809268686,-5249.363500312821,0.9981840193704601,-1500.4976595224368,-1631.2308595849377,-2744.2339917512923,-88.0161494971477,-67.56606264752142,-194.59246617714643,-239.71003500264612,-260.7485699853076,1.0,-58.30495439481912,-56.87309723160646,-107.89987228260323
2016-04-08,1324,2015-04-10,2016-04-08,252,163,-2385.9480436968333,-2244.9955688065806,-4250.682246077812,-5010.904734571149,-5272.3657258125695,0.9987893462469734,-1539.9678940152412,-1727.6761284369445,-2837.374605683903,-48.91331090831516,-43.18059007848365,-85.8523161570433,-101.97927397453581,-107.13102450745298,1.0,-47.09647590836442,-46.1038541373926,-61.74897402491332
2016-04-11,1325,2015-04-13,2016-04-11,252,163,-2373.0221419298387,-2251.3692232645444,-4213.422660837175,-4962.458143357185,-5226.317263344756,0.9981840193704601,-1512.939841620894,-1683.2019624060204,-2770.2687345680783,-50.0207482036812,-42.88229714507479,-90.63063562440023,-109.7806881847232,-114.51363308115509,1.0,-46.15551320746503,-44.237509976325114,-63.91876412201985
2016-04-12,1326,2015-04-14,2016-04-12,252,163,-2411.088576636302,-2272.918076682024,-4304.874719714041,-5022.484788978289,-5311.605500348382,0.9981840193704601,-1543.8863688164727,-1715.4866013999344,-2764.410075705469,-49.363165456685756,-42.479214455138845,-89.30705274046319,-108.98173584011393,-112.68983363150043,1.0,-45.63846647804191,-43.71057478113845,-63.085665261670535
2016-04-13,1327,2015-04-15,2016-04-13,252,163,-2387.4484313382077,-2278.994347587802,-4257.591036129019,-4921.743952916117,-5211.221337536674,0.9981840193704601,-1504.1255375080254,-1649.2118841858205,-2766.5990469685053,-81.89154824869142,-66.84778096118698,-177.3980188882558,-221.1002843009366,-236.97266907128287,0.9991666666666666,-55.48073122987954,-54.20238869786721,-103.66446374798386
2016-04-14,1328,2015-04-16,2016-04-14,252,163,-2385.54052809526,-2279.0945324945556,-4250.423014039722,-4897.414078924913,-5195.3056139752625,0.9981840193704601,-1497.123948593619,-1697.5626271855501,-2786.68776197819,-232.72249312649757,-215.7654339912692,-375.30839383642433,-434.8045262249326,-458.5838361323077,1.0,-206.64549917650663,-192.36539875319986,-310.4395576984982
2016-04-15,1329,2015-04-17,2016-04-15,252,163,-2369.4220028804066,-2256.461642531951,-4231.334545725867,-4877.874329723438,-5160.911377415574,0.9981851179673321,-1492.2053880090043,-1677.3839438361404,-2774.823620267959,-49.56133696214568,-42.66004814452374,-91.39635701109705,-107.08103183058853,-112.37538313180661,1.0,-45.93500668459565,-43.78740059152389,-62.26358387400314
2016-04-18,1330,2015-04-20,2016-04-18,252,163,-2369.085056386956,-2278.580352331666,-4229.511249277427,-4861.472655654553,-5133.146174846272,0.9975801572897761,-1489.723135342248,-1647.2305787416403,-2774.4385428870714,-76.41529950095284,-61.709872851831726,-160.87064935560235,-200.75773228028504,-215.91675988536156,0.9991617770326907,-51.35327402526133,-50.27849162934026,-96.25807444399427
2016-04-19,1331,2015-04-21,2016-04-19,252,163,-2358.0825908185793,-2257.147494893989,-4228.58613664116,-4858.042672962633,-5147.1227683230145,0.9981851179673321,-1478.8265809423772,-1633.9409949297349,-2800.4897726154272,-247.18572211503925,-217.6900044231332,-442.1740047741558,-514.6090004642854,-540.2932523579399,1.0,-216.18530508608546,-196.96442236935968,-335.3263477496826
2016-04-20,1332,2015-04-22,2016-04-20,252,163,-2360.954189850191,-2239.449745189836,-4245.019515395659,-4907.34317978525,-5204.3618999491955,0.9981851179673321,-1504.1437102036373,-1672.0914205595614,-2788.5148454555033,-266.61935111647966,-232.7302309510911,-489.1964851299889,-587.2725462485527,-620.2048991213989,1.0,-228.20439647637681,-211.65146551105093,-359.46800315621124
2016-04-21,1333,2015-04-23,2016-04-21,252,163,-2336.5097558760685,-2238.5563931068427,-4218.576643893134,-4929.941172718632,-5169.892592923752,0.998186215235792,-1499.4863541579316,-1640.2619267840491,-2650.043465580465,-72.82687806980128,-59.61946951137246,-153.1061339811582,-183.2030524615699,-201.3407154041999,0.9991638795986622,-49.69279897418919,-48.16082179275075,-88.53586385163983
2016-04-22,1334,2015-04-24,2016-04-22,252,163,-2325.777107803536,-2227.2602290560767,-4186.344993030352,-4926.069516709746,-5151.477109885506,0.9981851179673321,-1492.126896535783,-1630.4937585872929,-2668.9562796652867,-263.3461525682184,-229.228395475519,-481.8180582092918,-568.1746758253865,-593.79022756304,1.0,-225.4509549945349,-201.06585475096298,-349.57574869483835
2016-04-25,1335,2015-04-27,2016-04-25,252,163,-2321.8141367675607,-2220.5512509588984,-4184.636996657926,-4882.4204062139515,-5131.91401000715,0.9981840193704601,-1481.6987008291285,-1631.2529725669351,-2569.6297372884264,-254.24014406602913,-226.80747977030305,-447.65561539000635,-535.0298920074977,-558.9539830154647,1.0,-219.73167599809753,-195.57838664988816,-345.21429223916044
2016-04-26,1336,2015-04-28,2016-04-26,252,163,-2316.907235173095,-2221.4371245317066,-4179.3762631307845,-4824.4036092014885,-5081.490318833049,0.9981840193704601,-1476.5523714780072,-1610.0406685586495,-2630.7843403760016,-250.23466642225637,-222.52134820391646,-444.4847820552273,-538.0524803309133,-563.3099940822004,1.0,-216.99558888245926,-196.7693699222177,-333.9422832589357
2016-04-27,1337,2015-04-29,2016-04-27,252,163,-2319.8973477241375,-2219.551260561421,-4195.551755970244,-4823.775017037725,-5091.8473387707145,0.9981840193704601,-1472.560785206371,-1659.0332864281095,-2634.203263724058,-79.46079410609498,-58.88324271105642,-167.7985909928864,-213.78599084553724,-233.9140693331484,0.9991624790619765,-54.39502826553343,-52.99827277896043,-90.37650158692934
2016-04-28,1338,2015-04-30,2016-04-28,252,163,-2330.7293792473,-2242.4454642395476,-4242.440115302939,-4860.313659173691,-5124.905279213058,0.9987893462469734,-1480.7919869253167,-1655.6030372285388,-2643.083679026347,-226.5474756070525,-199.6100638463463,-404.21977940400717,-480.35066386740493,-511.42069456763096,1.0,-200.50307182531728,-185.22621756124897,-305.6700954444231
2016-04-29,1339,2015-05-01,2016-04-29,252,163,-2312.8929796487882,-2215.4159428064404,-4186.841025795616,-4825.588646710338,-5085.183354670647,0.9987886129618413,-1463.8190903283685,-1637.469849149784,-2611.646241154302,-76.60413119245794,-59.46076699662294,-166.95265979493678,-198.6176983997727,-216.75791802402927,1.0,-51.29964604932762,-49.399026828318355,-91.43251925674804
2016-05-02,1340,2015-05-04,2016-05-02,252,163,-2331.8794645027588,-2240.085401340839,-4207.561593966276,-4891.402242200462,-5149.584635603528,0.9981829194427619,-1487.4730128966626,-1662.008987429266,-2690.5046860467373,-79.48718171899914,-62.26437023779809,-169.8955397748064,-211.84126192712128,-231.89630776585912,0.9983429991714996,-53.33131869235735,-52.807286302991166,-93.62876287071946
2016-05-03,1341,2015-05-05,2016-05-03,252,163,-2348.8746371080665,-2264.826389171973,-4224.480098653131,-4872.761784682252,-5170.644517554196,0.9981829194427619,-1499.85466459322,-1669.5438570015945,-2721.3723111934073,-50.21617153076217,-42.58358808167837,-94.46891592992267,-111.39887963998179,-118.46344833922285,1.0,-46.4318070572795,-45.341629568752744,-63.97871792435191
2016-05-04,1342,2015-05-06,2016-05-04,252,163,-2326.910497056979,-2221.625127024024,-4207.014534705217,-4889.234655246285,-5154.386283250164,0.9987886129618413,-1469.3459520703996,-1600.4505010396201,-2677.9161366760572,-50.86198107833275,-43.0899032064785,-95.2977523058191,-113.93654484795789,-120.3671607660199,1.0,-46.95935158923738,-45.66056318580847,-65.24663383407183
2016-05-05,1343,2015-05-07,2016-05-05,252,163,-2315.065581776151,-2206.777976155479,-4211.74486566845,-4840.086927958917,-5116.653005805033,0.9987886129618413,-1465.4700512771974,-1612.1401523544098,-2737.0702893294406,-80.51458086469513,-60.70575978692242,-175.63996456343997,-216.79198305561536,-235.3323710505877,0.9991755976916735,-53.38617345914434,-54.65549573139829,-101.62283949369588
2016-05-06,1344,2015-05-08,2016-05-06,252,163,-2322.056119939442,-2242.285764892613,-4178.867743304738,-4842.844473760972,-5130.314782977393,0.9987886129618413,-1461.675064053381,-1585.8518377105247,-2712.125526467966,-228.51005416884732,-195.4451374439647,-394.9113463296405,-514.9671299762509,-546.3944815528332,1.0,-200.08233256852802,-182.357152287764,-311.2206446556551
2016-05-09,1345,2015-05-11,2016-05-09,252,163,-2316.4759375804747,-2220.961774030703,-4201.144007881037,-4872.683047541743,-5145.733684973258,0.9987886129618413,-1467.852528493219,-1580.4981731414202,-2698.421366415909,-240.62780681793217,-194.5368250392406,-445.0048372059152,-558.6259806945333,-593.4538797907899,1.0,-207.55084132774388,-183.36998738375203,-323.88954221243847
2016-05-10,1346,2015-05-12,2016-05-10,252,163,-2342.750144554767,-2243.675652683382,-4238.6013454280255,-4881.938326433136,-5206.223538736158,0.9987886129618413,-1477.9668795310113,-1642.811567097868,-2698.7570105238233,-82.3922610512322,-64.39279952442041,-175.872253360007,-215.67907382058573,-237.25451248384977,0.9991789819376026,-54.27112064452947,-55.80041269101301,-103.14490419253008
2016-05-11,1347,2015-05-13,2016-05-11,252,163,-2339.89884305262,-2239.3333714108294,-4233.3435271402805,-4861.345189434053,-5186.856597033948,0.9987893462469734,-1475.0437184210746,-1595.7671085339557,-2741.0908611112513,-50.355895148433156,-43.81371470401784,-87.98891137056678,-105.31763457652573,-111.95359534144143,1.0,-48.60390998743966,-48.21081010369685,-62.69312027419039
2016-05-12,1348,2015-05-14,2016-05-12,252,163,-2338.3522129067865,-2241.9463435220005,-4241.115893855061,-4882.042125437934,-5193.052861850578,0.9987893462469734,-1476.8215508746352,-1593.3091462487544,-2740.11235614114,-50.121367600743795,-43.24141175259879,-87.35129563210783,-103.97271530748165,-111.08535227837805,1.0,-48.4110113907284,-48.101141330772016,-60.80173453008939
2016-05-13,1349,2015-05-15,2016-05-13,252,163,-2349.405943421162,-2236.68449035707,-4211.473406841988,-4869.354223573446,-5187.169717206071,0.9987893462469734,-1463.0376363526182,-1600.3430963008652,-2749.7919575224787,-78.38451200671425,-62.32666901275217,-164.65456228610688,-205.90527626283662,-224.55977488310492,0.9991742361684558,-51.61526241401907,-51.66763910080157,-92.43834637104325
2016-05-16,1350,2015-05-18,2016-05-16,252,163,-2346.70661983212,-2239.072149579845,-4199.067848441509,-4813.389394972842,-5166.750329270019,0.9987900786448881,-1463.3624616547106,-1591.9950429079088,-2757.8945297304626,-76.47275749109119,-59.62550653877992,-161.1792586614907,-201.17909677004417,-222.5056346937379,0.9975103734439834,-49.980164323354764,-49.80303120589348,-90.93490474532206
2016-05-17,1351,2015-05-19,2016-05-17,252,163,-2313.1259038719095,-2218.143931939344,-4174.819353006684,-4735.177054095175,-5082.377683454954,0.9987893462469734,-1446.6025326870174,-1572.3880362344069,-2734.3627141482903,-49.57302660258116,-42.827119547123104,-90.97050450149742,-108.89768106047057,-115.33579799063403,1.0,-46.07504107019662,-45.1650958562464,-62.28046943140408
2016-05-18,1352,2015-05-20,2016-05-18,252,163,-2258.5217396634,-2187.2119462630208,-4081.271708331466,-4675.859171843228,-4958.398917297875,0.9987871437234688,-1409.7950400976026,-1497.998140990061,-2729.18604687277,-76.32232256336088,-60.48165626188191,-162.30881528782027,-198.04790632406593,-217.785874206668,0.9991776315789473,-51.37401226538946,-51.499009940251995,-92.4423629979801
2016-05-19,1353,2015-05-21,2016-05-19,252,163,-2257.0590304973134,-2187.3401334139985,-4085.3407418782185,-4706.474590723423,-4968.200502777039,0.9993935718617344,-1414.578807452028,-1545.6493514787953,-2695.7022484779573,-224.81833522138058,-195.75449314991752,-389.20866779085463,-499.0797414200963,-530.2648237223846,1.0,-198.47331844508378,-183.91073563394156,-288.54215601257647
2016-05-20,1354,2015-05-22,2016-05-20,252,163,-2277.1012012498136,-2199.0484247535646,-4100.7213875408315,-4786.17290587485,-5024.799241262815,0.9993935718617344,-1424.0310209299669,-1559.514689153166,-2729.179098751092,-228.40087189049362,-196.42963531792947,-401.9950761891409,-500.9399156805058,-535.274989906487,1.0,-201.4607358398132,-182.71460920835162,-298.32168738747663
2016-05-23,1355,2015-05-26,2016-05-23,252,163,-2277.7446069826738,-2193.6131550320515,-4109.296407279692,-4785.688776832544,-5030.9887195750825,0.9993935718617344,-1424.4415226485726,-1558.2640458530113,-2729.1793271035585,-227.8319583630459,-197.16858922993723,-400.4012579945025,-489.2686944735238,-530.0269013639543,1.0,-201.54113580662332,-187.03180562188717,-296.4643712226772
2016-05-24,1356,2015-05-27,2016-05-24,252,163,-2301.628073144565,-2198.5866117474807,-4126.248042523681,-4764.235160996714,-5062.319828850279,0.9993935718617344,-1444.624273473399,-1535.928404168287,-2714.7873677681223,-80.09472596550602,-67.01324039294475,-168.92030071168034,-209.04458539926247,-221.54038495381562,1.0,-54.63240656182756,-53.79326209277863,-97.03924658066072
2016-05-25,1357,2015-05-28,2016-05-25,252,163,-2285.8350735669105,-2194.2320438015,-4096.827011394384,-4748.310750292147,-5039.161238416816,0.9993935718617344,-1435.4740244283682,-1584.1207451146136,-2692.7927966310326,-50.147443469549515,-43.28954233334307,-88.71242309122603,-105.04694202164455,-112.1680388676191,1.0,-48.4015764359515,-47.141861920836995,-62.20075058485849
2016-05-26,1358,2015-05-29,2016-05-26,252,163,-2289.50923952341,-2190.964163963852,-4106.086137443514,-4775.852869406698,-5063.749735023309,0.9993939393939394,-1445.2842204698347,-1591.0813363970594,-2725.126787903315,-50.14357000103444,-43.59605826004649,-88.11596449871415,-106.74588099954927,-112.97690998040481,1.0,-48.422088999244714,-47.81266596900917,-61.32652067250254
2016-05-27,1359,2015-06-01,2016-05-27,252,163,-2287.655139017115,-2206.803034916039,-4098.298806435399,-4728.464496544476,-5038.07869376487,0.9993939393939394,-1437.248972127907,-1565.1151596824434,-2702.190438076684,-238.01722653989796,-198.38722575479994,-441.2540013167436,-523.5492199018638,-559.9550072674084,1.0,-207.952978913598,-187.90387571523246,-310.34332600381674
2016-05-31,1360,2015-06-02,2016-05-31,252,163,-2282.021507914217,-2196.033157082614,-4083.961821442982,-4756.397476019317,-5048.348440384298,0.9993939393939394,-1438.5678939809495,-1550.8513173910642,-2716.0666078473123,-50.158617244656874,-43.81769284806539,-88.45750305723017,-105.37768617173279,-111.58362530270385,1.0,-48.445781841486564,-47.91356913377765,-61.05746392862983
2016-06-01,1361,2015-06-03,2016-06-01,252,163,-2289.6079519883137,-2209.078624004296,-4121.028252895934,-4796.017702040642,-5072.158337220338,0.9993939393939394,-1439.614584159332,-1554.299959731844,-2724.6795629060744,-50.109870345059484,-43.43397373853158,-89.65582669996672,-111.2275458100435,-117.30488075072998,1.0,-46.69319226783527,-44.81345068508773,-63.25492936156189
2016-06-02,1362,2015-06-04,2016-06-02,252,163,-2285.171391542259,-2193.0033940642297,-4087.58364174064,-4780.660200175641,-5059.872865281591,0.9993939393939394,-1434.7755148073554,-1555.1326823626077,-2675.7235749175693,-79.35984217862502,-62.98064949237928,-171.36277104514735,-216.04024216451268,-230.67198468464744,0.9991755976916735,-53.021152943633076,-52.59018109037462,-95.22601747408706
2016-06-03,1363,2015-06-05,2016-06-03,252,163,-2277.845893275879,-2214.1162823782247,-4073.788084281345,-4784.904191166974,-5032.374518786732,0.9993939393939394,-1436.4491653457571,-1548.6500495616929,-2690.498666270061,-73.41549297788268,-59.597409711773196,-154.65550200705906,-196.66727989576907,-209.68868159095376,1.0,-49.58543603706919,-47.64266582741099,-88.64089513621063
2016-06-06,1364,2015-06-08,2016-06-06,252,163,-2283.9511193022627,-2215.158231005076,-4090.8291739915185,-4786.781546323945,-5062.266475802176,0.9993939393939394,-1440.198089668037,-1537.8537820981867,-2656.2574519643863,-83.6944310986987,-62.25495680235994,-173.42565331115287,-232.0381672027918,-270.32855491985583,0.9975288303130149,-55.78865468022849,-53.45343959474802,-98.69398187807845
2016-06-07,1365,2015-06-09,2016-06-07,252,163,-2278.972277308538,-2212.832913527156,-4098.186180828287,-4780.028394808914,-5056.145033726484,0.9993943064809206,-1437.1357594735186,-1501.4443263617782,-2651.9218734513283,-50.24583024503163,-43.22782436737924,-88.2148031396464,-105.11100402273301,-113.06216511309916,1.0,-48.45067618929324,-48.04927536334121,-60.501165263724225
2016-06-08,1366,2015-06-10,2016-06-08,252,163,-2277.7271300925654,-2218.2054797783853,-4093.7807819379836,-4775.968000238461,-5053.984553243608,0.9993943064809206,-1439.1534061731322,-1491.6273477133852,-2669.668231494677,-79.74621957656493,-62.06620337125477,-172.37589147459346,-221.93431679150342,-238.88542770886653,0.999168744804655,-53.63443260279054,-53.33598800647383,-103.14087355393508
2016-06-09,1367,2015-06-11,2016-06-09,252,163,-2272.367076079099,-2208.7942580783574,-4044.897441797454,-4776.099668556976,-5035.744187251851,0.9993943064809206,-1434.0519973164692,-1548.40609878095,-2662.1107308286446,-50.14551820853435,-43.91679563900672,-86.8355783717861,-104.10729521809894,-112.03557219258413,1.0,-48.40915692607724,-48.11791572024187,-61.70241570951742
2016-06-10,1368,2015-06-12,2016-06-10,252,163,-2278.7141728029874,-2232.8125455429936,-4040.8874293427793,-4821.503989473723,-5049.182235316495,0.9993943064809206,-1438.737840218397,-1533.1324043565853,-2671.2860889173885,-50.371513779624955,-43.26582049417348,-90.26018791727527,-111.65191962546604,-118.21393696238741,1.0,-46.699215662476355,-45.13180854097124,-64.00811892289413
2016-06-13,1369,2015-06-15,2016-06-13,252,163,-2280.896433189533,-2218.0356888922856,-4071.014861498169,-4808.388096824864,-5048.174216994135,0.9993943064809206,-1427.1255923328517,-1477.8034769603698,-2672.3462017716993,-50.154127870950575,-44.368598523243065,-87.35640687386426,-105.51486585122082,-112.55011857730756,1.0,-48.4659538084164,-47.8451424625486,-61.990555667966404
2016-06-14,1370,2015-06-16,2016-06-14,252,163,-2252.1055228547184,-2218.725995076776,-4002.5006775389134,-4732.3667640778085,-4962.677621989154,0.9993943064809206,-1404.5999436869872,-1449.7973198976595,-2662.8219474423727,-50.79290696482726,-44.306053414558605,-88.57936855814525,-106.59079449832713,-114.78853422028142,1.0,-48.90844395134005,-48.701889211322296,-62.29122746000234
2016-06-15,1371,2015-06-17,2016-06-15,252,163,-2250.984415833984,-2222.4371575219484,-3978.589057712441,-4694.027298167394,-4953.785761015345,0.9993943064809206,-1403.5459992376948,-1452.7909390881448,-2662.695835787975,-250.9783803227422,-205.65495203030954,-473.68920580863323,-553.841546569639,-596.1644925197674,1.0,-217.38885433808096,-199.55802674414585,-326.3712564917915
2016-06-16,1372,2015-06-18,2016-06-16,252,163,-2241.9079565412353,-2198.5132421028784,-3967.2662278701964,-4642.612571080811,-4926.518578928898,0.9993943064809206,-1396.4085350798484,-1437.935883547425,-2660.7964662619024,-50.36730559427185,-43.59848818739084,-91.45810215118802,-109.50313746881363,-117.35518557966458,1.0,-46.73559226320376,-45.57658157388267,-63.127416951286435
2016-06-17,1373,2015-06-19,2016-06-17,252,163,-2230.686831464046,-2180.3191922853384,-3966.6354698976,-4639.389919347528,-4896.8318729708335,0.9993943064809206,-1387.104289494891,-1421.9657796964716,-2679.1217809035556,-254.78125320531805,-213.22637172626872,-469.48905468970844,-543.5632476019941,-577.2726666522797,1.0,-219.4981880450469,-202.00823233438624,-334.9056894212216
2016-06-20,1374,2015-06-22,2016-06-20,252,163,-2241.401659439037,-2198.485557894526,-3973.481534555529,-4673.484000884667,-4906.401339229713,0.9993939393939394,-1392.6091726692887,-1472.1245350433835,-2705.552141216535,-73.20622469048732,-57.76589757781494,-152.3262197543855,-197.5173365981651,-211.30277270225955,1.0,-48.653013139296895,-48.27140194796542,-87.25210936935157
2016-06-21,1375,2015-06-23,2016-06-21,252,163,-2240.8191368727526,-2185.8531324942223,-3960.12213016883,-4687.997397279772,-4915.279353407955,0.9993939393939394,-1396.264971470026,-1467.388394224862,-2703.1886678947885,-243.95800682032936,-210.69678185385493,-444.8378294498763,-512.9462894576387,-544.7474492607855,1.0,-213.5013392714706,-200.3112077364999,-311.6029762084558
2016-06-22,1376,2015-06-24,2016-06-22,252,163,-2242.0718155761942,-2210.5627130254934,-3986.6601592324887,-4662.784832493757,-4909.818700015471,0.9993939393939394,-1397.4636189871367,-1473.4080977703115,-2703.286762982315,-50.97086132176902,-44.99459406157623,-89.27069440563935,-107.97071354265535,-114.77497726606276,1.0,-49.17093748601206,-48.94286770372276,-63.06238693104046
2016-06-23,1377,2015-06-25,2016-06-23,252,163,-2249.953637583703,-2211.4733927574302,-3998.974612132508,-4664.121433669583,-4903.932473073813,0.9993943064809206,-1399.3041912263488,-1473.795011001411,-2723.201263949151,-51.18234915001298,-44.66173885880725,-88.81042772745506,-108.18467064526624,-115.13577644703304,1.0,-49.35147045489965,-49.16894201997161,-63.08263295071152
2016-06-24,1378,2015-06-26,2016-06-24,252,163,-2469.1201690480098,-2419.994126473549,-4323.24887279927,-4974.2199259692225,-5287.698166382219,0.9981840193704601,-1500.6555539135745,-1675.9318358462347,-2897.2239145956173,-50.710649222248406,-43.8761434671046,-93.83812284316978,-112.67379527961181,-119.07414056272695,1.0,-47.11891677456072,-46.46278499875543,-63.78125502950224
2016-06-27,1379,2015-06-29,2016-06-27,252,163,-2537.8829937139076,-2491.630630123218,-4445.113931974287,-5119.054531466984,-5395.662263585024,0.9981829194427619,-1555.620657112731,-1821.4244564049013,-2953.1852528633212,-51.59757823877021,-45.85433011208856,-91.94003665854018,-108.2054528125274,-116.45858032821972,1.0,-49.80694338846041,-49.80183234135059,-63.90964637257573
2016-06-28,1380,2015-06-30,2016-06-28,252,163,-2532.420135512516,-2472.780514106496,-4414.168345106847,-5080.069170945834,-5348.179293373949,0.9975772259236826,-1527.6602164283827,-1803.2264965928728,-2907.6303620174563,-51.364020164949736,-45.66108113197918,-92.38094793184219,-107.63575178068534,-115.00008438582819,1.0,-49.51744130691541,-49.070475237901654,-63.51125671570926
2016-06-29,1381,2015-07-01,2016-06-29,252,163,-2566.4246472779855,-2512.7306344873964,-4495.900028847095,-5180.299408619724,-5425.65436805511,0.9975786924939467,-1555.9665588491837,-1846.0133474074541,-2930.303376601075,-102.54572880976177,-71.3750066865945,-219.02238449191432,-318.7834369234528,-353.51405574098084,0.9970282317979198,-69.90421245737454,-69.51890427747632,-118.74665671830505
2016-06-30,1382,2015-07-02,2016-06-30,252,163,-2582.0514246258726,-2540.426893240229,-4481.059306508421,-5187.5377091743,-5420.932705165534,0.998186215235792,-1570.2389047670374,-1846.868701107664,-3004.173065333074,-82.75576036977273,-67.51201082726335,-167.05190319445975,-215.77280022435582,-229.1787240842703,0.9977843426883308,-57.74701720518447,-55.280398629196256,-101.91207554056713
2016-07-01,1383,2015-07-06,2016-07-01,252,163,-2582.730206151133,-2538.952996433975,-4483.63566799775,-5185.90718424177,-5441.232662999253,0.9975816203143894,-1569.0649901288527,-1852.5852888105073,-3058.022891658445,-229.90655018589837,-208.0144098663364,-392.26347122244897,-462.7212148629191,-487.48837605761787,1.0,-204.6731793363099,-187.29397448244325,-307.5561861867921
2016-07-05,1384,2015-07-07,2016-07-05,252,163,-2569.611897670829,-2528.0940091561934,-4443.6500728662895,-5167.561006605661,-5410.113998369772,0.9975816203143894,-1570.0097903348858,-1857.623546591278,-3078.5331205971215,-51.05378786607793,-45.020925031117756,-92.22142981692768,-106.47054513295036,-114.16215598712269,1.0,-49.305944987644025,-49.22491224307872,-63.202123778788206
2016-07-06,1385,2015-07-08,2016-07-06,252,163,-2571.285164731368,-2527.243350733418,-4466.13184634059,-5134.697933457929,-5407.695672252925,0.9975816203143894,-1551.3286549638021,-1846.979554977051,-3033.2219299400485,-241.0731629698996,-209.57773974124558,-434.2974752098112,-512.7660473655139,-536.1654928526294,1.0,-211.7379094861949,-192.6695399557943,-311.6637588953102
2016-07-07,1386,2015-07-09,2016-07-07,252,163,-2552.9657734113707,-2509.2852983131843,-4433.279280732206,-5118.772661541758,-5389.938211017446,0.9975801572897761,-1543.458278269099,-1828.2422668867716,-3008.7020921943695,-50.98793934324521,-44.2707955768297,-94.43738417887865,-111.83874124434894,-119.88287068081783,1.0,-47.377347747337026,-47.363187212382755,-65.4408928071259
2016-07-08,1387,2015-07-10,2016-07-08,252,163,-2558.60173769453,-2527.771401075099,-4434.903945348589,-5133.145321109291,-5386.680183883066,0.9981851179673321,-1541.3482626035484,-1823.5428326928236,-2995.4831905117926,-81.2385998334375,-63.514894631107865,-170.08671422933637,-206.85026169454545,-228.9516673064732,1.0,-56.01664148229194,-53.83774175513403,-103.40376662206415
2016-07-11,1388,2015-07-13,2016-07-11,252,163,-2569.4540875558173,-2538.717399495892,-4458.385949963226,-5137.195614655766,-5412.688954145505,0.9981851179673321,-1551.5147860200138,-1817.3378394164886,-3063.880994469568,-226.40389960973522,-202.30906358032473,-395.72116804784827,-458.7211214854874,-489.9762905689599,1.0,-200.818952780955,-185.05365600969478,-288.10841484524457
2016-07-12,1389,2015-07-14,2016-07-12,252,163,-2559.8457516197677,-2525.078504225494,-4431.470422807678,-5114.193709092872,-5390.124977957606,0.9981851179673321,-1542.8737305900909,-1817.6838335803445,-3067.073206847664,-84.38525800206524,-67.5338710694146,-171.6266799688768,-214.59748465477648,-235.36917737745011,1.0,-58.44551648053284,-58.34391274239803,-107.0386593790675
2016-07-13,1390,2015-07-15,2016-07-13,252,163,-2558.7985782433084,-2512.882277786951,-4439.476526813723,-5125.221387095208,-5386.543431373725,0.9981851179673321,-1535.7678453890512,-1825.2824139623879,-2997.481503198496,-51.032352573043816,-44.98859461038055,-89.7905905463658,-108.8101746776392,-115.19385697764484,1.0,-49.331577784342166,-49.68165847877446,-62.59482678997423
2016-07-14,1391,2015-07-16,2016-07-14,252,163,-2579.0816201509306,-2526.5337680135785,-4479.722686344869,-5186.631454440348,-5436.03084985772,0.9981873111782478,-1547.3003854092544,-1841.345447544665,-3038.3850806707774,-51.38940585164221,-45.874401590201465,-90.43027068037414,-108.39353790002288,-115.14560891033878,1.0,-49.592121993306584,-49.82965814157147,-62.69992713294351
2016-07-15,1392,2015-07-17,2016-07-15,252,163,-2591.3395948428893,-2556.378038593481,-4480.143683025659,-5169.298894845817,-5462.0370860356625,0.9981873111782478,-1550.3701786844013,-1843.0036173947335,-3004.4461762652145,-80.5269997860883,-66.02069297757993,-166.7619047344835,-209.71812537924725,-228.01423518542518,0.9992542878448919,-55.741504134319165,-53.63341250629962,-97.97312861746103
2016-07-18,1393,2015-07-20,2016-07-18,252,163,-2594.290097626185,-2572.9712347200557,-4464.002301385182,-5140.935101115477,-5468.824893596489,0.9981884057971014,-1560.4219187089645,-1905.7573703842377,-3006.921377888569,-50.4025504365252,-43.961797639491614,-91.79824324500613,-112.46064634437208,-118.31514772719134,1.0,-46.84994267193073,-45.7008355650087,-64.486900434946
2016-07-19,1394,2015-07-21,2016-07-19,252,163,-2597.155082885629,-2561.8155599454317,-4485.00389122794,-5211.362536742264,-5456.910832979488,0.9981894990947495,-1562.555169640683,-1879.5766976526056,-2976.7319692641177,-85.03581605878469,-68.13768123645478,-178.24979033622196,-218.7218640602383,-246.4147320571196,0.9985107967237528,-58.617620112750075,-55.61435268000865,-110.73620099756327
2016-07-20,1395,2015-07-22,2016-07-20,252,163,-2598.4815072566485,-2559.455324627911,-4496.856610449196,-5186.820645464444,-5475.148599960484,0.9981884057971014,-1557.4917497321867,-1851.1134552529907,-2955.7793788564413,-231.07482057570783,-206.82434804763022,-394.47459894430835,-456.6158442420614,-485.74254071322343,1.0,-204.90329601414763,-186.08234294840565,-301.2245615433985
2016-07-21,1396,2015-07-23,2016-07-21,252,163,-2599.289552988977,-2572.0903768358285,-4481.3033462951835,-5177.390816275339,-5454.457762861464,0.9981884057971014,-1559.5701684606215,-1844.3520267938322,-3028.6387096122025,-103.24146860604547,-69.09554995291863,-195.53068526021787,-280.95049194440156,-403.95772753775276,0.9985239852398524,-71.28642455135035,-62.19772261372786,-131.52386829533634
2016-07-22,1397,2015-07-24,2016-07-22,252,163,-2599.329607534272,-2549.706541567762,-4489.605665185593,-5151.467331907049,-5433.538634510771,0.9981884057971014,-1559.7308727151576,-1838.9816416662688,-2970.010013830661,-238.27071898990536,-211.130834447039,-411.9130606421564,-476.80806094601934,-503.7296723159021,1.0,-209.87159387543832,-199.11197853766308,-310.15299773112577
2016-07-25,1398,2015-07-27,2016-07-25,252,163,-2631.4096592016717,-2594.2976230657696,-4499.43350950196,-5248.676818601979,-5494.2128380335125,0.9981884057971014,-1582.6407202165692,-1877.6389767303842,-3017.000200684411,-51.20613063032871,-45.393959089367094,-91.19855916466773,-106.3802908630245,-114.48314367659583,1.0,-49.60826800485256,-49.92676404713348,-62.02069762932889
2016-07-26,1399,2015-07-28,2016-07-26,252,163,-2598.6444643927016,-2546.2397000887186,-4487.297888528502,-5206.999112910554,-5475.432158362922,0.998186215235792,-1556.7077655673438,-1830.333054018072,-2968.3315971885077,-51.29193616198974,-45.305571626858566,-91.21558138556172,-105.91708091521447,-114.45690211630065,1.0,-49.662881602370504,-50.12526660111784,-62.59908217183041
2016-07-27,1400,2015-07-29,2016-07-27,252,163,-2617.750821391689,-2570.3322874468367,-4472.730894093134,-5262.016666585382,-5478.472186625859,0.9981884057971014,-1573.205797164007,-1910.099519396984,-2937.127596883975,-242.16896982726118,-218.69647630515783,-414.3868213665338,-477.23931979814375,-496.28104551016264,1.0,-211.89656200326786,-196.49923361248008,-329.8697481282413
2016-07-28,1401,2015-07-30,2016-07-28,252,163,-2599.5457001376576,-2548.724034644153,-4450.096776757632,-5174.8703371452575,-5434.699243235096,0.9981884057971014,-1554.9148430581238,-1857.3549100357732,-2929.596992455769,-241.28054640104963,-220.7528884803209,-418.41383455026926,-475.35710101766415,-497.2531441299662,1.0,-211.68153966105191,-201.94861909498226,-318.1313404581347
2016-07-29,1402,2015-07-31,2016-07-29,252,163,-2578.758889588295,-2523.267597168399,-4439.09092523236,-5089.345913144894,-5385.431888262488,0.9981873111782478,-1539.46720008753,-1817.3944473263807,-3023.0829176118386,-80.8556459236273,-63.914661613345054,-174.4580336250981,-216.73305406087525,-231.66877796895636,1.0,-55.3884168223776,-53.706360431995094,-100.67468610061411
2016-08-01,1403,2015-08-03,2016-08-01,252,163,-2579.3540895653464,-2509.1691695759014,-4486.518939545128,-5147.7716808777695,-5411.319933050753,0.9981851179673321,-1549.609568185762,-1828.969599466413,-3112.890919610641,-239.20912701926792,-220.3117681546704,-403.8813107973161,-463.3648929262429,-483.18409631421997,1.0,-209.6947569836258,-196.69450988968035,-326.3054926516727
2016-08-02,1404,2015-08-04,2016-08-02,252,163,-2587.016986036459,-2505.5214385859526,-4498.619926300807,-5175.1170139336755,-5433.063171464502,0.9981851179673321,-1564.537914695011,-1836.9892160971385,-3109.33173940893,-79.33519998337778,-63.48644719808898,-166.49335623852127,-210.12664031772678,-228.2631984201794,0.9992603550295858,-55.63773465692502,-54.172649720436446,-98.41474040481769
2016-08-03,1405,2015-08-05,2016-08-03,252,163,-2587.3996553985135,-2543.7753998127064,-4447.5253935748515,-5199.321580113908,-5432.85510000117,0.9981851179673321,-1552.9333310812638,-1803.373837916993,-3114.1393423829254,-82.84214189186352,-68.38679449169553,-178.26187846269215,-217.66475554715217,-234.39250529899883,0.9992673992673993,-58.285987738925265,-55.49392590681064,-104.28854114044279
2016-08-04,1406,2015-08-06,2016-08-04,252,163,-2619.452872941887,-2565.3671360304797,-4505.126839969119,-5241.169026180678,-5521.872809742268,0.998186215235792,-1580.1912511269074,-1868.6188198325628,-3200.1724277034414,-245.25787372479698,-223.44557787467974,-415.4979879138715,-485.9601022233793,-509.38009007416775,1.0,-213.71253321467248,-200.91058587559544,-338.1820956275757
2016-08-05,1407,2015-08-07,2016-08-05,252,163,-2622.2844048499096,-2560.7106006827144,-4507.304259101091,-5212.699954697515,-5472.428581208036,0.9981840193704601,-1588.9858114673389,-1839.2472123825187,-3196.5928561393353,-50.90409420138181,-44.008032542132895,-94.2398063120883,-111.18045273722682,-118.95608893178085,1.0,-47.4465387730664,-46.709143928973255,-65.8238858220543
2016-08-08,1408,2015-08-10,2016-08-08,252,163,-2625.1580270371296,-2548.9957005727,-4570.237532114161,-5254.805538032058,-5533.485415289566,0.9981818181818182,-1604.273259418417,-1893.2565313305743,-3201.0745789837024,-252.45497837741684,-218.4612715211482,-460.90248627075044,-543.2987593138547,-574.740356736531,1.0,-218.29878072225193,-200.8241800078028,-340.0066780106832
2016-08-09,1409,2015-08-11,2016-08-09,252,163,-2606.4124745199065,-2539.7612639809654,-4509.910314046106,-5190.484279223173,-5464.791864808633,0.9981829194427619,-1577.7326862107698,-1864.9393169515495,-3004.522680970362,-51.008875372074925,-44.12122815280175,-93.91345068950237,-111.72566861091327,-119.26876571627771,1.0,-47.50693734307264,-46.53473008130328,-65.75580976402296
2016-08-10,1410,2015-08-12,2016-08-10,252,163,-2586.1681080084436,-2517.9456337451866,-4493.960350031651,-5180.826479391119,-5442.170533893613,0.9981818181818182,-1566.3754666363575,-1804.021600475197,-2961.4899926464223,-84.95180783882658,-68.02646419602202,-180.47536758197808,-227.24376978956076,-245.5724378661658,0.9992614475627769,-59.07679610581558,-60.941032202034776,-108.14414986441795
2016-08-11,1411,2015-08-13,2016-08-11,252,163,-2597.06233487768,-2524.0095535060855,-4508.699478248987,-5213.3997019951985,-5466.7458384046595,0.9981829194427619,-1571.9901372686525,-1852.7340357023866,-2967.8602947883332,-88.11413873778515,-69.63115568593228,-188.5657391199939,-239.02408294881394,-253.4927114230779,0.9985304922850845,-61.00653260577821,-59.15617610073812,-110.6752723594934
2016-08-12,1412,2015-08-14,2016-08-12,252,163,-2610.9074528526253,-2551.6786819803274,-4518.946774351024,-5215.548656296591,-5478.655716404771,0.9981840193704601,-1588.167534591771,-1865.564080283085,-2981.3381486838207,-81.92213230657079,-68.38659232861123,-167.92948849326447,-207.80099162785535,-230.92897563052796,1.0,-57.069572182458295,-56.28230013011875,-102.80422655072229
2016-08-15,1413,2015-08-17,2016-08-15,252,163,-2598.420668188751,-2530.2866435523615,-4510.527459680182,-5232.649620190718,-5466.987811822257,0.9981829194427619,-1576.554929387004,-1821.1921608941673,-3005.581385628449,-239.7530869762381,-212.68443048012352,-428.1768257990621,-501.58371587295443,-532.5673201761913,1.0,-208.99926714782674,-197.0607408462878,-304.1747979465287
2016-08-16,1414,2015-08-18,2016-08-16,252,163,-2601.131891758606,-2520.4085571577452,-4477.191760187076,-5244.121023808949,-5502.38375526461,0.9981840193704601,-1582.0548097051094,-1855.2767989676354,-2987.1812498712925,-235.6179652351654,-210.80383665133434,-414.8842140247259,-479.3188788027093,-512.1790683644518,1.0,-206.2166612208828,-189.38823287616287,-305.8450882370854
2016-08-17,1415,2015-08-19,2016-08-17,252,163,-2600.1783211403986,-2528.682220287388,-4495.904501199879,-5204.522863687711,-5488.274968057579,0.9987878787878788,-1581.0536167802654,-1826.035871027773,-3052.4595227844284,-232.93322532087845,-204.2260193357672,-405.66981520344325,-482.2651535223889,-506.86866115361073,1.0,-204.08129025417517,-182.777384182297,-304.3802389951941
2016-08-18,1416,2015-08-20,2016-08-18,252,163,-2608.7810308439543,-2532.124922340903,-4510.848913817954,-5240.916224313424,-5509.73013891928,0.9987878787878788,-1585.708919898748,-1851.5486623381346,-3056.8533958368766,-225.51324831203493,-195.92558902764665,-399.24837917407314,-487.98650480868514,-514.7785556328803,1.0,-199.82810490629032,-185.65463766141215,-292.5201434045163
2016-08-19,1417,2015-08-21,2016-08-19,252,163,-2587.5476282160575,-2507.97367093694,-4484.384159944841,-5206.61560985154,-5487.976647974289,0.9987893462469734,-1572.8520652966304,-1786.0291798970713,-3150.2805383563873,-221.13935354014848,-192.2824787967272,-368.86089406263716,-458.47113356851713,-512.9131102092325,1.0,-196.58764697729166,-185.5574490986153,-283.86275427993957
2016-08-22,1418,2015-08-24,2016-08-22,252,163,-2558.998841836333,-2484.1297111336125,-4431.675352370382,-5155.9620988808465,-5435.087897738993,0.9975801572897761,-1533.3709946892384,-1721.810669432797,-3084.0946971695093,-238.444453411539,-202.2259039811476,-432.49946760904203,-554.6408901498407,-582.3525081903471,1.0,-206.23260979096125,-191.39125652584775,-324.0117356550123
2016-08-23,1419,2015-08-25,2016-08-23,252,163,-2507.78786762672,-2440.5315338921573,-4378.0409619500115,-5034.252706142479,-5364.481724010306,0.9981807155852032,-1485.8987565445673,-1734.7482339607684,-2986.351389568294,-74.32809773410581,-60.0328299904286,-157.3603436883354,-203.0085115733931,-216.19246271162206,0.9983179142136249,-48.88794241493625,-46.99904720929777,-95.87379587147257
2016-08-24,1420,2015-08-26,2016-08-24,252,163,-2517.1202013820307,-2473.5051969948377,-4367.182223592231,-5024.868608699478,-5357.5976589746115,0.9981807155852032,-1484.266015667135,-1717.1433702803927,-2947.5549350747383,-73.65299754260565,-58.99109689669892,-158.84035576075777,-200.49150245143255,-213.32849327184127,0.9974895397489539,-48.69096551612281,-46.57355847217501,-90.42352073152743
2016-08-25,1421,2015-08-27,2016-08-25,252,163,-2508.463382928854,-2443.885670186519,-4351.858730532945,-5072.5432438877815,-5390.542944780668,0.9981818181818182,-1487.8131095517008,-1725.1077797180997,-2996.7704047228367,-241.61595799618385,-206.29666971978668,-434.09889617300007,-551.1439667205784,-593.4022780453657,1.0,-209.46790278826336,-194.31561044094448,-303.2586271608509
2016-08-26,1422,2015-08-28,2016-08-26,252,163,-2487.910042943064,-2435.223626765096,-4349.438485820668,-5026.276801886712,-5353.054500615593,0.9981818181818182,-1471.5399139525723,-1719.1884267032824,-2993.6698515732146,-53.01081079498766,-45.473198147558804,-98.98823147521514,-119.57194651117766,-126.12170127864182,1.0,-49.38726253157831,-48.08275759361073,-68.05092862144274
2016-08-29,1423,2015-08-31,2016-08-29,252,163,-2499.7407002218197,-2442.8285399172546,-4359.34976273951,-5052.040567371015,-5363.649454791117,0.9981818181818182,-1478.9996494114937,-1705.3754784376913,-3011.0575071770763,-69.36248363136261,-52.74667699126745,-153.27866489606902,-196.23602135526963,-212.16222590609823,0.9990958408679927,-44.26640292415673,-41.44021363883125,-84.90235883665937
2016-08-30,1424,2015-09-01,2016-08-30,252,163,-2498.8810636200897,-2433.123301428755,-4321.1563081772165,-5009.038271537375,-5322.88287432947,0.9975772259236826,-1470.803446352063,-1731.3102548730292,-3056.832553384094,-52.60526104262847,-46.01774033427394,-92.7343663518812,-110.9107708265311,-118.25189187634936,1.0,-50.80824652669321,-50.96273846047784,-63.85763490750962
2016-08-31,1425,2015-09-02,2016-08-31,252,163,-2455.6471367445056,-2371.008539099017,-4276.971212399629,-4941.951836511372,-5282.379819725463,0.9975757575757576,-1451.1176354047348,-1718.525869455245,-2949.977009529736,-53.03841775736196,-46.05269805938134,-93.95321201980872,-111.06773306935452,-119.22891730501833,1.0,-51.19467192182117,-51.36052964383878,-64.55217341233369
2016-09-01,1426,2015-09-03,2016-09-01,252,163,-2454.5457779672065,-2332.778168055541,-4300.705213620835,-4964.966477557799,-5314.172483039181,0.9981818181818182,-1451.6767560469773,-1729.187391856492,-2919.3802182788686,-68.04853658143595,-52.98713126063181,-148.9007367326572,-185.39564789356672,-201.85394359234152,0.9980638915779284,-42.96195325664963,-41.131150056137514,-85.1202124225805
2016-09-02,1427,2015-09-04,2016-09-02,252,163,-2452.0804576565783,-2370.4417453000597,-4302.647682023866,-4972.363128326119,-5299.42659125497,0.9981807155852032,-1454.5506545798391,-1695.4178314762719,-2884.394236750227,-213.6124517721484,-195.3351895059693,-332.403413811914,-401.7978932758665,-441.99584050758403,1.0,-193.45420268354582,-184.37576478756975,-271.58492977411805
2016-09-06,1428,2015-09-08,2016-09-06,252,163,-2441.977855487122,-2358.6835553741203,-4271.51492369496,-4933.763549658188,-5284.718439578042,0.9981796116504854,-1443.5762977795714,-1683.3977480174606,-2891.603155798527,-68.28632218856879,-50.6972168584447,-155.36656855293583,-199.5465109105553,-215.4329462851674,0.9990147783251232,-42.10288951404505,-39.78628138731484,-89.1217324573402
2016-09-07,1429,2015-09-09,2016-09-07,252,163,-2406.480176000419,-2294.047259107021,-4233.982164863841,-4918.720510075286,-5256.588072988725,0.9981796116504854,-1415.70923668811,-1650.9976063194806,-2796.9389776702797,-206.2487976838423,-193.64085638275446,-323.07251046682705,-376.50278189823473,-400.32057724893247,1.0,-188.65517311235328,-183.79483288355783,-267.2675914816407
2016-09-08,1430,2015-09-10,2016-09-08,252,163,-2402.679604096851,-2326.809957201136,-4229.736102959103,-4926.546809670625,-5254.275769646888,0.9981796116504854,-1415.1703056175454,-1677.6376285503093,-2768.2448293589778,-78.67956981748168,-50.09342709887097,-180.80194841550804,-243.95343433730142,-303.4081186529575,0.9979144942648592,-46.05082757454538,-35.96227301126727,-91.69313055619682
2016-09-09,1431,2015-09-11,2016-09-09,252,163,-2389.0520033028924,-2289.2975292612987,-4201.333057400297,-4833.081776453371,-5157.715211870509,0.9987856709168185,-1425.5196002340954,-1675.5693739727471,-2803.5529946550328,-53.58570456059531,-45.61347769721945,-100.51959167788384,-120.87151382583886,-127.56443213665082,1.0,-49.852477243345625,-49.32433983998507,-68.56222582215136
2016-09-12,1432,2015-09-14,2016-09-12,252,163,-2397.4858938825064,-2318.341280896513,-4199.034372337669,-4875.285963790436,-5170.347394195904,0.9987856709168185,-1434.0737439628463,-1693.6053464867296,-2812.13206946606,-219.82814642338445,-200.65183958599073,-373.48394055137743,-438.3332446253529,-453.23772832413283,1.0,-197.57172404128343,-187.62619972209487,-274.51059136554073
2016-09-13,1433,2015-09-15,2016-09-13,252,163,-2403.889751542333,-2325.5343546157656,-4252.480540623225,-4880.669446283805,-5195.261819238222,0.9987856709168185,-1446.4685223505955,-1696.3922944025583,-2825.51211473136,-64.88242557225026,-47.9593474998156,-146.5137814812788,-184.21166642821217,-200.59257386198743,0.9990300678952473,-40.50067503450878,-38.3621885523083,-80.74823378289427
2016-09-14,1434,2015-09-16,2016-09-14,252,163,-2392.226758156762,-2325.133585176521,-4209.639769380997,-4837.149790526997,-5155.562344226682,0.9993928354584092,-1429.591928284708,-1618.7559330964077,-2802.7204863696948,-68.44802973956511,-53.067154968925536,-153.23406084316105,-194.88158809437417,-210.07420346255282,0.9961051606621227,-43.808964587856025,-38.311218369538246,-91.5554662124641
2016-09-15,1435,2015-09-17,2016-09-15,252,163,-2391.26470505096,-2326.347700429871,-4191.8502456437445,-4855.238605984696,-5144.341746509505,0.9993928354584092,-1432.5397638495301,-1645.7928674056116,-2791.1298823182306,-216.29660315626177,-197.45888530019758,-356.4959766932077,-417.3181480763748,-438.8103230818501,1.0,-195.45666210860634,-183.06377794062504,-274.23153568064885
2016-09-16,1436,2015-09-18,2016-09-16,252,163,-2405.6060458274073,-2336.8904721578956,-4221.205456787058,-4856.214696227955,-5145.644345836421,0.9987864077669902,-1437.4171014827925,-1647.871053150288,-2849.759535510754,-53.37046556436099,-45.80799359609881,-99.15373679238738,-121.66157277088736,-127.6575494404702,1.0,-49.422464858023574,-48.05262149602072,-68.50949566588498
2016-09-19,1437,2015-09-21,2016-09-19,252,163,-2374.167638386902,-2310.4798191734994,-4160.652735308088,-4826.694390713698,-5129.871368547323,0.9993928354584092,-1418.6348803905973,-1623.6316889316677,-2791.1758796900667,-216.78503196378063,-200.2223081249506,-353.16190767714556,-399.4363608089787,-424.0423076832199,1.0,-196.27041055601262,-182.7134563507389,-282.8127849026165
2016-09-20,1438,2015-09-22,2016-09-20,252,163,-2367.4052568756265,-2295.782973033385,-4121.210175452376,-4823.822328774581,-5073.180937709587,0.9987856709168185,-1402.4111282925523,-1605.692494650044,-2790.096222785964,-53.64614676953236,-46.18731929608545,-100.61995631461951,-119.14929135721445,-126.90629051162654,1.0,-49.823511929744576,-48.420570147669125,-69.86231468511095
2016-09-21,1439,2015-09-23,2016-09-21,252,163,-2363.355142213217,-2293.7646359274113,-4139.104478231956,-4830.69226670214,-5120.192574396221,0.9987849331713244,-1405.3197854162454,-1608.6955729053507,-2807.5856350278837,-213.56512701126792,-198.82741604297496,-344.5163752831244,-393.2951572199182,-408.80912079868364,1.0,-194.83041081621977,-184.83470248359762,-268.183075795095
2016-09-22,1440,2015-09-24,2016-09-22,252,163,-2366.544673244401,-2292.1640593126194,-4156.928520050668,-4840.566231331052,-5124.471878092876,0.9987841945288753,-1407.7202887607334,-1602.5256768851202,-2836.277557095206,-64.1507049339841,-47.872533456619536,-143.2400977888034,-182.7137691391658,-198.64149214367254,0.99800796812749,-39.56930253723385,-36.3967207204679,-76.17558974021217
2016-09-23,1441,2015-09-25,2016-09-23,252,163,-2380.4657671480145,-2310.745043850505,-4143.950336994103,-4908.0560553349615,-5115.293475975123,0.9987849331713244,-1410.883948448347,-1571.971828678713,-2790.939585201935,-64.98964353834684,-47.49828518165525,-145.78795681015526,-185.04753671174834,-202.577485869898,0.9979939819458375,-40.00355741545842,-36.19451452350059,-78.50438117203265
2016-09-26,1442,2015-09-28,2016-09-26,252,163,-2399.2831052274923,-2326.948501454645,-4181.318177868099,-4891.80370703015,-5144.513514919394,0.9987834549878345,-1426.663526189984,-1629.6464597729766,-2837.735654831629,-215.58480285253265,-195.74400299960706,-357.99992189909307,-422.20049549441296,-440.9229082946227,1.0,-195.33772243485004,-185.93969441988818,-271.03707782617187
2016-09-27,1443,2015-09-29,2016-09-27,252,163,-2402.9033709853607,-2310.037307992773,-4179.504702133885,-4915.547419680001,-5195.662341349579,0.9981796116504854,-1419.4901569289505,-1573.961920277253,-2789.6257202461816,-65.52080507658215,-49.08442816974279,-148.4717315081686,-178.76618841790315,-193.576912534692,0.9968782518210197,-39.905343599329456,-35.20445335982698,-80.24285216229494
2016-09-28,1444,2015-09-30,2016-09-28,252,163,-2427.3871057075385,-2310.3984858876915,-4254.80079992746,-5007.040836238593,-5270.049726942194,0.9975742874469375,-1440.0548805641693,-1622.1692096272498,-2881.9253095029126,-62.14682495435112,-45.20176717179034,-143.66212659716672,-181.17231223948198,-190.77564399774545,0.9968586387434555,-37.70065282881716,-34.189830677816545,-75.7876349272169
2016-09-29,1445,2015-10-01,2016-09-29,252,163,-2425.876929814202,-2313.41020901422,-4251.746926270394,-4996.894465558499,-5279.006903920964,0.9969641772920461,-1449.055416351471,-1660.7222224015602,-2863.7649595756207,-54.28898992529515,-45.77868290670038,-102.60235865012095,-125.17317227373958,-133.79749141464436,1.0,-49.90333093264222,-48.062083623483254,-70.54706827591507
2016-09-30,1446,2015-10-02,2016-09-30,252,163,-2453.1281828785627,-2334.5321888559392,-4248.619076993888,-5069.6602569090255,-5314.517380351195,0.9969641772920461,-1451.8572852763132,-1671.8189809941075,-2889.452638504774,-228.9220148349765,-201.663097129755,-403.83283741655964,-480.79164094183795,-499.5089680721359,1.0,-203.71243550794551,-193.29786210274605,-287.64116931137545
2016-10-03,1447,2015-10-05,2016-10-03,252,163,-2447.6023115950265,-2342.3821038245846,-4311.608938657275,-5060.311575484431,-5327.895084843046,0.9969641772920461,-1466.6206372620366,-1667.5404457605393,-2937.174382913145,-53.93975169638778,-45.26349816565598,-102.90645229479799,-123.21828438253112,-133.28675713162497,1.0,-49.762904642198855,-47.85844784607269,-69.55507641445726
2016-10-04,1448,2015-10-06,2016-10-04,252,163,-2405.9583564441714,-2281.529258098548,-4271.157502264574,-5040.005581896328,-5275.496269829794,0.9975728155339806,-1454.9336388460058,-1685.4056582048718,-2906.79675152391,-223.94633424038037,-197.680184976278,-389.98834461054633,-447.3724848979137,-468.8296874591762,1.0,-200.3369889897336,-187.60835634945977,-291.62017268779147
2016-10-05,1449,2015-10-07,2016-10-05,252,163,-2408.0301460517085,-2302.65741138643,-4266.701296772382,-5041.512622507858,-5285.017872513827,0.9975713418336369,-1457.231151274247,-1688.5644919706701,-2920.267187448642,-51.36798230089548,-44.34826894382389,-91.6178614398483,-111.31628848650567,-117.6687368933715,1.0,-49.62642518556517,-49.37893161224674,-63.578799540726756
2016-10-06,1450,2015-10-08,2016-10-06,252,163,-2400.4065773307225,-2290.6376361141065,-4238.012063679734,-4995.918738774563,-5266.267650973392,0.996962332928311,-1455.5514191518682,-1670.6724741281482,-2881.1663776369014,-65.10553093966952,-46.95820209030582,-152.49467130797507,-195.71398655937696,-208.01978324494354,0.9978632478632479,-39.26790377305117,-36.40913826324741,-83.1719366287377
2016-10-07,1451,2015-10-09,2016-10-07,252,163,-2387.1713044272387,-2247.209165787314,-4236.549167369216,-4972.415450224851,-5274.6913331818805,0.9975713418336369,-1440.9828784252609,-1672.9713064213076,-2855.3341010026675,-67.46279757599157,-50.24766487652356,-149.61734868285168,-199.78474211530187,-214.32808252400844,1.0,-40.47036844304877,-38.55597324914357,-88.12757443182899
2016-10-10,1452,2015-10-12,2016-10-10,252,163,-2392.096171648907,-2257.7687350008664,-4214.6803321032585,-4960.668464554997,-5254.362858516867,0.9969641772920461,-1436.5926549224012,-1675.5180915075314,-2891.8627161715845,-63.789507557909744,-45.23093563186199,-147.15433242555355,-184.50033929941694,-202.14157442087642,1.0,-38.741655327253945,-36.189749817474855,-79.47454247331392
2016-10-11,1453,2015-10-13,2016-10-11,252,163,-2399.724103517613,-2269.2055284504286,-4249.866510703634,-4983.468955245665,-5268.841189893889,0.996962332928311,-1444.957057087794,-1672.0849182642614,-2922.4602691310215,-61.346896862508366,-45.089919710135575,-140.34852797132166,-180.04994002814848,-190.7053407223876,0.997872340425532,-38.00167697149883,-36.273306579298236,-75.5128460040019
2016-10-12,1454,2015-10-14,2016-10-12,252,163,-2392.6720439965447,-2261.086588918899,-4242.103903225389,-4995.760490626926,-5289.116368475949,0.9969641772920461,-1446.334402736493,-1665.3945137868789,-2856.544456986048,-51.307473201032266,-45.181151660352064,-90.2948687632749,-107.58902488599308,-115.95360559644388,1.0,-49.66809599710028,-48.88748016864718,-62.18568156908511
2016-10-13,1455,2015-10-15,2016-10-13,252,163,-2390.5088540347238,-2275.161024209028,-4217.846337708025,-4903.627959711934,-5211.719365072092,0.9969641772920461,-1433.4156044852325,-1661.1215746387265,-2823.781217483745,-226.25532137848475,-199.45988981923094,-383.08886682839045,-447.850441534195,-468.5284672248018,1.0,-201.7910671739371,-192.7257917064955,-298.08608492305643
2016-10-14,1456,2015-10-16,2016-10-14,252,163,-2390.1398765419744,-2290.6590451427774,-4232.81897022778,-4889.081595129667,-5233.9739083781715,0.9969660194174758,-1432.6151806872742,-1695.6274149825344,-2797.229043193109,-52.6350604555378,-45.14619956959237,-96.93484828502874,-120.41817862449683,-126.65433776863703,1.0,-48.832652354656986,-47.90195734622069,-68.95281582522279
2016-10-17,1457,2015-10-19,2016-10-17,252,163,-2420.1583208900142,-2313.5598677147173,-4269.158592942254,-4991.621156147816,-5316.21416589055,0.9969678593086719,-1451.9862375964708,-1739.5889843124428,-2837.4746741260296,-51.414764942576525,-45.02503962580838,-90.55310276717803,-108.08489161430424,-115.67897046898658,1.0,-49.72508504929923,-49.46790389951192,-63.34257036223614
2016-10-18,1458,2015-10-20,2016-10-18,252,164,-2433.221422796648,-2324.6123119365834,-4342.282921781723,-5042.3308937397,-5398.466948841808,0.996984318455971,-1460.8867534155206,-1716.6745972239864,-2905.684939378095,-217.68368040298753,-202.22585276236657,-353.9693050609829,-398.37951925021764,-418.00379019325385,1.0,-195.67631736592082,-185.11095456425556,-295.966817289845
2016-10-19,1459,2015-10-21,2016-10-19,252,164,-2447.7175192241452,-2333.9129001358633,-4356.273712760246,-5024.3748724600055,-5430.519571197563,0.9969861362266426,-1482.4267454088542,-1733.0477907441723,-2897.652538953861,-51.25010924352696,-44.78699404149809,-89.10368015767033,-105.16255010112526,-114.84182906445787,1.0,-49.56885077048997,-48.57543337378381,-62.45586572721482
2016-10-20,1460,2015-10-22,2016-10-20,252,164,-2408.6722912966943,-2317.811673685752,-4271.188508038545,-4984.623420657849,-5286.194067794338,0.997588908981314,-1429.665565172684,-1700.8896497071905,-2848.2650252522685,-52.04618934689229,-44.425516435963075,-96.88298802459822,-120.68512139884524,-124.30885734682062,1.0,-48.23820478322822,-46.62041072145176,-68.81306440888176
2016-10-21,1461,2015-10-23,2016-10-21,252,164,-2441.5092115472853,-2342.2558700464747,-4268.189482981289,-4998.068020678989,-5298.273384405091,0.996378998189499,-1460.5112355523079,-1695.464850123618,-2892.127975273168,-52.11481870910089,-44.448098137836475,-96.08480356996563,-118.52829195309711,-124.91387200047699,1.0,-48.40500163849895,-47.48292033165307,-66.60686736913725
2016-10-24,1462,2015-10-26,2016-10-24,252,164,-2432.71057119383,-2329.9369770104886,-4251.365944544386,-4980.239098139697,-5286.304219484166,0.9969788519637462,-1470.5008665455643,-1698.497444697481,-2869.533212145293,-66.94923202109287,-45.280023713220174,-153.4897441653659,-204.74475947337015,-222.0236170969467,0.9989648033126294,-41.98814261471631,-38.977473391573895,-82.01148002142322
2016-10-25,1463,2015-10-27,2016-10-25,252,164,-2430.268010444568,-2315.7857323101284,-4252.0988608055195,-4964.74762096953,-5281.3727346507785,0.9969824984912492,-1482.0268610968797,-1726.6230326149955,-2883.6358015232786,-71.22836267884833,-46.28018456835121,-173.4793094560509,-232.8692418647393,-245.43594189995406,0.9969167523124358,-44.640716455931276,-41.45527788317989,-86.18263359658488
2016-10-26,1464,2015-10-28,2016-10-26,252,164,-2383.5700278961294,-2314.176301450468,-4163.103073343667,-4849.66693419832,-5073.196177163474,0.996984318455971,-1451.5939484293547,-1668.7291877897944,-2884.735110130188,-218.51278263060212,-202.80190016862525,-361.3288901389967,-412.5517945507585,-426.7306561976854,1.0,-196.82268441175697,-183.16463967560406,-290.70954017620863
2016-10-27,1465,2015-10-29,2016-10-27,252,164,-2329.937073046786,-2253.526047131835,-4064.2347977233608,-4721.105803434579,-4962.540778740838,0.9969861362266426,-1398.113874309397,-1565.0386532829996,-2890.1518038105555,-214.91043684457858,-202.47094784071433,-345.48654479660115,-389.0198901406428,-404.1660345710318,1.0,-194.8897285319929,-185.7120674558766,-289.27780475077975
2016-10-28,1466,2015-10-30,2016-10-28,252,164,-2307.091542195302,-2204.2849322645093,-3972.680716424018,-4673.990235326757,-4871.248392319588,0.996984318455971,-1368.1045592717412,-1519.3103925011114,-2822.2912614113516,-50.7182108298625,-44.54278973175104,-88.4188991873692,-104.30890843198797,-111.70447923787205,1.0,-49.13096612687502,-48.85793607874844,-62.04101960888162
2016-10-31,1467,2015-11-02,2016-10-31,252,164,-2307.777395738833,-2222.9516898637276,-4001.9135055469665,-4646.785253473139,-4886.184359288849,0.9969806763285024,-1369.9194282638582,-1550.1252989015493,-2842.757734073913,-214.8869300643633,-202.80295301448734,-351.5719476617581,-397.1429415264084,-410.64968132424343,1.0,-194.36123986672743,-186.06008688145522,-287.52390968983684
2016-11-01,1468,2015-11-03,2016-11-01,252,164,-2296.8244907185413,-2176.010683692153,-3993.666689358819,-4676.967935036727,-4901.795791719564,0.996984318455971,-1358.0473125743888,-1525.0383512337644,-2800.52952318017,-50.91662970284836,-44.41772600000732,-88.6312826764921,-105.20936711145386,-112.51282872812874,1.0,-49.37214210971054,-48.861445970076204,-61.240189800506755
2016-11-02,1469,2015-11-04,2016-11-02,252,164,-2291.951439112076,-2187.931760909903,-3995.2321064163743,-4651.139165618371,-4887.927045849077,0.997588908981314,-1357.979253330995,-1557.886287572237,-2803.737760306454,-50.99436951968407,-44.6219445056191,-89.0065352192308,-106.75089115341959,-112.43674789375025,1.0,-49.45418811315444,-49.401534181018405,-62.58793816546505
2016-11-03,1470,2015-11-05,2016-11-03,252,164,-2301.330429700771,-2181.163595189544,-4024.8019808404624,-4724.78445293935,-4925.579559864226,0.9981905910735827,-1388.2412074982942,-1557.1150361259004,-2833.266484707325,-51.88981504960056,-44.33385823803515,-94.49537170480356,-112.98948968035015,-122.66914400725446,1.0,-48.18738840649626,-46.966425988755006,-68.37535920790208
2016-11-04,1471,2015-11-06,2016-11-04,252,164,-2310.714567355934,-2177.7055805359905,-4013.114885431845,-4794.37173937135,-4964.376857972077,0.9975874547647768,-1396.5911957395886,-1568.9079926427676,-2828.4120728967846,-50.462236995752825,-44.34583878029261,-87.55458539975565,-104.9565210233415,-111.14049922432929,1.0,-48.97486698221885,-48.465874269851554,-61.869564518353094
2016-11-07,1472,2015-11-09,2016-11-07,252,164,-2361.9681865501207,-2200.823477339351,-4091.216364682852,-4913.218279689732,-5077.690705763012,0.9975859987929994,-1426.4728329643158,-1606.2922199400755,-2873.1990067526062,-221.11508646235183,-201.20574528154424,-366.83167474876814,-439.9381117997165,-457.3131092233607,1.0,-198.74316094545787,-183.0481092520128,-274.4126888476492
2016-11-08,1473,2015-11-10,2016-11-08,252,164,-2356.5272361428706,-2211.874772261514,-4090.7244684160414,-4867.335682514233,-5046.866461455493,0.9975859987929994,-1409.0941348788772,-1573.8505296251255,-2857.8652757529344,-67.14320153419965,-49.05943058823352,-151.20532106703914,-190.9701969768763,-205.51471525535587,0.997090203685742,-42.495287062629096,-40.588697223243486,-82.84949437985689
2016-11-09,1474,2015-11-11,2016-11-09,252,164,-2301.6280842863534,-2192.7553381871885,-4023.6849001807323,-4668.983000607646,-4927.0637589219905,0.9981894990947495,-1404.8621730455545,-1549.8928238217632,-2859.6918593837067,-240.08801245084004,-213.81621443307142,-420.9628391471111,-482.6516468204185,-511.24867020535817,1.0,-209.26138581708992,-188.69859539274108,-324.5023815630425
2016-11-10,1475,2015-11-12,2016-11-10,252,164,-2224.7989704859374,-2143.643562851492,-3945.8924142698256,-4573.937202482598,-4787.084011854402,0.9981873111782478,-1362.7749359754657,-1511.3014860144308,-2781.6252935528487,-64.0248534495602,-46.091042286612,-142.94811559744937,-184.282782258292,-201.51446557036692,0.9980411361410382,-40.41664663501635,-39.89468471883379,-82.3023472732399
2016-11-11,1476,2015-11-13,2016-11-11,252,164,-2226.8924715062444,-2133.1147970759116,-3978.1248934109644,-4631.629473899895,-4855.988947961126,0.9981873111782478,-1377.8414745211062,-1579.5501815901448,-2718.604967047611,-245.32363276940922,-220.06806264773118,-425.1510693617803,-505.6692734811296,-534.0110707248876,1.0,-214.75264591465287,-188.51653570347597,-332.10191408995024
2016-11-14,1477,2015-11-16,2016-11-14,252,164,-2204.579648575345,-2107.973322957126,-3895.2155282443405,-4575.86897714376,-4839.326329887744,0.9981873111782478,-1361.0065211230276,-1537.518533721819,-2734.2510220328054,-247.16902958990568,-221.0940934638101,-434.3060975775046,-526.9679908613839,-545.2823401718485,1.0,-215.8608955627452,-190.53266919345623,-327.60422216142183
2016-11-15,1478,2015-11-17,2016-11-15,252,164,-2202.5413873528155,-2115.3905853532,-3906.9747736868485,-4575.95836852385,-4842.416158130889,0.9981873111782478,-1363.173543767646,-1534.1997234301891,-2754.9529246255433,-50.39965198933933,-44.9558659378079,-86.37244111249969,-100.68628395722902,-109.21536944357494,1.0,-48.89147529484104,-49.1580218274611,-60.771758307607946
2016-11-16,1479,2015-11-18,2016-11-16,252,164,-2189.9411100085904,-2090.361790707667,-3913.372231389096,-4603.709841100418,-4831.793573117346,0.9981873111782478,-1349.8279043778289,-1498.3929914675582,-2674.743072433838,-60.88213895274568,-45.029025372736314,-135.85618753104376,-173.9724051178908,-191.8785558882715,0.9915966386554622,-36.36268207689789,-30.60042786061917,-77.618600166783
2016-11-17,1480,2015-11-19,2016-11-17,252,164,-2156.738079073813,-2079.9802970208866,-3830.0746604994642,-4495.9766724849815,-4735.4813607942915,0.9981873111782478,-1324.8893428111105,-1482.2130290284576,-2648.9272212084384,-249.15787752488666,-219.61616115702327,-439.07618277985205,-538.9718664584943,-560.596286939856,1.0,-217.24358097951352,-190.3944317793662,-342.3911711952543
2016-11-18,1481,2015-11-20,2016-11-18,252,164,-2155.183561219407,-2074.0402507939225,-3853.8556405462696,-4546.198645179773,-4757.086603204372,0.9981873111782478,-1334.9388745210006,-1477.9619384190964,-2687.236924604957,-55.851319012671546,-40.8772883199909,-120.73506863305553,-162.70267014895398,-175.8941869521047,0.9946409431939979,-33.48564093411626,-28.83751092495385,-69.34904896583711
2016-11-21,1482,2015-11-23,2016-11-21,252,164,-2157.6011199709055,-2080.728216533151,-3844.4252092819515,-4558.616962588914,-4763.037278706358,0.9981873111782478,-1327.451222733042,-1481.8329350793483,-2727.017887088318,-50.413173328570025,-44.70305612776841,-87.39801218780192,-102.48848925205516,-110.24793453948318,1.0,-48.79692924200641,-48.630658635957445,-60.07253519009829
2016-11-22,1483,2015-11-24,2016-11-22,252,164,-2150.8083619517583,-2072.632048836619,-3843.8269792244187,-4527.918418898753,-4755.59041391801,0.9981884057971014,-1326.5462694280727,-1461.5957778495774,-2719.4905361412452,-58.05134446996179,-43.29307626744422,-125.6879030997091,-167.06232377494888,-184.29441887882058,0.9946638207043756,-35.02281455672695,-30.108830593755172,-74.29240556596959
2016-11-23,1484,2015-11-25,2016-11-23,252,164,-2135.471209116963,-2065.3550902628117,-3827.542042320737,-4521.169857614141,-4723.800365162264,0.9981884057971014,-1320.2746563239389,-1456.5990858975388,-2712.745185138288,-59.75072212748453,-42.192899413674525,-133.02914792079184,-174.31653847294672,-193.61308821725726,0.9936440677966102,-36.17401217470043,-29.994976281489592,-74.97444552310264
2016-11-25,1485,2015-11-27,2016-11-25,252,164,-2138.754380164616,-2069.898337872419,-3841.4011363842296,-4526.140435827908,-4746.214053625442,0.9981884057971014,-1328.8876552615188,-1448.29411375493,-2696.9854484889725,-50.754305079474044,-44.90854100269107,-87.23394359751624,-103.67138393089579,-111.52984872962402,1.0,-49.08995840788297,-48.70758736998324,-60.63482427631662
2016-11-28,1486,2015-11-30,2016-11-28,252,164,-2142.9776968594206,-2085.5094923743177,-3810.39233294677,-4507.808279519972,-4717.595767079484,0.9981884057971014,-1322.560151033146,-1427.8208590996128,-2700.399838645645,-53.1150689311307,-45.156072498838235,-96.94176478072625,-117.30047970256945,-124.1368197791979,1.0,-49.49966423975017,-47.965362407743314,-68.83730819824416
2016-11-29,1487,2015-12-01,2016-11-29,252,164,-2148.74976219261,-2081.045962828854,-3821.274176049794,-4529.878033898361,-4716.508990055333,0.9981884057971014,-1324.922856989299,-1417.4642879721796,-2700.7298071754417,-52.73319873806423,-45.24199024862414,-95.1553522386847,-116.78377258930544,-122.79760259009166,1.0,-49.20720146796041,-47.73167601030852,-67.86188915720511
2016-11-30,1488,2015-12-02,2016-11-30,252,164,-2084.9264444228183,-2024.2226676555852,-3732.7005417852124,-4373.586037650016,-4610.521951330515,0.998186215235792,-1297.644130093557,-1403.1276710202121,-2637.0055048438885,-65.3409735796575,-41.64544291750358,-145.84694608813578,-216.97410465327923,-249.12051534531264,0.9935553168635876,-40.83142456282232,-35.192817998091755,-79.89259029017651
2016-12-01,1489,2015-12-03,2016-12-01,252,164,-2002.5788856548006,-1972.8952215238621,-3649.0109034737593,-4270.881676985468,-4460.629250874622,0.9987900786448881,-1243.719815213103,-1310.3107428354592,-2576.6800150016143,-50.58800972902882,-45.33275978818753,-86.93964560010544,-102.19974296929159,-109.8495241813273,1.0,-48.99224175891288,-48.971479575684334,-60.16063432660295
2016-12-02,1490,2015-12-04,2016-12-02,252,164,-1987.1515483507037,-1957.723488633202,-3610.8561031445242,-4219.501044540448,-4393.536964487764,0.9987900786448881,-1220.78666964846,-1296.7327103108178,-2468.8295261888,-50.77724056099628,-45.24891568969378,-87.99360511468603,-102.24836266130029,-110.19176633577037,1.0,-49.12365482814151,-48.94061221266254,-60.97187320925588
2016-12-05,1491,2015-12-07,2016-12-05,252,164,-2002.669721761932,-1951.7386346549415,-3617.5996422915177,-4223.281997969525,-4400.035197556707,0.9987900786448881,-1243.0465882330432,-1303.067058324551,-2590.306177629427,-52.92843277760786,-44.68608834949575,-98.31018011154521,-116.29928609635806,-125.13914114928545,1.0,-49.08751557509892,-47.37457656996558,-68.55550690232344
2016-12-06,1492,2015-12-08,2016-12-06,252,164,-1988.4716716559747,-1949.5486011805092,-3600.797450378516,-4241.099107215175,-4381.647079028798,0.9987908101571947,-1226.1580405034542,-1293.6068929793441,-2527.060848040395,-54.03822365691936,-37.904344845659296,-123.36673150092413,-160.33594841157606,-175.0290912071408,0.996594778660613,-32.23563867306613,-26.040152918319123,-70.76788739902229
2016-12-07,1493,2015-12-09,2016-12-07,252,164,-1985.5847365020986,-1940.380743652816,-3558.541278537734,-4163.850373656707,-4355.604499421171,0.9987908101571947,-1219.094438570778,-1281.826771476644,-2488.521825173765,-56.67558848893447,-41.93939940351683,-130.074858141589,-162.8169135443753,-178.74445042706,0.9955456570155902,-34.1163524377449,-28.371261094987243,-76.13393189041373
2016-12-08,1494,2015-12-10,2016-12-08,252,164,-1988.5594331113111,-1939.0088085033117,-3583.8026836497042,-4235.666190745565,-4390.102816928117,0.9987915407854985,-1231.858918003207,-1285.2680612038248,-2603.4823453282715,-67.04061386884827,-39.77028625870547,-163.03863846660445,-243.84035284694716,-264.87820514314865,0.9943502824858758,-39.2054310584917,-30.634878455813194,-82.11839586171932
2016-12-09,1495,2015-12-11,2016-12-09,252,164,-1983.5917971507706,-1914.2905272833514,-3572.7924022114694,-4250.653231932807,-4423.400648924667,0.9987908101571947,-1235.3645356510792,-1288.605017541631,-2571.6866776996876,-51.223639764815864,-45.74969330416583,-88.94905643154712,-105.84158587297483,-111.3746821128491,1.0,-49.53985673764357,-49.7353802978726,-61.27404403920983
2016-12-12,1496,2015-12-14,2016-12-12,252,164,-1951.0866598364462,-1890.7028098595956,-3511.6416248344267,-4121.385519287554,-4315.6456645903245,0.9993961352657005,-1211.504667410281,-1217.4418378057062,-2518.1056364960386,-46.768164885685884,-34.52272444772329,-102.49396879648486,-135.8131408300421,-147.06983064599356,0.9964994165694282,-27.662054159963485,-23.81376874619179,-62.351627595168836
2016-12-13,1497,2015-12-15,2016-12-13,252,164,-1966.647418899459,-1896.6425946437419,-3542.1652170860916,-4168.180429803326,-4355.917653147129,0.9987915407854985,-1223.7347271988058,-1246.7424534526572,-2532.7723294043744,-53.36154785900939,-45.96499055454718,-97.53699718474846,-115.90889402342607,-124.57880825670314,1.0,-49.65045126613277,-49.22072024769602,-68.6881187905909
2016-12-14,1498,2015-12-16,2016-12-14,252,164,-1945.0123408181366,-1895.984875492321,-3499.5823715566494,-4101.2534164200915,-4245.058163385284,0.9987908101571947,-1204.9819311422361,-1211.9670349154333,-2479.8064628305547,-53.5133883371023,-38.435283752992724,-123.06118926322998,-157.9575819399597,-172.63239635448267,0.9965909090909091,-31.712534814276907,-25.387759691421593,-70.0358168675742
2016-12-15,1499,2015-12-17,2016-12-15,252,164,-1970.2768600944355,-1906.980955980167,-3520.23022759269,-4140.1174332061955,-4299.035553029145,0.9993954050785974,-1213.7776289761352,-1258.5688123125924,-2586.3515802284396,-223.2390984850448,-198.0453041592648,-373.4265210461723,-432.7658249958749,-463.4865321049647,1.0,-201.14117387342398,-185.91691532278594,-299.57016285159165
2016-12-16,1500,2015-12-18,2016-12-16,252,164,-1912.024380882656,-1859.758781919917,-3412.308854712376,-4071.6946850085315,-4193.463023196844,0.999395039322444,-1178.0130562302418,-1208.3345445663574,-2437.6790575706696,-51.096004787471294,-45.328180002248835,-89.16370403568497,-103.60702710801142,-111.85290310271375,1.0,-49.48427936683668,-48.812354452352494,-60.88702726699342
2016-12-19,1501,2015-12-21,2016-12-19,252,164,-1912.93766797486,-1854.0273740449948,-3416.799456001653,-4054.2266283561216,-4184.964415975366,0.999395039322444,-1179.3056462637117,-1194.945419250998,-2472.406446948231,-50.92433879729231,-44.664783324257364,-89.16066454323332,-102.76231554175858,-110.95345616812466,1.0,-49.3138145486361,-48.73684158675295,-60.987802141811414
2016-12-20,1502,2015-12-22,2016-12-20,252,164,-1889.8012431183101,-1840.8017992081684,-3384.5232658192303,-3993.0643913921294,-4119.585996043817,0.999395039322444,-1166.8581085343528,-1140.5502771078704,-2471.53710946432,-53.45807321616469,-45.59111127628726,-97.93016373827408,-115.22751339135935,-125.98333226105972,1.0,-49.77570541359494,-47.826540119720136,-68.16082189487557
2016-12-21,1503,2015-12-23,2016-12-21,252,164,-1906.5889318294917,-1852.347050448701,-3410.0864798753264,-4039.893588931191,-4162.799394529103,0.999395039322444,-1176.921783727421,-1167.740850947605,-2415.7843689876404,-47.46684156480111,-34.19226404935141,-105.84672386460794,-136.76708857332406,-148.78601937809188,0.99644128113879,-27.67910946102468,-23.123350992008987,-61.69539174620097
2016-12-22,1504,2015-12-24,2016-12-22,252,164,-1895.59334365853,-1835.0270827484483,-3438.5890828705183,-4035.523668766985,-4173.238155006448,0.9993954050785974,-1171.2479755723352,-1154.307409766231,-2414.0241600515537,-229.37374343138382,-202.26139465013227,-398.1048819836833,-464.5076709862377,-484.51056498474577,1.0,-204.66563047523724,-192.54841239604264,-300.25803436771866
2016-12-23,1505,2015-12-28,2016-12-23,252,164,-1895.1264118943955,-1836.0479654502212,-3426.593453582772,-4061.19735805855,-4155.545319642522,0.9993954050785974,-1168.0625163794139,-1135.6234815866508,-2435.2787181210506,-48.8878261396164,-33.83558172601067,-109.95510860395564,-140.34618229059845,-157.65044966999469,0.9927536231884058,-28.610890677842647,-25.397765455802464,-63.704284197400945
2016-12-27,1506,2015-12-29,2016-12-27,252,164,-1900.4626135670414,-1832.8788438314782,-3432.5876208720088,-4061.3400966652034,-4172.617332148939,0.9993954050785974,-1174.5835670942927,-1153.6044118793611,-2414.757564800967,-46.56758747223672,-33.6996697663327,-108.15036423628561,-135.19935101775965,-148.74501418875343,0.9939831528279182,-27.129185241814746,-22.618553319624453,-60.301748556698115
2016-12-28,1507,2015-12-30,2016-12-28,252,164,-1901.9166353733528,-1840.767704773763,-3421.182123415654,-4021.6548452728716,-4157.848905898771,0.9993954050785974,-1171.8263780797715,-1169.2329117570239,-2447.3714627697514,-50.88818473611478,-44.89000520435887,-89.47932520278323,-103.53415183962726,-111.17848530055733,1.0,-49.36088595486365,-49.08275161542139,-60.835312291641806
2016-12-29,1508,2015-12-31,2016-12-29,252,164,-1887.2669260904663,-1831.5973434380712,-3399.391375905429,-4022.034403449946,-4122.471704331799,0.9993957703927493,-1165.7535108303973,-1139.5392708570243,-2442.0563180230956,-50.290838751618516,-35.88493474851386,-116.35980228726649,-144.9092177378295,-161.3743491310311,0.9939903846153846,-29.251004845413284,-23.326826225488894,-65.01643120346668
2016-12-30,1509,2016-01-04,2016-12-30,252,164,-1888.9089948713192,-1830.6648752333822,-3395.565847235737,-4028.0658456831825,-4121.230069476629,0.9993954050785974,-1162.9933047637107,-1133.740988974181,-2411.814459084637,-249.6005770600864,-220.2678363455687,-435.93884112073243,-534.3074321550982,-558.1497450877082,1.0,-218.86142271553445,-200.66906098081463,-323.86269293712564
2017-01-03,1510,2016-01-05,2017-01-03,252,164,-1895.404630816871,-1824.0006143315586,-3378.8857749519207,-4027.7841921992504,-4150.2605765021835,0.9987908101571947,-1159.347573551674,-1185.5626952298198,-2346.0853973435705,-47.09459650600794,-34.64255187798483,-103.186978158065,-140.94686222904832,-146.73207787873554,0.990086741016109,-27.822349517647524,-23.88772533879945,-59.52206071718483
2017-01-04,1511,2016-01-06,2017-01-04,252,164,-1912.8019090816654,-1848.0973524920696,-3392.7898212572936,-4041.590554985823,-4155.819987299857,0.9987915407854985,-1171.7557120440174,-1179.1720410765208,-2392.815248622881,-50.78684549008407,-44.79634601427104,-87.98890658384735,-104.21348083254675,-111.78263728462198,1.0,-49.23736874070067,-49.52163137401071,-59.98433940463247
2017-01-05,1512,2016-01-07,2017-01-05,252,164,-1866.5389322225824,-1801.334149317167,-3323.1759180920158,-3922.8814108986867,-4071.0990764292837,0.9987929993964997,-1135.0569718476231,-1117.2801988575156,-2383.1769545625425,-50.621516122187906,-44.633116385002765,-89.23509311304939,-102.41666528960667,-110.27429592783265,1.0,-49.11363922423169,-49.100826889175494,-60.79109057307319
2017-01-06,1513,2016-01-08,2017-01-06,252,164,-1785.6646667744656,-1735.9247704697511,-3236.8488309244703,-3828.6914978605396,-3934.616613508933,0.9987908101571947,-1085.728957527229,-1054.9820974852482,-2213.8547537075383,-229.4793298902204,-208.46420217389,-391.7043675590421,-444.69583402551905,-464.44691133415364,1.0,-205.7808820857445,-190.2793268123317,-306.6210973096686
2017-01-09,1514,2016-01-11,2017-01-09,252,164,-1739.4745941829972,-1679.2215391088182,-3195.4804697722457,-3753.3605747737743,-3888.9781879802867,0.9987886129618413,-1072.0162555182367,-985.6133783962689,-2204.6544239693194,-45.03462590148475,-29.564834552924182,-106.91788325784077,-139.76964295143364,-159.59373981750403,0.9917582417582418,-24.58281088740527,-19.621346888285906,-54.397048724317656
2017-01-10,1515,2016-01-12,2017-01-10,252,164,-1753.5422500211632,-1697.789236290108,-3193.9707299162083,-3784.863052934866,-3898.167539482605,0.9987908101571947,-1077.5369135094988,-1018.3933188567291,-2215.067496043039,-44.83595716122785,-30.830851468260096,-106.92938372237052,-138.93800338192858,-149.7443470950783,0.9902642559109874,-25.057022097672228,-19.943512031547037,-56.790515383932735
2017-01-11,1516,2016-01-13,2017-01-11,252,164,-1743.5894796059777,-1695.0590665512404,-3175.7939638581097,-3777.6409492237053,-3868.837008464545,0.9987908101571947,-1061.8107489809836,-987.7263893812313,-2213.081591240663,-44.94786544120341,-29.23287206326186,-107.18138716313125,-138.65424444922644,-158.58955844917352,0.9930747922437673,-24.77282720676216,-20.644861721813392,-56.997088926599865
2017-01-12,1517,2016-01-14,2017-01-12,252,164,-1697.2630542865184,-1623.4882446127167,-3136.634773766073,-3700.7135493172987,-3838.8412764420577,0.9987900786448881,-1044.5905902236216,-1010.8362420738715,-2195.1453157629085,-50.68982685084535,-44.34852259522717,-88.9099547447334,-104.40241911135332,-112.16249508312107,1.0,-49.15706635898989,-48.73174295561391,-61.03174848097544
2017-01-13,1518,2016-01-15,2017-01-13,252,164,-1708.1962994455946,-1634.9961101541908,-3157.2846603424528,-3735.343104540869,-3873.473805133303,0.9987908101571947,-1065.116191842917,-1055.4514053674807,-2198.981654662888,-43.736879670062045,-28.105907882635087,-100.58166431265094,-138.9324895342524,-150.91090204281937,0.9898403483309144,-23.755919755036285,-20.362918500360696,-56.09367642382808
2017-01-17,1519,2016-01-19,2017-01-17,252,164,-1697.7251781249468,-1638.7293042541216,-3123.9739591703888,-3639.4860063618034,-3839.9733483571213,0.9987908101571947,-1064.4385354240615,-992.0943699413278,-2205.2825456290248,-50.7836441957453,-44.70142916113902,-87.53158974015992,-105.91827678335646,-111.60500824478234,1.0,-49.17316910908091,-48.87643912465981,-60.92295433016432
2017-01-18,1520,2016-01-20,2017-01-18,252,164,-1691.2162936857865,-1635.5058833101398,-3130.5982545439265,-3600.100332051352,-3774.132800849393,0.9987900786448881,-1060.2045794789851,-1013.0744106785917,-2172.2487110539105,-39.23639440812052,-27.4516324123307,-90.31254719014262,-112.57708397131148,-122.76622750437636,0.9881129271916791,-21.83902566752955,-18.40774067230277,-49.745607255550446
2017-01-19,1521,2016-01-21,2017-01-19,252,164,-1717.569667421873,-1679.862053087284,-3130.832394026612,-3624.0040870165185,-3789.0189722177633,0.9987900786448881,-1054.2133094611106,-1033.2739542928368,-2200.7084714126186,-214.966645419324,-199.04082811221934,-354.01218982670633,-407.30248294310644,-422.61701191988476,1.0,-195.04800570650812,-181.41066744450558,-289.3845784687131
2017-01-20,1522,2016-01-22,2017-01-20,252,164,-1732.9500075953354,-1707.9689773852433,-3169.4852543255156,-3661.0534137562336,-3816.4265419095445,0.9987900786448881,-1061.826652898107,-1024.006883428337,-2196.5035093746087,-50.563172960490206,-44.08505698741617,-88.91468921470528,-104.77466981967589,-110.73824494368309,1.0,-49.050074974412745,-48.7459795428273,-61.4375670838041
2017-01-23,1523,2016-01-25,2017-01-23,252,164,-1736.6650681054396,-1708.8072456199002,-3167.2209653244267,-3689.4831193327027,-3833.8933613938448,0.9987900786448881,-1060.1139336462652,-1001.6837657858516,-2208.2062845067812,-221.7001316389259,-202.81733285014795,-363.7873724591655,-419.61632218016234,-445.8348482361532,1.0,-199.9199251458926,-188.8799381328933,-289.72093419231305
2017-01-24,1524,2016-01-26,2017-01-24,252,164,-1696.882598658422,-1637.8570012482464,-3111.1387270374066,-3604.087631711103,-3786.8724337521344,0.9987908101571947,-1042.6905611234472,-967.1866168032566,-2155.9146007584372,-39.34275695917248,-26.451876948017308,-88.94607091922698,-122.04719739000903,-130.96419462698043,0.9912280701754386,-21.220201347180886,-16.75315921951056,-49.61755633261387
2017-01-25,1525,2016-01-27,2017-01-25,252,164,-1679.6702169718967,-1604.7867801878297,-3087.8106329048937,-3635.06332250523,-3789.2235093477816,0.9987893462469734,-1040.3330433706078,-960.4365663821054,-2108.761919879793,-37.541828844474736,-25.15984986390486,-85.78130676984438,-115.03214971033611,-123.26401278832763,0.9894894894894894,-20.27792002299929,-17.379650790324035,-48.43637526731613
2017-01-26,1526,2016-01-28,2017-01-26,252,164,-1703.6102636794296,-1633.8967418425568,-3125.283686759145,-3656.652952584219,-3819.579738460638,0.9987893462469734,-1052.973248102312,-989.9280885671876,-2148.1459452745944,-40.24079864929956,-26.215245580672008,-95.10902265739435,-127.01018389471274,-137.27336658022793,0.9864661654135338,-20.82868191205453,-15.995922827031254,-48.84326565776042
2017-01-27,1527,2016-01-29,2017-01-27,252,164,-1719.5466520942773,-1650.0557286316537,-3161.525526907977,-3721.3764509883617,-3863.202409319079,0.9987886129618413,-1067.7054863892236,-1026.858307855912,-2194.6233812519285,-50.73777456347129,-44.61399451961775,-89.0567071205615,-105.52528963397276,-111.85199100230221,1.0,-49.1978508105146,-48.51518788402858,-60.78616826269452
2017-01-30,1528,2016-02-01,2017-01-30,252,164,-1679.7986962207206,-1632.792871852581,-3065.958107467056,-3568.3009627343886,-3756.6595390636617,1.0,-1040.9225824921987,-974.97949515199,-2166.123007205402,-50.49274406975031,-44.247085280936105,-86.79188973376033,-104.76065529453038,-111.57487025674955,1.0,-48.9788525229182,-48.939216913481665,-60.22866359373524
2017-01-31,1529,2016-02-02,2017-01-31,252,164,-1704.861229519614,-1659.9834654875644,-3103.4096112550988,-3629.287166918583,-3807.8862299832913,0.9993946731234867,-1062.3442188918848,-1052.0509740093999,-2178.7449012040606,-55.727450712223785,-46.89740943991262,-104.44440980487369,-125.92909168187892,-138.18934168195923,1.0,-51.50828636593526,-49.03865663996185,-71.51498074970772
2017-02-01,1530,2016-02-03,2017-02-01,252,164,-1625.4688689264399,-1586.3765509538387,-3014.0909052325947,-3468.9495401414615,-3669.6953008023656,1.0,-1015.1133062407779,-897.9674708003639,-2110.3167065504153,-241.71039939950083,-215.14866198954417,-425.97808100334544,-499.692941157199,-533.5640123032651,1.0,-212.53378576599505,-194.1243728487126,-309.8304040206042
2017-02-02,1531,2016-02-04,2017-02-02,252,164,-1601.714129598208,-1567.475477582395,-2975.7984467127803,-3455.757708690037,-3604.066656245745,1.0,-998.6744797132668,-885.6697795798061,-2113.046945913614,-34.76398799041163,-22.645248260784456,-83.29213418594516,-110.58753216444322,-118.37073111456829,0.9845360824742269,-17.12181403392737,-12.041457875186696,-44.05043518832796
2017-02-03,1532,2016-02-05,2017-02-03,252,164,-1592.4120331788333,-1542.5411525993886,-2941.5161118460946,-3435.679239512698,-3605.15025064474,1.0,-999.6960116683416,-930.5397440280625,-2069.605921810536,-51.10438912171666,-44.595233307134194,-88.8199398560096,-108.16732950698352,-114.03318957968578,1.0,-49.419236949732635,-49.373704550299735,-61.280500180962996
2017-02-06,1533,2016-02-08,2017-02-06,252,164,-1682.2732318202077,-1628.8471229791517,-3122.934249088357,-3674.2621759897092,-3822.6391972911483,0.9993954050785974,-1038.998071700453,-1032.1931205474855,-2148.8751683814103,-55.940453168577584,-47.0424937509637,-104.9215213453488,-125.03480005398423,-138.15669076682022,1.0,-51.55772433533504,-49.707555622779054,-71.2096718423055
2017-02-07,1534,2016-02-09,2017-02-07,252,164,-1655.3834709901164,-1616.8900343587352,-3095.480600715196,-3637.3757256579947,-3822.904171862812,0.9993961352657005,-1034.4823282003665,-993.9243264587826,-2125.466905464203,-233.0387167825906,-213.66855800461946,-379.8721978461921,-470.4988526417219,-489.3228789778645,1.0,-208.1840331890006,-204.6344920795545,-293.7777902311288
2017-02-08,1535,2016-02-10,2017-02-08,252,164,-1647.6198478326469,-1596.6727173025208,-3119.7538113422324,-3610.596535372367,-3808.093825417585,0.9993954050785974,-1032.3692226464545,-945.1313322998324,-2147.618928819757,-50.67465010422023,-44.00596149234062,-89.04472503244214,-107.70227582743868,-114.2218081597766,1.0,-48.98039221998129,-48.74644917242463,-60.59746211916385
2017-02-09,1536,2016-02-11,2017-02-09,252,164,-1682.9431595419635,-1644.2516590359455,-3159.000581167665,-3658.0458262979523,-3873.8993920152825,0.9993954050785974,-1043.8854456849938,-970.47178644264,-2210.4582540032034,-55.63617902169418,-46.09349317481869,-103.83209546449,-128.08720284703935,-139.37441926612826,1.0,-51.14020459207347,-48.92520653783663,-69.52677551467535
2017-02-10,1537,2016-02-12,2017-02-10,252,164,-1666.9695569300236,-1605.8101030113203,-3165.9231226654065,-3658.646820007843,-3851.8267477363047,0.9993957703927493,-1046.0835964167447,-986.0473157561144,-2177.5935984826688,-43.13966277101993,-25.964300791848025,-108.09085942133922,-144.7393722443714,-162.59845180337697,0.9779005524861878,-20.079886369679098,-12.639495664127384,-56.12220481078764
2017-02-13,1538,2016-02-16,2017-02-13,252,164,-1607.9729047881046,-1528.7110337938286,-3067.7708771032194,-3522.749232141116,-3759.172547882037,0.9993957703927493,-1007.1526078217703,-910.8827130213649,-2049.1265692568777,-50.931209608323016,-44.79781510785823,-89.81240804992827,-107.82844754470429,-115.06508922248138,1.0,-49.14959829818109,-49.144595626540806,-63.22038735048228
2017-02-14,1539,2016-02-17,2017-02-14,252,164,-1575.3574384527883,-1495.474045662476,-3017.8831792075234,-3483.305521506935,-3670.3453570932797,0.9993957703927493,-987.1593814395427,-902.3286552421182,-2018.1636027072725,-50.909865317715415,-44.43379942609722,-91.87921030479409,-109.7106744275254,-115.37778514559065,1.0,-49.13236149183809,-48.83142389672781,-61.97793718589985
2017-02-15,1540,2016-02-18,2017-02-15,252,164,-1582.4637694256533,-1532.379125260582,-3000.4237201547926,-3495.3206646916638,-3651.000226768773,0.9993957703927493,-989.8772765378269,-913.6135403964893,-2045.0810630070193,-50.705511329962576,-44.41635567578054,-88.97425950198851,-107.82092996088218,-114.28808775644077,1.0,-48.954728205350094,-48.6964001900666,-61.90136888139931
2017-02-16,1541,2016-02-19,2017-02-16,252,164,-1576.2370581509063,-1531.654203138572,-2986.0321831691626,-3493.171647773793,-3659.4964934930013,0.9993957703927493,-986.3371611049445,-918.5683977592325,-2026.7773044820776,-50.779958404687044,-44.221265695204494,-89.98688397308378,-111.15406768857582,-114.85734431664977,1.0,-49.00230542617037,-48.5571304003101,-61.71752659541176
2017-02-17,1542,2016-02-22,2017-02-17,252,164,-1591.1127673569304,-1547.6190299794027,-2979.097563119586,-3503.6087543772314,-3661.6153453724423,0.9993954050785974,-999.1400986016063,-925.4024886172267,-2039.882085431852,-229.0325545360086,-213.15317674045772,-374.38471405452094,-432.4155317165786,-454.2191854968404,1.0,-205.8052782466518,-184.63505772208822,-308.02003022921355
2017-02-21,1543,2016-02-23,2017-02-21,252,164,-1563.1619618693016,-1486.0387931597093,-2956.810533188491,-3423.8135802282595,-3620.8284089219733,0.9993954050785974,-986.597348453646,-932.6856910035259,-2065.0230204753057,-55.55665666539551,-46.88923423605998,-103.10774128194728,-126.37838133454851,-133.473624757495,1.0,-51.285467624089975,-50.05249300801631,-70.65506871758846
2017-02-22,1544,2016-02-24,2017-02-22,252,164,-1541.1161081486166,-1490.4062100641752,-2905.535711255978,-3373.2397527608655,-3545.4168973289297,0.999395039322444,-961.5055170557164,-885.7898732380863,-2028.5836428299644,-29.384328445490954,-18.990161521519525,-69.64589738212375,-93.7784666603127,-102.6178948667737,0.9760869565217392,-12.858197525528833,-8.233792539375614,-36.95010155766809
2017-02-23,1545,2016-02-25,2017-02-23,252,164,-1553.4780665488572,-1492.1138196249026,-2910.943855897234,-3433.3051560741474,-3598.586903688595,0.999395039322444,-964.82879012467,-884.646007585059,-2050.9528717395706,-50.182705474873224,-43.76599414407762,-87.79134568231567,-105.40863059065752,-113.07100637364535,1.0,-48.42787283572818,-47.80878720469521,-60.332107475157905
2017-02-24,1546,2016-02-26,2017-02-24,252,164,-1556.5057503191151,-1490.7467262706336,-2937.8554322133223,-3422.4228894011017,-3598.2457001909497,1.0,-973.9033398226879,-908.1984983525333,-2014.4577390611846,-50.00364167220431,-43.85576971179545,-87.5032826256969,-105.06697879331136,-112.98515324656644,1.0,-48.21725770331481,-48.122775091064796,-60.08178670564696
2017-02-27,1547,2016-02-29,2017-02-27,252,164,-1563.201704114082,-1490.6309743913296,-2945.313794662527,-3460.8883831189028,-3614.991303172398,1.0,-970.766590080143,-915.9214866564239,-2036.6273784729694,-50.07383171397902,-43.789577087163536,-87.73331172728241,-106.9126929283616,-112.90553334014402,1.0,-48.34797677665384,-48.23328174125632,-59.64706862897742
2017-02-28,1548,2016-03-01,2017-02-28,252,164,-1563.8818988432056,-1505.5883817607648,-2944.4233897553872,-3401.122858449264,-3597.4190421037974,1.0,-971.515843992826,-872.1093677365589,-2011.6547077656069,-55.992883238604996,-47.794370696218365,-102.87417452644836,-129.31934527584878,-136.23000684293024,1.0,-51.44200511771274,-49.808862331277055,-72.4158263645387
2017-03-01,1549,2016-03-02,2017-03-01,252,164,-1548.2891498582771,-1494.4953085041998,-2924.0055195136742,-3387.4084639050625,-3581.134738523234,1.0,-964.116128547834,-848.423674214608,-1978.8615508420553,-50.06375574494622,-43.763968586431616,-86.54594515733537,-105.46220843893265,-113.2503675970657,1.0,-48.32815854794829,-47.64251013697343,-60.34879136340872
2017-03-02,1550,2016-03-03,2017-03-02,252,164,-1553.8829050925003,-1492.353233131664,-2945.25379254654,-3415.1257145368163,-3613.60422960845,0.999395039322444,-968.6139369158204,-880.399493482035,-2015.6064364812678,-259.49166689013884,-229.47717471131892,-449.7990938984981,-540.4875912292866,-563.6184004815726,1.0,-223.81835674376043,-206.91656481525337,-350.2059735546085
2017-03-03,1551,2016-03-04,2017-03-03,252,164,-1559.7318731179814,-1496.3792718182185,-2985.9786611936975,-3429.738269341986,-3644.5637231195174,0.999395039322444,-971.3255073971965,-901.3767832977533,-2042.9960309330845,-31.300630779466605,-19.630680439201317,-74.04977038695104,-100.2007808185061,-106.7556735339677,0.982646420824295,-13.226318695247633,-7.405069197179666,-36.92017694062796
2017-03-06,1552,2016-03-07,2017-03-06,252,164,-1566.1969830328494,-1496.582953859208,-2980.4230567881687,-3471.024259077321,-3657.992166804384,0.999395039322444,-976.980350215453,-922.7801791881428,-2026.1962653385392,-55.59933323201991,-46.15448589316731,-105.54139505578412,-125.28236236364774,-137.09908785066307,1.0,-51.0345209155398,-49.29109121364116,-70.30325527484116
2017-03-07,1553,2016-03-08,2017-03-07,252,164,-1570.7455061233109,-1505.0067557627528,-2998.24529121864,-3466.8643180369,-3671.927286545871,0.999395039322444,-980.8852837562824,-904.7939902211856,-2015.496869201167,-32.886523796657514,-19.914722168138123,-81.53499829735702,-103.10147127836363,-112.23434884805712,0.9850427350427351,-14.237794833288373,-7.134406981670905,-38.54720947357648
2017-03-08,1554,2016-03-09,2017-03-08,252,164,-1518.474024205589,-1460.8859465481546,-2886.1477082145084,-3393.5309717478117,-3574.3128345848722,1.0,-950.8716006621519,-863.8697373774688,-1964.77344221676,-50.394349378558346,-43.719921433982094,-88.75735087519472,-105.4082039111492,-113.06984722230484,1.0,-48.5221533549851,-47.64210172664323,-61.44186920131141
2017-03-09,1555,2016-03-10,2017-03-09,252,164,-1527.40152182095,-1464.3497146536668,-2871.018193381244,-3409.80039085393,-3602.3806995134464,1.0,-954.9122157085914,-868.9935435885202,-1972.414203153728,-56.45552996678269,-47.17275112115471,-107.59573541454847,-129.56305647282525,-139.8414994797089,1.0,-51.38174264541947,-50.262447188103174,-71.68538371656892
2017-03-10,1556,2016-03-11,2017-03-10,252,164,-1527.8169509048842,-1465.078283844036,-2869.17892455494,-3410.2973807474477,-3593.423913193039,1.0,-958.8718983357774,-891.4613608291845,-1973.4922877137908,-49.94912106057582,-43.85708861633195,-88.74497888228406,-104.76370922688797,-111.79089411670306,1.0,-48.18404993964524,-47.649373615409246,-60.26027487161628
2017-03-13,1557,2016-03-14,2017-03-13,252,164,-1497.2167378472197,-1414.4078852079106,-2838.3857991783702,-3357.7686752596223,-3547.7387269433584,1.0,-944.8283499797449,-892.2416881709681,-1945.7374995420068,-57.08949226554426,-47.87349507660923,-108.65799071945723,-133.69038298775388,-142.03850475417033,1.0,-51.911927280509964,-50.80885896083254,-73.09829916450178
2017-03-14,1558,2016-03-15,2017-03-14,252,164,-1494.3406426214394,-1403.7128020136565,-2826.5250890666466,-3359.77832550238,-3549.9506223367607,1.0,-945.3447205651458,-882.0154499098984,-1957.846045641298,-56.502457631069035,-47.76746743839337,-106.77522860985006,-131.88538226425388,-138.79953453344874,1.0,-51.68061976814933,-51.118688334133836,-72.30133763714073
2017-03-15,1559,2016-03-16,2017-03-15,252,164,-1481.870634533407,-1394.819786588109,-2810.311213494056,-3313.6870325273503,-3510.073226019228,1.0,-941.9887514574623,-854.7296398817507,-1944.077469171255,-29.10406840124599,-18.0367765201767,-69.38279025200136,-89.31135873091651,-100.44561243190591,0.981859410430839,-12.615358455574684,-7.067264777480504,-35.39479862080114
2017-03-16,1560,2016-03-17,2017-03-16,252,164,-1488.2380304795447,-1400.6019543730604,-2825.8840148294767,-3333.285923511114,-3539.4836084746885,1.0,-943.9276925729902,-884.0641287971852,-1948.0583444052122,-50.21455613400534,-43.49295370403293,-88.11870684668185,-109.00807897494262,-113.73060402940882,1.0,-48.41145903112148,-47.165403380254915,-61.83043911997383
2017-03-17,1561,2016-03-18,2017-03-17,252,164,-1468.3525276867879,-1389.2820861020373,-2776.018032610116,-3292.5126068721274,-3459.4240027865217,1.0,-926.333876515098,-825.9067757905148,-1928.6838506733059,-57.21442551957943,-47.96576960854186,-108.82359916127591,-132.1238990601107,-141.91838566067187,1.0,-52.124166762661865,-50.2604494969829,-73.29716290707994
2017-03-20,1562,2016-03-21,2017-03-20,252,164,-1472.8520099511807,-1399.9983777997336,-2766.9039555761083,-3292.104746919392,-3454.7354351135077,1.0,-926.0631672482375,-806.3884584148067,-1917.6256312023233,-57.00145714161607,-47.50852894862688,-108.16500929341652,-130.19833818773617,-141.82817649358725,1.0,-51.99540675652901,-49.89298984658997,-72.56633216942981
2017-03-21,1563,2016-03-22,2017-03-21,252,164,-1506.6961644616156,-1435.3304524585024,-2821.89485769534,-3328.947378375949,-3497.4817476068156,1.0,-939.8527913615196,-816.8116664486402,-1950.8841811611721,-56.409096162089746,-47.417824797959184,-105.23904012122978,-131.6371553062132,-140.55710580400236,1.0,-51.47726904337834,-49.84667714952137,-71.94791647789658
2017-03-22,1564,2016-03-23,2017-03-22,252,164,-1508.2736973634849,-1456.0734785411732,-2818.177654938948,-3327.3636267972392,-3493.6181453889562,1.0,-941.6128876619395,-822.0088517470217,-1963.096117252673,-56.10303973488095,-46.773451403470006,-104.7940118868355,-130.01028865659362,-140.40519444793887,1.0,-51.27223655276177,-49.94416634749595,-71.08228796543273
2017-03-23,1565,2016-03-24,2017-03-23,252,164,-1497.550417288603,-1439.2469323504968,-2806.428042410112,-3334.9054377581815,-3498.9076689946037,1.0,-936.5278440724293,-817.6911273994472,-1967.690191407111,-50.44024931097652,-43.48995763483707,-90.07477974695557,-108.5050041349718,-113.78551363638694,1.0,-48.70337378560833,-47.56989288452951,-62.2399389527613
2017-03-24,1566,2016-03-28,2017-03-24,252,164,-1496.095620384224,-1438.051091039292,-2824.6721185183014,-3359.84235844695,-3513.6969581848357,1.0,-935.4974387080204,-815.7524348348893,-1983.341509872798,-56.170068964502704,-47.01230260185801,-105.42837838616039,-130.22266680781766,-139.6916816253439,1.0,-51.33807870192471,-49.90747404492585,-71.09953489278425
2017-03-27,1567,2016-03-29,2017-03-27,252,164,-1498.3847744873904,-1448.9727241655517,-2809.027237416395,-3347.371455583418,-3512.818971072047,1.0,-935.7102463701544,-814.726481226819,-1977.9882286991647,-50.37314672665474,-43.596807128938536,-89.14125324802394,-107.19032151784101,-113.74939537539174,1.0,-48.64668865268097,-47.362977298814975,-62.72016860431921
2017-03-28,1568,2016-03-30,2017-03-28,252,164,-1529.1670987811685,-1469.0902571368465,-2866.814333311028,-3394.5078465013553,-3596.5306696319863,1.0,-951.791717375492,-845.5083733725198,-1998.910012111637,-245.76541459533928,-206.20737130282544,-430.67639841966263,-562.1781762762477,-598.105136490253,1.0,-214.66474361683834,-204.17104301734497,-306.3226287038663
2017-03-29,1569,2016-03-31,2017-03-29,252,164,-1535.745109502461,-1485.689104864487,-2866.7298855808785,-3415.913423548547,-3593.3238130086866,0.999395039322444,-951.0627895069977,-871.5410140846515,-1974.0130648025236,-56.0992248602669,-47.14445215922785,-105.67363984101051,-127.50455721964552,-138.47234343904125,1.0,-51.309944660447485,-49.95451002510758,-70.88359200499512
2017-03-30,1570,2016-04-01,2017-03-30,252,164,-1545.6433481550146,-1492.2060576970266,-2925.60288715589,-3490.0022611289496,-3635.388555683536,0.9993954050785974,-951.2506345760244,-821.0339243116816,-2020.28562213415,-35.46854882798285,-21.854788540620927,-90.29712829837466,-113.42901260588694,-122.06077159119495,0.9866962305986696,-15.293473641131017,-7.648049455182893,-40.858820896984376
2017-03-31,1571,2016-04-04,2017-03-31,252,164,-1543.4284194397742,-1491.0237275719824,-2921.2571134042246,-3458.0318756662246,-3640.1689078750696,0.9993954050785974,-953.2833253103543,-811.3183123436983,-2006.8872981321758,-56.60190377473522,-48.60372953540599,-106.84318233347729,-130.6833088194995,-138.5919802790057,1.0,-51.853878379422206,-49.89122824018053,-71.58518576212096
2017-04-03,1572,2016-04-05,2017-04-03,252,164,-1544.1063190564396,-1488.4993865943597,-2908.5581355995378,-3442.288570466685,-3635.7422052571055,1.0,-951.1108806548231,-791.7325753936971,-1999.5076944649998,-50.10400810405429,-42.80847059457099,-88.78148638150103,-108.56920982363073,-112.77692205977945,1.0,-48.32685762435686,-48.29215222267656,-62.21362023320162
2017-04-04,1573,2016-04-06,2017-04-04,252,164,-1525.710960785883,-1462.4395607016368,-2858.681815187756,-3391.7134263261896,-3570.407624576422,1.0,-938.0654118078805,-810.9864882110076,-1991.125761914252,-49.98754468442171,-43.03556847080327,-88.7238209922216,-108.01605860019934,-112.49759468520203,1.0,-48.24575590600525,-47.72920222248946,-60.872489843337505
2017-04-05,1574,2016-04-07,2017-04-05,252,164,-1547.7460246429848,-1492.850645415178,-2923.8155284034196,-3438.3862522233503,-3619.5262891033444,1.0,-958.1465197847677,-889.8233147500749,-2002.1954131669254,-56.859444658265204,-48.25244117811698,-107.06416803117482,-127.74026947871242,-139.6105439823179,1.0,-52.05573323919901,-50.09721232096144,-71.73266021231352
2017-04-06,1575,2016-04-08,2017-04-06,252,164,-1525.6344555855494,-1461.7045277165237,-2887.7488648675176,-3395.829709618803,-3578.1424779842177,0.9993954050785974,-946.9596970928432,-853.4729622802577,-1981.8290008997699,-49.56055066891802,-42.82607648901799,-86.41579130968552,-104.37955037909192,-110.92839369118133,1.0,-47.924682353321586,-47.59732832601382,-59.98089315559391
2017-04-07,1576,2016-04-11,2017-04-07,252,164,-1533.2545115591693,-1462.3422122060995,-2885.758101868424,-3412.5618141126456,-3602.609333253899,0.9993957703927493,-951.1621487166466,-864.0915323090738,-1979.5403723465854,-30.68939917458815,-20.946602279412467,-73.50116316236934,-95.24531351612775,-98.40288585420463,0.9837962962962963,-13.231829489174821,-8.286394473565501,-36.709897950150804
2017-04-10,1577,2016-04-12,2017-04-10,252,164,-1537.016241950261,-1473.7860779500909,-2892.0911558473954,-3450.6150722060684,-3629.110941950161,0.9993957703927493,-951.9347498496667,-868.124318727464,-1977.7416691305584,-31.80158782337187,-22.267216781645153,-77.71892920262744,-99.64230825339337,-102.33642847566335,0.9839449541284404,-13.656611763911567,-8.270648729764005,-38.38866480481783
2017-04-11,1578,2016-04-13,2017-04-11,252,164,-1524.343532906131,-1469.0115261459166,-2883.161533982376,-3401.9599679621338,-3585.8502263505025,0.9993957703927493,-945.168252379256,-853.2890535937303,-1976.444836185153,-57.529489867849186,-48.729004054552895,-108.24603492821265,-131.72288073679286,-141.87566016983664,1.0,-52.62318344319407,-51.47112163375694,-72.66299430737675
2017-04-12,1579,2016-04-14,2017-04-12,252,164,-1500.553827896028,-1440.3315020176985,-2803.1986083695397,-3316.656590665498,-3494.3943931204717,0.9993961352657005,-924.8143965917045,-859.4559647850276,-1950.2049210684875,-50.12926567160676,-43.09568406621895,-88.4142444945841,-107.00099089930775,-113.33844811833221,1.0,-48.24734438042472,-47.650366630453235,-61.513383967603666
2017-04-13,1580,2016-04-15,2017-04-13,252,164,-1508.0107131624372,-1450.8085034452029,-2850.35034394278,-3342.315251409372,-3513.369320937271,0.9993961352657005,-929.246341580929,-867.36161033547,-1944.8946441042476,-50.19733176488819,-42.966612678134474,-87.80100922046516,-107.76855433083843,-113.37884823029543,1.0,-48.31471198592162,-47.816475438078655,-61.78351190077162
2017-04-17,1581,2016-04-18,2017-04-17,252,164,-1510.0355694689333,-1455.5192540630892,-2823.865927222816,-3364.328650105061,-3512.642555493306,0.9993961352657005,-926.1415800290397,-849.6028311249427,-1962.6010692812956,-243.46250616065217,-209.28720046689108,-428.6535429767367,-551.8178879423974,-585.6929327735083,1.0,-211.56182510734698,-190.21242216579884,-334.5266389910342
2017-04-18,1582,2016-04-19,2017-04-18,252,164,-1508.4543045055925,-1453.455586569153,-2819.6151582432462,-3336.953324124186,-3502.439776634942,0.9993957703927493,-920.8206232570917,-841.592375743895,-1958.9092783950216,-50.29674492368211,-43.255028154004236,-87.32708181861659,-109.14013459599005,-113.96104031566217,1.0,-48.44948342813983,-48.26992365074061,-61.678266958377904
2017-04-19,1583,2016-04-20,2017-04-19,252,164,-1508.4115222790606,-1455.7811055454752,-2839.060392108352,-3358.8561435389406,-3505.950709577908,0.9993957703927493,-924.0283059436606,-862.9878795729221,-1960.654923538356,-49.58866587556143,-43.61163784361351,-85.8941175495792,-104.65951247335681,-110.33624922816782,1.0,-47.89935035580872,-48.320680857443605,-59.67275376932828
2017-04-20,1584,2016-04-21,2017-04-20,252,164,-1534.999461722753,-1492.4926605974092,-2862.84006080584,-3402.8890063297604,-3551.4055714435463,0.9993957703927493,-941.8921342478714,-908.91802975248,-2021.893153399267,-59.756448021560836,-50.75684890541752,-115.02356525686535,-136.13099069313554,-147.8912284753664,1.0,-54.58437731373533,-53.110659564550204,-75.12169000165188
2017-04-21,1585,2016-04-22,2017-04-21,252,164,-1578.8408757317688,-1543.128842934958,-2929.9653133070674,-3434.0638591828656,-3623.5573484468587,0.9993957703927493,-960.0341580022878,-900.6549055485381,-2044.8877905816455,-30.020816324612095,-19.755607252837695,-73.47616135068563,-91.89435113207409,-97.29076865310044,0.9885321100917431,-12.520561467075604,-7.527518090194146,-36.30949639610042
2017-04-24,1586,2016-04-25,2017-04-24,252,164,-1591.858382796901,-1560.1202417298362,-2974.1876683066566,-3478.944245276842,-3656.9288080173587,0.9993961352657005,-977.0603132904495,-926.3750512405036,-2100.6007331383735,-57.789683317481334,-49.40628899595738,-107.82661905056042,-133.50083068061227,-142.04059207910694,1.0,-52.77680381022484,-50.9637442497373,-73.66103127911741
2017-04-25,1587,2016-04-26,2017-04-25,252,164,-1577.7174928296326,-1538.8064329190556,-2924.813759098002,-3453.8700254513515,-3630.9112271265512,0.9993961352657005,-959.7125520772989,-894.2754251983981,-2087.5362166562677,-49.52154842060566,-43.64993529865481,-85.76155968829543,-102.64796671674061,-109.09111342394326,1.0,-47.73364387077533,-47.65455586694881,-60.38491435939482
2017-04-26,1588,2016-04-27,2017-04-26,252,164,-1589.410093391244,-1564.547305681574,-2952.6118668171803,-3423.682349473238,-3607.007181727895,0.9993961352657005,-966.3209801495066,-912.7447926111513,-2098.8620866927754,-59.140157751187296,-49.810594539943594,-112.60204346391237,-136.35931948481297,-147.65888963528147,1.0,-53.78372151910435,-52.428135095190285,-73.45164860959439
2017-04-27,1589,2016-04-28,2017-04-27,252,164,-1603.0483562282739,-1570.8700339617749,-2946.65463384559,-3460.805338374216,-3624.160084780576,0.9993961352657005,-977.7573963990684,-912.9048109602953,-2113.4153804062557,-31.106647670435898,-19.530791703918382,-80.21833907002556,-96.992221238629,-107.38571413877546,0.9780701754385965,-13.044608683061142,-7.708303004984687,-37.540189951454224
2017-04-28,1590,2016-04-29,2017-04-28,252,164,-1568.8704372248562,-1553.2659729453742,-2876.3652022383235,-3356.706598840128,-3538.0156752789403,0.9993961352657005,-962.6701373881957,-893.5247409618753,-2114.7600047318406,-49.26252698993918,-42.65995761253207,-86.83521948424202,-101.17962720446585,-109.13321792653012,1.0,-47.710890518944716,-48.162998390566855,-60.91840762181496
2017-05-01,1591,2016-05-02,2017-05-01,252,164,-1575.301364173183,-1573.2260068773553,-2918.506357143695,-3409.6156790293203,-3543.60662868788,0.9993964996982498,-966.2233137506641,-910.5201984138386,-2131.4945616862033,-49.13732859647446,-43.130636369661104,-87.02441992355668,-101.40455287569408,-109.05912695403269,1.0,-47.618975958181004,-47.58722816723913,-60.20511421035351
2017-05-02,1592,2016-05-03,2017-05-02,252,164,-1559.8786628906007,-1549.500292080178,-2867.4076421148347,-3397.9732537202563,-3529.7017186050475,0.9987937273823885,-955.0403424228521,-897.3542669816129,-2134.9964094995453,-49.18641188920615,-42.76715467042885,-87.42476685036237,-102.77163808926699,-110.26714938882527,1.0,-47.60052255186526,-46.96746675865499,-60.91561736758548
2017-05-03,1593,2016-05-04,2017-05-03,252,164,-1554.6684529755669,-1530.4320650631955,-2835.6834779969786,-3368.901718170088,-3507.308565423411,0.9993964996982498,-957.1996971671459,-897.4875063169336,-2119.954858748402,-65.15413731858958,-54.172901239505926,-126.37296948998326,-159.61231411963058,-167.28380963983966,1.0,-59.258965510508446,-56.63501417679326,-83.20433530174634
2017-05-04,1594,2016-05-05,2017-05-04,252,164,-1531.282145146727,-1518.576556103636,-2820.355259451707,-3295.083231494115,-3455.3940783448325,0.9987937273823885,-941.0846005037371,-886.0556465023819,-2094.5928252228473,-69.1162458432128,-55.296263435285624,-133.91974552209513,-171.00002109644143,-192.75290065217757,0.9987737584304108,-62.79776609367625,-60.74887604717725,-84.59621604137475
2017-05-05,1595,2016-05-06,2017-05-05,252,164,-1530.7144905408247,-1519.2578091021671,-2814.3531135554645,-3285.9581771218695,-3427.436593871829,0.9993964996982498,-952.9899553845952,-905.07814285698,-2114.8469268240124,-64.6408652537484,-55.81975833237008,-123.6289158134473,-151.087887381529,-162.10632406459632,0.999390243902439,-59.17593912571036,-56.529710871745564,-82.58507605305337
2017-05-08,1596,2016-05-09,2017-05-08,252,164,-1528.3443687671195,-1525.3119920908334,-2830.2471252686664,-3260.796580120441,-3411.121268862373,0.9993968636911942,-949.3869545592963,-880.7396314015648,-2115.1600494375925,-48.8635401862468,-42.91583292008567,-85.36816191852773,-101.53360195724831,-108.10362211696032,1.0,-47.43981051633623,-48.07562670727772,-59.10281246894253
2017-05-09,1597,2016-05-10,2017-05-09,252,164,-1524.1866251475308,-1512.8682067728714,-2799.990782860037,-3286.749209758939,-3416.1612349872753,0.9993968636911942,-947.1443828791447,-880.7767194005482,-2101.629432139357,-31.084837534888464,-21.187607681053187,-73.8552532753928,-90.5286580903131,-100.17330669449402,0.9791183294663574,-13.48081927452472,-6.701101178124134,-38.334974716893036
2017-05-10,1598,2016-05-11,2017-05-10,252,164,-1507.233144262352,-1499.941215320047,-2797.445867167028,-3240.7735216438755,-3365.003885934948,0.9993964996982498,-939.1478316898613,-867.0723454986894,-2093.422433140364,-63.05445885863826,-52.76307153296987,-122.5121642232605,-149.07777721898609,-160.02828978810888,0.9993891264508247,-57.586112183793595,-55.63327145391574,-82.24011440433854
2017-05-11,1599,2016-05-12,2017-05-11,252,164,-1502.6104675004904,-1488.2211110217208,-2792.4495378936867,-3246.8471736813663,-3382.570145740739,0.9993961352657005,-936.9936431710682,-865.9625964044992,-2108.1283273796307,-61.45300089959075,-51.28814127075704,-117.76842225055627,-144.47533034860206,-155.94786293321712,1.0,-56.067907883021476,-53.39187840727131,-79.40076060748594
2017-05-12,1600,2016-05-13,2017-05-12,252,164,-1504.0487435531047,-1487.0823768893251,-2787.2793487015756,-3257.422877504458,-3386.7695320506855,0.9993961352657005,-935.1487454301617,-850.7588131128925,-2110.6391285969503,-49.04130668233191,-42.74118988585643,-88.36358511902465,-100.57493634868612,-109.05562570090933,1.0,-47.48998311252657,-47.838149682570645,-59.68846946010728
2017-05-15,1601,2016-05-16,2017-05-15,252,164,-1487.4040364545008,-1457.307421292679,-2777.9239890276644,-3232.301745600618,-3347.1016579875127,0.9993964996982498,-928.9186636416425,-856.7468630118703,-2078.5827083376403,-59.70331981928704,-50.93810427402374,-115.10833322632381,-138.53051782862863,-149.49000059787267,1.0,-54.512479139451074,-52.57828171516929,-76.57343086644639
2017-05-16,1602,2016-05-17,2017-05-16,252,164,-1487.3260496115374,-1457.598237081757,-2766.3175259443083,-3250.296158102956,-3367.6515174799147,0.9993961352657005,-925.8039078552728,-853.9866605492134,-2073.693864763119,-59.27537308090245,-50.28953279510274,-113.02679553958741,-137.27603896369382,-147.8091462674193,1.0,-54.067800409031946,-52.58193522275835,-74.19208042201358
2017-05-17,1603,2016-05-18,2017-05-17,252,164,-1548.1262279477844,-1512.1899274089515,-2812.7616144444546,-3321.897219075046,-3447.9224098975806,0.9993968636911942,-948.6686752132366,-869.2408021321613,-2091.990068362257,-58.336433609659416,-48.172718092336034,-110.97585271010858,-134.6742661102869,-145.43703047519998,1.0,-53.180704078417186,-50.95621048900138,-73.29842204380301
2017-05-18,1604,2016-05-19,2017-05-18,252,164,-1591.667437449941,-1566.952835830217,-2869.13305751896,-3400.637403616231,-3540.415309554619,0.9993964996982498,-974.5585889055254,-906.4402808757354,-2151.011218034979,-49.4099469706458,-42.41657246568803,-88.57171779450218,-104.77846100624161,-111.07913090955469,1.0,-47.81580146165671,-47.28929513903725,-60.41299741358619
2017-05-19,1605,2016-05-20,2017-05-19,252,164,-1596.9131438746892,-1565.923054289463,-2865.4690438862153,-3402.15910627285,-3542.328385248699,0.9993964996982498,-985.8751489271061,-933.0580956130236,-2162.7427474729893,-32.315470513408364,-20.161416335034833,-78.34911838878324,-96.54668533505078,-106.01714586054044,0.9841269841269841,-13.65989926086004,-6.928054946391531,-35.8512128192697
2017-05-22,1606,2016-05-23,2017-05-22,252,164,-1587.0984311931697,-1549.6237586104962,-2868.4194952346097,-3370.2937305479027,-3536.904396492661,0.9993964996982498,-980.1645904475239,-930.0905091492218,-2150.773504623827,-34.9797718035263,-21.080138943916367,-91.05558132987308,-109.86552709489561,-123.54823002806575,0.9796380090497737,-14.618239519346682,-7.309004491929862,-40.30167583467296
2017-05-23,1607,2016-05-24,2017-05-23,252,164,-1586.4867982416974,-1551.9356046948292,-2877.450839416751,-3382.0151760461695,-3532.5661825515745,0.9993964996982498,-981.5343441228977,-923.2472701617537,-2169.2297403740477,-49.35232485524734,-42.00069434335135,-86.06095172267942,-104.41945610131904,-111.4999469530847,1.0,-47.85874520898401,-46.82280082048706,-60.0045298368209
2017-05-24,1608,2016-05-25,2017-05-24,252,164,-1567.8070094953855,-1546.1441112299715,-2812.602397304476,-3351.0369895347703,-3471.880139647204,0.9993964996982498,-967.7612042852662,-895.6549551550027,-2113.4094089651153,-49.48223667233146,-42.48220891129591,-87.79678623099024,-103.18564545016227,-112.35825156227573,1.0,-47.97370396750209,-47.52403664793023,-59.448140515296764
2017-05-25,1609,2016-05-26,2017-05-25,252,164,-1567.6057377159266,-1540.4419815269375,-2807.9649529859885,-3326.5899562876025,-3462.3770680119515,0.9993964996982498,-958.2975977021595,-921.3563298909547,-2111.7049421742386,-49.48523916757929,-42.4827459126123,-87.77671783017905,-105.1336133184974,-112.58641635086227,1.0,-47.95308550419527,-47.20992240120789,-59.14699974937231
2017-05-26,1610,2016-05-27,2017-05-26,252,164,-1573.6177283186425,-1547.0788215141358,-2818.976482738875,-3331.5292274648045,-3473.899409853983,0.9993964996982498,-957.2718919870911,-924.6695397624208,-2107.1469243951237,-58.12754335722959,-47.590375921200035,-114.30148827965861,-133.8668417032396,-145.451979075429,1.0,-52.86206754782396,-51.3489415899396,-73.33740875725212
2017-05-30,1611,2016-05-31,2017-05-30,252,164,-1559.8207181662026,-1526.040434856924,-2791.1449617138487,-3322.8794106601104,-3461.7860319368074,0.9993964996982498,-954.4132403222908,-933.152077508714,-2068.2562902025124,-27.724035824314395,-18.03284044903484,-63.994096024509794,-87.33978046267734,-89.24317834321106,0.9685230024213075,-11.64818026238294,-4.788808569855137,-35.231941817375876
2017-05-31,1612,2016-06-01,2017-05-31,252,164,-1558.5320850787791,-1525.8497152546026,-2789.6865891050898,-3317.1495206002946,-3455.205041773097,0.9993964996982498,-956.765556316427,-959.6196934035627,-2096.887965098443,-49.45135159671365,-42.58406705610399,-88.60115248658853,-103.05515544800079,-112.46031712206435,1.0,-47.844026233628185,-47.17186031042213,-59.048629379138035
2017-06-01,1613,2016-06-02,2017-06-01,252,164,-1557.5659140270423,-1514.1628882959135,-2828.9956710526544,-3324.833708058845,-3473.868421532077,0.9993964996982498,-961.2891360864537,-920.7769094101554,-2060.8418407843037,-28.91218316532827,-19.415992114994157,-68.85342156557422,-87.42438329108623,-91.865978748191,0.9809523809523809,-12.127288446806332,-6.187981649744117,-33.873445708354986
2017-06-02,1614,2016-06-03,2017-06-02,252,164,-1570.5649280060081,-1542.638955584171,-2838.078554370182,-3360.479624812513,-3465.354131464034,0.9987929993964997,-962.4859870722737,-938.8678940218576,-2083.7282479728324,-49.67002700895521,-43.0993815339619,-87.51196427011948,-105.91298047281066,-111.94428976363986,1.0,-48.063797352960194,-47.68092395472539,-59.813019120448736
2017-06-05,1615,2016-06-06,2017-06-05,252,164,-1549.8279224864093,-1512.7197378095325,-2808.3665987399336,-3301.590080408595,-3431.9274176823246,0.9987929993964997,-952.8698800940027,-915.0254298562943,-2050.9005986503626,-60.025380509832964,-50.30956486484261,-117.19877783533892,-144.73319131141704,-151.8242817202417,1.0,-54.42327557358903,-52.96289430286336,-77.59160387544539
2017-06-06,1616,2016-06-07,2017-06-06,252,164,-1554.7459123697756,-1521.6530835167562,-2819.4630880230757,-3301.0087008459054,-3438.0008632418467,0.9987929993964997,-955.4707447260188,-957.2708091840714,-2063.3215617305577,-225.16188790730195,-207.1946908133914,-373.2297727747385,-436.12908440341926,-460.32788538101613,1.0,-200.2884710394704,-182.23342820936563,-287.1805269387261
2017-06-07,1617,2016-06-08,2017-06-07,252,164,-1558.1270687700196,-1517.6056695573611,-2838.745875253482,-3339.4722315145277,-3483.02432914739,0.9987929993964997,-953.1831075026645,-952.1017197533624,-2047.4283627539278,-228.22563234480452,-206.2223344299149,-385.6305332158256,-456.1837379724314,-481.0451138556759,1.0,-202.23384451190924,-189.6487402600702,-291.7675523730683
2017-06-08,1618,2016-06-09,2017-06-08,252,164,-1545.8018870696583,-1523.2547249541217,-2814.303452185397,-3321.5736993655637,-3440.2388420125267,0.9987915407854985,-945.824470192977,-870.5238033485424,-2039.2704714182323,-224.86323683013038,-207.40798742875194,-376.00215115635626,-441.5864529714435,-458.65261352382066,1.0,-199.56028196350314,-185.53949412050002,-294.00790334254646
2017-06-09,1619,2016-06-10,2017-06-09,252,164,-1514.7100300215468,-1498.0873738010257,-2766.5202600433936,-3226.451413908613,-3370.602988208614,0.9987908101571947,-934.2321989978306,-871.4361162325089,-2011.84227250693,-50.03260293490686,-43.28663383897948,-89.07073779959498,-104.71925701774171,-112.37870631807726,1.0,-48.437873129396415,-48.19888118944662,-60.59699246250311
2017-06-12,1620,2016-06-13,2017-06-12,252,164,-1496.6005100604027,-1476.4898929150017,-2743.0700275754707,-3223.098885132845,-3360.495660581424,0.998186215235792,-913.8308617811573,-786.0914382085715,-1995.7672650971826,-50.04916109826594,-43.1302689716262,-88.83373638759146,-103.31141490283207,-112.56875751479477,1.0,-48.40105833474296,-48.16591682067604,-60.4220849235028
2017-06-13,1621,2016-06-14,2017-06-13,252,164,-1490.6209253299137,-1475.307461883528,-2730.633419858038,-3204.2755116495928,-3324.331249756531,0.9987908101571947,-921.4658906379567,-828.2752816597532,-1999.8393994524008,-49.610616531408965,-43.14611981471759,-88.01885162130421,-101.85604261077872,-110.58434155094477,1.0,-48.08834644608534,-48.35218824827663,-59.72468206812216
2017-06-14,1622,2016-06-15,2017-06-14,252,164,-1501.6574534997249,-1478.3973507952605,-2737.587610946247,-3266.204602424462,-3348.3393867300692,0.9981851179673321,-924.228037298063,-822.1038411287484,-1990.450961251885,-218.0336735044222,-204.06575704328583,-350.54676838732706,-423.33345989288375,-439.40322084463253,1.0,-194.68900404495753,-178.07106607966898,-292.52106106350004
2017-06-15,1623,2016-06-16,2017-06-15,252,164,-1495.070239402528,-1473.8139169009778,-2729.5445602929703,-3261.8270958868434,-3346.5906231399945,0.9987900786448881,-917.4139948167452,-814.6552926709414,-1987.9828977506972,-49.48208383063805,-43.03068442481068,-87.81987594694417,-101.90894001798979,-110.49504291630888,1.0,-48.016331863789134,-47.90501410451991,-59.47819358164026
2017-06-16,1624,2016-06-17,2017-06-16,252,164,-1509.081255321565,-1494.059825604797,-2734.804830279587,-3277.0937171079318,-3360.732396178007,0.998186215235792,-920.9711448470636,-825.0206523716527,-1939.6527835626707,-49.65751791830096,-43.08519693884778,-87.93758623692013,-102.84524412418874,-110.62726618637937,1.0,-48.114809146956155,-47.82888907707094,-59.77882802728472
2017-06-19,1625,2016-06-20,2017-06-19,252,164,-1519.0932864570789,-1503.9258179042713,-2759.046372486916,-3286.3101474552454,-3379.0686626468487,0.9987915407854985,-921.7860557616617,-822.8973207744389,-1959.0456911967126,-64.85247610845408,-52.97059945385426,-124.54047836178489,-159.72942323304292,-169.09718164591402,0.9993853718500307,-58.870374060930395,-57.26596392298303,-83.44052983264059
2017-06-20,1626,2016-06-21,2017-06-20,252,164,-1508.9077951122958,-1501.9648374087612,-2762.489391005895,-3283.2579880463777,-3375.7293093458,0.9981873111782478,-902.9397050126731,-800.176134262519,-1947.1519979067043,-49.73597456611116,-43.08113756753018,-89.1007105021218,-104.40533566742232,-111.79137804104823,1.0,-48.198180574493776,-48.01165302968701,-59.79443432434621
2017-06-21,1627,2016-06-22,2017-06-21,252,164,-1517.280355073968,-1505.1392529678058,-2785.8896534899995,-3285.137438977547,-3381.821745620755,0.9981873111782478,-904.607025483215,-786.7424034233104,-1950.647801099563,-66.69622214485516,-55.29573733379725,-132.04972848975294,-160.5187178729471,-174.2883331408662,1.0,-60.569849722201965,-58.60015140327887,-85.81537914903416
2017-06-22,1628,2016-06-23,2017-06-22,252,164,-1517.9266797591345,-1513.900857552143,-2769.8422384686583,-3285.8895406131214,-3363.2061079058813,0.9981873111782478,-907.0304665203471,-770.7212906176763,-1960.5874827852217,-77.66849508211236,-57.66539083980258,-152.3466132477817,-203.94783655247434,-259.22574209359146,0.9975505205143906,-69.16484472762065,-63.067554063456456,-96.2174172371105
2017-06-23,1629,2016-06-24,2017-06-23,252,164,-1491.4285793435206,-1469.0810888032795,-2739.472263356464,-3203.330962137427,-3293.244840904818,0.997583081570997,-887.8445411914038,-779.4758300134672,-1932.8772689022485,-255.72364598135167,-219.09536248873943,-453.69922203017717,-594.058745249068,-639.6324997133007,1.0,-216.82436686444856,-188.06988161364094,-337.5349709642272
2017-06-26,1630,2016-06-27,2017-06-26,252,164,-1150.5163343175311,-1124.346866355851,-2215.5855738694318,-2561.4626750217467,-2657.791571206678,0.9987864077669902,-729.9111168778252,-592.6713782104118,-1645.011309863663,-50.20107156785506,-42.86611066846184,-90.31313381841707,-106.27873652181145,-114.9503231784714,1.0,-48.62142345021163,-48.31847953258156,-60.33943387278666
2017-06-27,1631,2016-06-28,2017-06-27,252,164,-982.7189294415144,-902.0072342151738,-1970.146458567126,-2288.6190344359666,-2316.9811152259495,0.9987849331713244,-653.4942340817877,-506.19993887328724,-1448.8053408076612,-63.476146692363024,-51.97657834491288,-121.97985464202002,-158.31156471318718,-168.26395070214087,0.9993519118600129,-57.84077425645546,-55.200061033453906,-83.1771187839425
2017-06-28,1632,2016-06-29,2017-06-28,252,164,-973.2048964294073,-893.8434105349452,-1940.784951137748,-2218.5382655768753,-2304.663847840873,0.9987849331713244,-648.5642336358834,-495.4019348314141,-1445.4103148066247,-49.80126109465974,-43.6861022643978,-87.52086633953542,-105.58521454097549,-112.75303621080171,1.0,-48.44919159777957,-47.89355039275905,-60.32217304177186
2017-06-29,1633,2016-06-30,2017-06-29,252,164,-936.9452925105126,-850.9422656975502,-1854.1390201347203,-2107.7813270143465,-2184.8733952012253,0.9987834549878345,-635.7467381748121,-494.6134556259965,-1372.5321426632759,-50.21380733021098,-44.08246341293605,-87.42592900639869,-106.23181483350831,-113.66943032299427,1.0,-48.66675063567415,-47.3093973848996,-61.55664116833023
2017-06-30,1634,2016-07-01,2017-06-30,252,164,-918.3825332170453,-833.7861955892412,-1805.104194159561,-2056.08155414802,-2130.308532213855,0.9993917274939172,-620.0448680295474,-486.34213025811005,-1377.4452508034335,-59.22882425411925,-48.31193021898728,-118.92663003188346,-152.31184533521335,-159.99815126237954,1.0,-53.51680991615926,-50.3734152240968,-77.59859967187244
2017-07-03,1635,2016-07-05,2017-07-03,252,164,-922.3502613598429,-836.9272626271223,-1834.4094266177033,-2060.741136569602,-2147.1886179997373,0.9993913572732805,-623.098886139013,-486.34448588111655,-1372.953098054778,-50.342786844611766,-44.106548404615694,-88.28526945667639,-104.27672737889814,-113.29596862838018,1.0,-48.789542132416976,-47.969597256801066,-61.10344978669244
2017-07-05,1636,2016-07-06,2017-07-05,252,164,-869.0380993857659,-761.9629230534099,-1741.9654350409453,-1973.4894832544608,-2033.6328171215628,0.9993913572732805,-593.480290174417,-485.17636375975667,-1304.943192749464,-50.70058217721421,-44.090768523286755,-88.74962668025682,-107.30690129302258,-115.61432449225597,1.0,-49.09677312770343,-47.768535087832205,-60.65186656234319
2017-07-06,1637,2016-07-07,2017-07-06,252,164,-869.0935495144743,-761.4280203085448,-1724.3311726347818,-1985.6104627579882,-2029.2777138849283,0.9993917274939172,-594.0024277358766,-486.43254894089876,-1303.9027040021647,-50.80251928863607,-44.19381669513692,-89.05592802039988,-108.63945131008201,-115.34764888040326,1.0,-49.166305229434094,-48.111140790978716,-61.151359486130694
2017-07-07,1638,2016-07-08,2017-07-07,252,164,-874.3167573092528,-765.3527363938568,-1746.001879055425,-2002.6342277342449,-2045.4290134766782,0.9993917274939172,-600.4535828573137,-483.6951123708694,-1304.763697325528,-60.1168223721359,-48.7268088420757,-119.15956861643915,-149.00236274873802,-162.70017565953654,0.9993386243386243,-54.35275705529889,-51.64907494244598,-77.42816404542286
2017-07-10,1639,2016-07-11,2017-07-10,252,164,-832.1250372398839,-711.5074257764682,-1670.6624414377102,-1895.8747573801625,-1957.4520088695992,0.9993920972644377,-574.827029140291,-482.8541717918733,-1266.3739291647764,-50.731895324797904,-43.976306278199516,-88.28008726897741,-108.52227684328801,-115.20782206453315,1.0,-49.04808396299059,-47.68225975257616,-61.286330861805965
2017-07-11,1640,2016-07-12,2017-07-11,252,164,-830.762149386565,-708.8069002498198,-1656.635449769149,-1892.9438342932178,-1952.4237561485493,0.9993920972644377,-574.0266658861797,-479.29196963814076,-1262.287422333583,-50.97808222618542,-43.61757804361561,-89.01272258873158,-109.14453647731162,-116.95120231598425,1.0,-49.22025184815358,-48.161597887469156,-61.77030258891117
2017-07-12,1641,2016-07-13,2017-07-12,252,164,-814.6383967787992,-697.3792197742712,-1612.0515785325363,-1842.3533055871221,-1903.678219051076,0.9993920972644377,-565.0273808680889,-468.6972155256485,-1242.0542710036955,-50.51627419949403,-43.65097904083147,-88.55740157951408,-106.46732091717307,-114.43938700417684,1.0,-48.925865660691905,-48.187350002002304,-62.22043964449783
2017-07-13,1642,2016-07-14,2017-07-13,252,164,-815.3993897957373,-689.3500631584603,-1621.4157263658844,-1843.1902682607085,-1913.4016899013702,0.9993917274939172,-563.1498345028843,-474.1173938179031,-1243.0867537366364,-305.6693659280831,-278.73331976466454,-554.8947074969147,-635.9659438708837,-673.2800725305053,1.0,-249.8773116661282,-222.75169065842488,-406.51021247339884
2017-07-14,1643,2016-07-15,2017-07-14,252,164,-807.4504739910753,-684.4789270200437,-1611.2812441773272,-1823.8438152714737,-1889.444689025579,0.9993917274939172,-559.1914168931182,-472.75707869507295,-1223.010803973342,-51.05225870566662,-43.52831541447215,-89.49299111576097,-108.73684141164367,-116.57646532237165,1.0,-49.31568363768051,-48.67710734386041,-63.377410943801216
2017-07-17,1644,2016-07-18,2017-07-17,252,164,-806.7173665974498,-681.23241560796,-1607.5792821640307,-1832.597988038846,-1883.6642612519188,0.9993917274939172,-559.1738578148091,-466.1773091702633,-1221.3937309071669,-51.06167116090628,-44.04432865956832,-89.6357298282229,-109.33961499087195,-116.50409251562883,1.0,-49.350775201156935,-48.62613704753619,-63.334485977336755
2017-07-18,1645,2016-07-19,2017-07-18,252,164,-809.8926628239185,-682.5477156135883,-1615.2465907210028,-1832.9921671893003,-1895.2795643788522,0.9993917274939172,-560.8536254224117,-469.39993494041954,-1225.6674193089832,-62.534281109148274,-50.24592315759312,-123.50675652770154,-164.95461318923557,-179.61241171776237,0.9993342210386151,-56.789850429066,-54.18503832167593,-81.89096113556772
2017-07-19,1646,2016-07-20,2017-07-19,252,164,-814.4553706538104,-697.3379831500974,-1613.9683780399455,-1832.7124021189939,-1899.1484239080532,0.9993917274939172,-563.8065263049607,-472.11670847185144,-1234.4133274685175,-58.63911329259927,-49.66921524901461,-115.7085273872603,-145.3511611612869,-154.74543123225797,1.0,-53.440484761665516,-51.6324113039048,-76.85987936849318
2017-07-20,1647,2016-07-21,2017-07-20,252,164,-806.9791913165114,-683.8009041327291,-1610.0612135861559,-1805.5612847867387,-1886.260433224825,0.9993917274939172,-558.7892175112454,-471.53894745560603,-1229.1235320982134,-51.0472759456129,-43.96250028920248,-90.44126814055033,-110.82099797189235,-117.52187428315905,1.0,-49.3766083288874,-48.786003201449475,-62.388735386594526
2017-07-21,1648,2016-07-22,2017-07-21,252,164,-801.1000463053042,-683.6036409871435,-1600.822638148436,-1804.0263222288609,-1874.0705767238064,0.9993917274939172,-558.3645987256596,-465.4009292271028,-1213.018958049388,-51.29356853276123,-43.78466789100955,-91.121826005406,-110.67336652234867,-118.90238032321142,1.0,-49.48616046250291,-48.38725138672852,-64.06592318591018
2017-07-24,1649,2016-07-25,2017-07-24,252,164,-801.1953985212131,-683.1844675635989,-1601.511194822503,-1799.1082082680673,-1872.012343409477,1.0,-557.307769471749,-463.9349148999639,-1212.0296539785252,-64.17128715525517,-49.98567224908107,-129.45124167631778,-164.34963975920687,-193.40406229358683,0.9993351063829787,-57.6649391143803,-54.08668471251104,-77.02627282787338
2017-07-25,1650,2016-07-26,2017-07-25,252,164,-805.0425947487456,-694.4495015938467,-1612.0894022987136,-1818.1109744677115,-1890.0487830392494,0.9993920972644377,-561.6067111831267,-465.75348996557966,-1204.9220101384287,-50.63804450419339,-44.38603972787219,-88.36147141095864,-106.25672957398601,-116.01809617473167,1.0,-49.10511212213986,-47.70745583485049,-63.494786676873524
2017-07-26,1651,2016-07-27,2017-07-26,252,164,-806.9931171749303,-698.7589302911848,-1561.6894807301157,-1816.139115960073,-1874.8235626704454,0.9993920972644377,-562.9970041703597,-480.278706967092,-1207.6226566693133,-50.611826663556236,-44.63890053013722,-87.66942530516114,-108.88442312241958,-116.14691805275316,1.0,-49.12478900949116,-48.29331280330254,-62.149136361528086
2017-07-27,1652,2016-07-28,2017-07-27,252,164,-806.7526829476036,-690.162195927453,-1581.1964583219815,-1796.1889557484535,-1880.5295444987528,0.9993913572732805,-555.4133685419931,-469.82139461859947,-1209.6343867700348,-50.85068098360186,-44.63283067937729,-88.49138860748751,-107.56325889349928,-115.4021062362909,1.0,-49.26079763995332,-47.86795805459311,-62.17346021015147
2017-07-28,1653,2016-07-29,2017-07-28,252,164,-793.5844880604881,-672.4117597884265,-1573.2981649490046,-1780.676435290775,-1845.109898031935,0.9987827145465612,-547.0251090139798,-465.36979351128815,-1176.969164645357,-51.48828779135771,-45.12495322405306,-89.76707561920558,-107.06863172538041,-116.57903868345136,1.0,-49.783892622703924,-48.275769449558865,-62.4528177747519
2017-07-31,1654,2016-08-01,2017-07-31,252,164,-801.4139006977939,-683.3844975537554,-1577.3817146547087,-1796.7885474018933,-1854.0010867283186,0.9987827145465612,-554.1523823823953,-461.73136725094764,-1218.8871421051033,-58.53395639445212,-50.0318370688937,-113.93533962204194,-141.52422281203184,-154.8682195927095,0.9993256911665542,-53.50363822783501,-49.817648923167084,-77.31994889557346
2017-08-01,1655,2016-08-02,2017-08-01,252,164,-799.9902504854368,-681.2875398569007,-1573.3544484788576,-1785.621922889661,-1852.5897389204968,0.9987827145465612,-555.6826612938718,-462.7876799414257,-1197.5313135937715,-50.95413648905615,-44.42597852048959,-90.68589323565845,-105.45435961909011,-114.62661952467153,1.0,-49.309457708628216,-48.13978669157374,-61.796750982745344
2017-08-02,1656,2016-08-03,2017-08-02,252,164,-805.4692105863469,-681.3486334514988,-1594.7003931966287,-1809.214377527715,-1888.5939578824552,0.9993917274939172,-556.393834685518,-456.8649687606852,-1204.6143997418483,-51.00638295354228,-44.72328686734076,-89.24200780721172,-106.18608882079683,-115.18529212219151,1.0,-49.33267999926078,-48.12714319555229,-62.422507826781704
2017-08-03,1657,2016-08-04,2017-08-03,252,164,-794.3069208806833,-667.6213145770344,-1561.4740490644124,-1786.1953914693274,-1855.1746382846645,0.9993917274939172,-549.3299471299415,-452.6156429150505,-1165.8975509313823,-61.95874477059289,-50.68871339520884,-123.13214503106298,-151.16999133902388,-170.24631856918535,0.998639455782313,-56.67783831794212,-53.74366432670226,-77.61171289690711
2017-08-04,1658,2016-08-05,2017-08-04,252,164,-795.8660184274449,-665.8466633509688,-1561.9434875923407,-1796.873136371677,-1865.9725354203524,0.9987827145465612,-549.5580078234166,-457.34457936767467,-1179.1848246365064,-51.526917592912156,-45.149993340691495,-89.98441137448174,-105.89197095700204,-116.93786656902446,1.0,-49.817825612859544,-49.05418803106838,-62.49721616938014
2017-08-07,1659,2016-08-08,2017-08-07,252,164,-779.252465966221,-646.5960128581831,-1524.1201656241678,-1779.2352653804867,-1834.730415850577,0.9993913572732805,-542.1611811875233,-459.64842673590476,-1177.3279766376495,-51.66948827320808,-45.00937502961774,-92.14332994711346,-106.92544711674071,-118.32066541574535,1.0,-49.86085211521977,-48.95745108539626,-63.54937086962995
2017-08-08,1660,2016-08-09,2017-08-08,252,164,-779.6721112412613,-649.3662353434684,-1527.9800085241227,-1785.7948344853914,-1844.1243024875855,0.9987827145465612,-542.5793116979902,-458.92045187887203,-1165.5682702179345,-51.56657008809459,-44.72742954924466,-90.1754174541968,-108.30178341944585,-118.59619332301111,1.0,-49.719363049240854,-48.02323717693909,-63.1854503599109
2017-08-09,1661,2016-08-10,2017-08-09,252,164,-788.915724030025,-658.3563403607944,-1557.8653062694434,-1801.567978894414,-1862.3823116789936,0.9987827145465612,-546.7056812565811,-457.6325229100986,-1184.5022623077991,-51.635806311715356,-44.66707965617939,-90.82310078024601,-107.5050040894993,-118.41848246429262,1.0,-49.789110405392776,-48.258214300592826,-63.49242160397724
2017-08-10,1662,2016-08-11,2017-08-10,252,164,-819.2431082354367,-675.5643638957539,-1630.3864927246714,-1871.1077269127945,-1951.1174086293001,0.9987834549878345,-563.1445916148992,-454.1831483475529,-1210.5218350591874,-51.37156910935431,-44.828276305898754,-90.296620424855,-105.60838729989406,-116.5958167943956,1.0,-49.585263165039486,-48.07125106601676,-63.22719890421874
2017-08-11,1663,2016-08-12,2017-08-11,252,164,-804.7841776107052,-666.7072614328385,-1592.755531372535,-1823.1420048972525,-1905.7059544639676,0.9993917274939172,-555.3489550224675,-448.825276325543,-1198.6723285176636,-51.231984888372395,-44.36383225148079,-90.89638571979268,-104.99631385266979,-115.94626839002221,1.0,-49.5068929537052,-48.30218755006355,-63.61691737329268
2017-08-14,1664,2016-08-15,2017-08-14,252,164,-814.0166511188927,-682.85947164597,-1614.7372597141891,-1834.0821070552183,-1915.2395777039853,0.9993917274939172,-559.1524974089004,-453.98839517378656,-1209.5941837199855,-61.26760928995342,-49.348852181240936,-122.9777656150043,-155.11289904629544,-166.6962830019992,0.9973118279569892,-56.16270389228948,-54.31488552600045,-78.09766830688773
2017-08-15,1665,2016-08-16,2017-08-15,252,164,-798.4271799755045,-665.162420534814,-1565.019292230447,-1808.5146849289158,-1884.5433903572982,0.9993917274939172,-548.5074390524229,-443.3460273728708,-1202.7427098039063,-63.11897945523527,-49.58345186234044,-124.14700346482938,-165.3213961462789,-186.14483180356768,0.9973082099596231,-58.130466018313044,-52.60512463668735,-86.68946764906117
2017-08-16,1666,2016-08-17,2017-08-16,252,164,-792.0530411269596,-664.1619647644618,-1540.4472842773043,-1793.981275088498,-1861.885784780438,0.9993917274939172,-545.1011107703341,-436.57439961354896,-1197.9873957625791,-51.05825230273623,-44.79297115311779,-88.83526616529514,-106.95572863457215,-115.88632176914014,1.0,-49.421778991856684,-48.328292469191794,-61.46631036230935
2017-08-17,1667,2016-08-18,2017-08-17,252,165,-835.6430982002335,-710.2023676497059,-1631.160569426869,-1881.3497943859284,-1960.094912062601,0.9987915407854985,-571.2169664902127,-450.93182034241784,-1235.453441082969,-12.597767830040048,-9.515911975521398,-28.296855477597607,-36.60768515460328,-38.03333715328477,0.9227467811158798,-4.22909537265742,0.0,-16.54000073459006
2017-08-18,1668,2016-08-19,2017-08-18,252,165,-832.040448913432,-716.9322756661228,-1633.5645922800563,-1871.8495114107604,-1941.176612250232,0.998792270531401,-567.7162472165176,-447.71792970543214,-1247.5743817239502,-51.162616380614246,-44.447089683578696,-88.46412862866349,-107.62388388297535,-116.48056359882972,1.0,-49.467414264258416,-48.41291704174427,-61.39270989487486
2017-08-21,1669,2016-08-22,2017-08-21,252,165,-834.1078810542614,-715.2429950149451,-1644.7577279446461,-1880.786725771169,-1966.1954707095542,0.9993961352657005,-569.7328870695741,-452.55156578060655,-1245.0060447595147,-51.310762391033435,-44.755596144279366,-88.34148743984458,-106.72182076647874,-116.85990717980695,1.0,-49.60260103285267,-48.40055358987091,-62.69922736434745
2017-08-22,1670,2016-08-23,2017-08-22,252,165,-835.490865902398,-725.8356479963485,-1656.0809985379462,-1876.5654524379524,-1953.1789322882078,0.9993961352657005,-570.3795702898811,-443.4212411221221,-1254.5537141010846,-51.242166381664475,-44.46663633420789,-87.35995280901642,-104.6518909820766,-115.53140415136656,1.0,-49.53666013960559,-48.67845117061396,-62.71880564353521
2017-08-23,1671,2016-08-24,2017-08-23,252,165,-834.8757197064224,-720.6257003849366,-1647.6732549842848,-1868.8520248597729,-1944.842591969587,0.9987915407854985,-572.037211017646,-445.58053032852894,-1251.2136950956797,-51.34556219072236,-44.977891374645225,-88.5906240319314,-106.00783531772828,-116.59830042153635,1.0,-49.57143163945611,-48.72984890553782,-62.43816856216128
2017-08-24,1672,2016-08-25,2017-08-24,252,165,-838.4967971688855,-726.1687811887077,-1649.352816529704,-1872.1812780881103,-1957.2033495169087,0.9987915407854985,-572.2471641793353,-447.36070082807646,-1246.5610889253207,-51.479015702820256,-44.74613083361346,-90.1494946964333,-108.04458465574488,-117.36433979126085,1.0,-49.70537602024056,-48.8228748671036,-63.97068823021225
2017-08-25,1673,2016-08-26,2017-08-25,252,165,-841.6605311708273,-731.905161919179,-1660.9560629292184,-1881.479791562207,-1961.8688599891113,0.9987908101571947,-573.9647867104748,-446.315748539033,-1250.4009262522009,-51.6509222888825,-44.86134403381348,-90.12699893897025,-107.65147262008387,-117.92352954799792,1.0,-49.8318144015901,-48.96611614879437,-63.48314652706454
2017-08-28,1674,2016-08-29,2017-08-28,252,165,-839.7463340114715,-741.0945120292974,-1639.7181997324603,-1881.9931229287781,-1963.623383545316,0.9987908101571947,-572.8829170759251,-452.5455174142284,-1249.766795369786,-60.22554786372361,-49.95959455736167,-119.48953592121364,-149.78935446753516,-164.26997649135615,0.9986702127659575,-54.76517715727853,-52.28787912550066,-80.96247611041935
2017-08-29,1675,2016-08-30,2017-08-29,252,165,-834.6104477392338,-731.025127177789,-1634.239041782164,-1866.5089776422615,-1951.4205507737067,0.9987908101571947,-570.2265099574207,-454.74057560179864,-1228.260241908276,-51.3498218109858,-44.64765214955629,-91.29054095072026,-108.34237783008014,-118.11540675982151,1.0,-49.57716154710499,-48.53924922377638,-63.70440218878423
2017-08-30,1676,2016-08-31,2017-08-30,252,165,-839.9692704515426,-731.7965156146458,-1639.2745109918458,-1874.233553278664,-1963.3331166208734,0.9987908101571947,-571.9510765233356,-445.5696611459041,-1236.6965144984267,-51.476060552110965,-44.60759501737407,-89.41800582358883,-109.68182127383669,-118.47253524161144,1.0,-49.67248030122735,-48.147600730913275,-63.46744208205568
2017-08-31,1677,2016-09-01,2017-08-31,252,165,-840.2224433419375,-733.4400832575154,-1642.1046612135885,-1881.9296664601345,-1977.6343092765069,0.999395039322444,-576.1408130264736,-442.7781236930091,-1226.471594221486,-51.43602461649263,-44.94055885447478,-89.7354382202272,-108.80700394335537,-117.65889743354099,1.0,-49.62608848806236,-48.485463303451205,-63.65753778157133
2017-09-01,1678,2016-09-02,2017-09-01,252,165,-841.2123297561651,-737.6389563903641,-1634.995936041681,-1866.316649188153,-1973.4441644775327,0.999395039322444,-576.9666600534663,-443.1992834365978,-1241.2231990546247,-51.20172660024129,-44.95831202664054,-87.75759064609399,-108.05830072284735,-117.53222568809821,1.0,-49.508249009525066,-48.15907106319436,-63.268014548570584
2017-09-05,1679,2016-09-06,2017-09-05,252,165,-850.2270721712905,-742.8750661147469,-1675.740475985165,-1928.522944176429,-2013.1408936425332,0.999395039322444,-578.3871580728845,-461.2760009566617,-1250.8332925101145,-13.699505850901202,-9.950473661492316,-32.61281248677311,-38.656599739648875,-41.91403337935197,0.9264069264069265,-4.5228299473902895,0.0,-17.416437861186708
2017-09-06,1680,2016-09-07,2017-09-06,252,165,-852.1235969174529,-735.036891915095,-1683.0156577162486,-1922.6038164240654,-2017.9387619162899,0.999395039322444,-582.521246585884,-465.9934820317564,-1242.9996717935041,-52.14794167270538,-45.41073504493876,-92.21970073064408,-111.10351901442414,-120.77624851686593,1.0,-50.29936526653901,-48.259433402336214,-64.57081220758954
2017-09-07,1681,2016-09-08,2017-09-07,252,165,-845.4015559204079,-718.371604862283,-1672.1593317544362,-1921.3098101983448,-2019.1003658061725,0.9993946731234867,-575.5703955435058,-436.80597375349765,-1232.4736634295336,-243.96516477223014,-212.6206712313227,-428.63986946352753,-516.2335064464314,-547.4467040861435,1.0,-211.93321619761497,-187.2049415041637,-340.12566215916877
2017-09-08,1682,2016-09-09,2017-09-08,252,165,-845.3589711587222,-730.0692504711046,-1687.8327610956258,-1916.8291879509509,-2019.4206060796537,0.9987893462469734,-571.699702620988,-435.5549246641892,-1252.6074829666559,-51.696869520582354,-45.4427138515172,-90.07600493022656,-108.73977872261288,-118.91714661990252,1.0,-49.9591035133877,-48.921532020122555,-63.517696591462744
2017-09-11,1683,2016-09-12,2017-09-11,252,165,-845.1078946840036,-757.1712964225432,-1702.0769309649595,-1995.3738182884333,-2087.306967743033,0.999395039322444,-555.828217303234,-414.08841178983835,-1241.8982691829322,-51.76807082882137,-44.79507922493434,-90.75115674389457,-107.88228946847391,-119.87915115334856,1.0,-50.03645551832077,-48.72817942491965,-64.17553193578989
2017-09-12,1684,2016-09-13,2017-09-12,252,165,-829.8849573739986,-762.550489556858,-1689.3758152360715,-1993.5097433696242,-2069.647471785381,0.999395039322444,-544.3853159892541,-410.6593070045441,-1266.6320275157757,-51.96838942132514,-45.29757783308412,-91.78030229573447,-111.67173017779066,-120.26071129044595,1.0,-50.16565866414449,-48.75565157218895,-63.95394293344593
2017-09-13,1685,2016-09-14,2017-09-13,252,165,-813.0293619717862,-726.438702794431,-1651.778467854065,-1934.3510438199437,-2030.7512139599387,0.9993954050785974,-533.6529228286674,-401.95242982247464,-1243.2811201244674,-51.596815854477434,-45.13449398381542,-90.42466125400311,-108.96575130223356,-118.96846729039876,1.0,-49.863230388462284,-48.56656641994868,-63.738491374565754
2017-09-14,1686,2016-09-15,2017-09-14,252,165,-810.8086511279907,-718.8708575809172,-1653.2933128227107,-1926.5350414766926,-2028.7879696109533,0.9993954050785974,-533.9439334323927,-405.574505887961,-1240.609001794278,-58.013335075348536,-46.23895401213991,-121.80137736052765,-146.82801250366072,-159.93882502119095,1.0,-51.7801308888851,-47.73528754751729,-75.78076689956333
2017-09-15,1687,2016-09-16,2017-09-15,252,165,-807.7750860664589,-718.1667770221122,-1659.4157294900908,-1944.7530641839503,-2033.2128207971627,0.9993954050785974,-528.9372911132222,-408.2069687761773,-1250.1269589626538,-51.16787554060755,-44.872336444016824,-90.00846558535414,-106.68175475781631,-117.2813381851694,1.0,-49.34862142653412,-47.915016648233305,-62.711127667100946
2017-09-18,1688,2016-09-19,2017-09-18,252,165,-819.3100751066313,-739.9601955734511,-1661.3228861317068,-1947.511140444932,-2050.9156546751756,0.9993954050785974,-537.2288807675455,-410.2527084443488,-1265.574648448346,-51.40087847651104,-44.73617783062275,-90.6229398030102,-108.61226861645352,-118.01257018820836,1.0,-49.57166048218429,-48.393637637584305,-63.49074934975531
2017-09-19,1689,2016-09-20,2017-09-19,252,165,-825.5881317569542,-740.9053278937909,-1687.055941463223,-1982.337941545934,-2075.1817746657007,0.9993954050785974,-538.6298585714698,-411.07456239442973,-1254.175736960408,-51.230028798230336,-45.021724603148954,-89.13655536156935,-107.70715881467095,-117.8330437540377,1.0,-49.433934400726926,-47.99652838097436,-62.26766791837148
2017-09-20,1690,2016-09-21,2017-09-20,252,165,-818.017249091314,-728.5738288686857,-1680.6823029438428,-1974.3582278512285,-2071.5947479065335,0.9993954050785974,-541.1443870454326,-418.68096325884613,-1211.841956980442,-51.71521801039592,-44.942457645985286,-91.63588868572126,-107.16829518122928,-118.64582376595561,1.0,-49.85520152483038,-48.753526848053404,-65.17167433628877
2017-09-21,1691,2016-09-22,2017-09-21,252,165,-808.706507339532,-730.5890773291566,-1655.8309342350644,-1946.4746168261336,-2038.7260565361378,0.9993957703927493,-531.7779297865658,-414.1540540725343,-1211.6770574888333,-51.210481640250585,-44.26507835521105,-90.46061239404804,-106.92976825885681,-116.5701553874241,1.0,-49.42476034300336,-47.74915475532729,-62.932160245460096
2017-09-22,1692,2016-09-23,2017-09-22,252,165,-807.6467510992219,-741.1991905343987,-1637.4335601307578,-1941.6563684425405,-2028.7645933427207,0.9993957703927493,-526.4774026886043,-414.7318519327593,-1206.4265855552308,-51.1255899468129,-44.39808585314438,-90.05018869748177,-106.02747329226844,-115.95411294653591,1.0,-49.3682780798735,-48.10253969044667,-63.93544722642717
2017-09-25,1693,2016-09-26,2017-09-25,252,165,-790.2620331755385,-704.2616474482425,-1603.5205358509702,-1898.2861573573164,-1990.8953060990134,0.9993961352657005,-516.7330365068763,-397.0307586711492,-1182.977198462589,-51.3020945548845,-44.67555597458768,-90.14425997625104,-107.8474700966706,-116.77646601775464,1.0,-49.55410907495127,-48.36576041023307,-63.832100650527934
2017-09-26,1694,2016-09-27,2017-09-26,252,165,-789.6350730144421,-707.5908495856728,-1610.0840630391417,-1901.607637095862,-1995.5084431933278,0.9993961352657005,-521.1239047978091,-410.36664896494193,-1184.2310226718776,-51.32524675521721,-44.42970888946153,-89.38962029192655,-107.89606004167847,-117.47002669511862,1.0,-49.529502263920314,-48.686447165435666,-64.59047954551292
2017-09-27,1695,2016-09-28,2017-09-27,252,165,-781.8135249647497,-689.1432359240939,-1596.1014132972393,-1866.4550234095475,-1976.8614217302704,0.9993961352657005,-519.3223439976343,-402.78056233253477,-1180.3690640224768,-51.15010855025654,-44.96594767172239,-88.49002536980421,-108.0881285884298,-116.41020171947052,1.0,-49.4616869210253,-48.19595289039635,-62.970180872674526
2017-09-28,1696,2016-09-29,2017-09-28,252,165,-762.1081810672066,-675.5672152027701,-1548.8374855330694,-1826.195266019865,-1924.980233532746,0.9993957703927493,-501.91725665012916,-386.21289403158113,-1153.6064271460702,-51.22778295081209,-44.53111495463995,-89.64605448060279,-108.24959145662345,-116.93515556951796,1.0,-49.47145760833318,-48.31670903585156,-63.22084387721487
2017-09-29,1697,2016-09-30,2017-09-29,252,165,-775.10764713089,-693.401976476911,-1575.73166268939,-1875.041412579325,-1963.9781479924757,0.9993954050785974,-506.66561022873725,-388.3980369199738,-1161.8175405867742,-51.403527302664656,-44.74287002700917,-89.46187093298212,-108.62668352220746,-116.6090893191453,1.0,-49.580129567594255,-48.970509041214065,-64.2881659538723
2017-10-02,1698,2016-10-03,2017-10-02,252,165,-759.1292655764265,-679.6921079337365,-1549.919594711327,-1846.0867496312435,-1928.8605628738037,0.9993961352657005,-498.0412056934649,-383.3113547447937,-1132.6743887367422,-51.409992723353994,-45.21322738481701,-88.42970201048132,-108.87237744815889,-117.48042042284517,1.0,-49.59624379303841,-48.53429702105895,-63.71801955607023
2017-10-03,1699,2016-10-04,2017-10-03,252,165,-775.562621944846,-700.5126606134265,-1605.171523591138,-1872.916650847488,-1983.3736326834435,0.9993957703927493,-505.7339680965977,-390.6398788891281,-1154.154408032826,-51.0325121341328,-44.841061686158525,-87.69058293979207,-107.29546650709432,-116.77608967715152,1.0,-49.312429471932965,-48.567539682060804,-63.501321917023105
2017-10-04,1700,2016-10-05,2017-10-04,252,165,-774.023719572675,-706.0750918004821,-1579.2221672759993,-1893.141556818101,-1974.8201379925401,0.9993961352657005,-503.3834660177375,-393.06675461462567,-1151.7972155253844,-51.04682675546653,-44.87610340646003,-88.51442184412234,-106.59647835820724,-116.24125493568768,1.0,-49.33554592132926,-48.56356573077749,-63.55524840858239
2017-10-05,1701,2016-10-06,2017-10-05,252,165,-766.0796698556237,-688.3777403190768,-1575.6955486892132,-1843.9349633022805,-1953.617405473082,0.9993961352657005,-499.42513840891786,-399.5103159423548,-1131.340241628525,-51.32275047368509,-44.91760029081077,-89.91958122880538,-109.51666993839467,-117.33194687749995,1.0,-49.56861372518563,-48.63902637169164,-63.672511882227106
2017-10-06,1702,2016-10-07,2017-10-06,252,165,-766.4588789915355,-687.2985210930631,-1574.748074116235,-1842.6588017656939,-1950.9980111049547,0.9993961352657005,-498.3887803587934,-404.48211302568455,-1132.6213090970803,-51.251465520400274,-45.06011311282744,-88.2337969148502,-109.16583455964746,-116.65037935907893,1.0,-49.46477500894996,-48.63358205953074,-63.92872783922735
2017-10-09,1703,2016-10-10,2017-10-09,252,165,-757.4181206267747,-675.4752968388931,-1541.5229765303486,-1844.23307063679,-1933.335121785304,1.0,-494.4778890968073,-391.0649124468303,-1125.7682303209579,-51.007160344379514,-44.71237192235019,-87.5063406472359,-108.5447262180018,-115.51564727900205,1.0,-49.320559491948536,-48.40536335944388,-63.15635190205419
2017-10-10,1704,2016-10-11,2017-10-10,252,165,-776.2181571122251,-704.2889537606379,-1585.2721940737727,-1866.7805644306845,-1969.8421602005183,0.9993964996982498,-510.74726245924796,-413.0548491746923,-1145.664317136901,-50.99997755562968,-44.7040699738187,-86.93514381806692,-106.37051429112576,-115.66404768508444,1.0,-49.32526492435511,-47.932732742663426,-62.02934033026924
2017-10-11,1705,2016-10-12,2017-10-11,252,165,-767.9418244580855,-702.95891997444,-1588.7752331811355,-1857.4574078807707,-1973.2887019362092,0.9993961352657005,-502.0705852119395,-417.51078533361056,-1149.3671669702524,-50.99374862951097,-44.454356613572784,-88.80548690017284,-105.80566916042342,-115.16684256422701,1.0,-49.237405843995624,-48.145903778200754,-62.91282263280104
2017-10-12,1706,2016-10-13,2017-10-12,252,165,-755.4078765086036,-686.526317567188,-1565.5727414251355,-1803.3855097159935,-1940.9121988637294,0.9993957703927493,-492.76606571750773,-410.0444381046179,-1120.2711366556364,-51.065630946781674,-44.4181691676082,-89.88005482386275,-107.26673885907907,-116.344077682374,1.0,-49.31351170383855,-48.08508348197077,-63.36365668954526
2017-10-13,1707,2016-10-14,2017-10-13,252,165,-746.0222746106888,-671.1982449037441,-1524.6930085822476,-1791.7820947196924,-1912.329542446833,0.9987915407854985,-491.82909392312513,-419.61121621593037,-1100.624484752738,-51.411771220204464,-44.764729693477946,-89.5651794115083,-107.10761019992,-118.06691588141786,1.0,-49.61932055364224,-48.33326978434542,-63.68418895718624
2017-10-16,1708,2016-10-17,2017-10-16,252,165,-746.5006425451709,-671.035883269892,-1532.2883162417727,-1790.052049384276,-1906.658339406707,0.998792270531401,-491.8916003532595,-419.91171163582203,-1099.2305104107081,-58.95609680755378,-46.53054414320647,-120.99172046132374,-153.69868404573774,-168.6330276443202,0.9985714285714286,-52.22698414159465,-52.46324624315141,-78.65251786029529
2017-10-17,1709,2016-10-18,2017-10-17,252,165,-747.4951926423158,-668.3635850394787,-1540.2189383538275,-1792.3457355398011,-1911.3429526029124,0.998792270531401,-492.83150349185206,-405.38676994429863,-1125.967165800659,-51.50055789131543,-45.016881414510074,-89.51149703771024,-110.23691824805735,-118.03832745344762,1.0,-49.66760420900371,-48.323310908577255,-63.808073408953625
2017-10-18,1710,2016-10-19,2017-10-18,252,165,-757.1861717368943,-678.8713544116542,-1543.7690218659768,-1805.2009117931116,-1919.4780913876157,0.9987915407854985,-495.9662496557521,-413.6424452107431,-1128.924485832901,-51.00403723458452,-44.36830911157652,-88.30435320647499,-107.3380846860137,-116.11443141922615,1.0,-49.29974942113131,-47.82630476262939,-62.82462069937759
2017-10-19,1711,2016-10-20,2017-10-19,252,165,-742.1435042411023,-651.9640261268296,-1507.1956232909845,-1780.5712172442247,-1881.633839487234,0.9987908101571947,-488.9994030218679,-400.43787599814056,-1092.2382463095723,-51.487056320504244,-45.07718523466937,-90.08651455634221,-107.55115532112238,-117.65027983068312,1.0,-49.62452663384169,-47.44639111617643,-64.12354090820868
2017-10-20,1712,2016-10-21,2017-10-20,252,165,-757.8927623335654,-670.1434382513067,-1509.5558995690362,-1787.0838118835045,-1888.5204462778588,0.9987900786448881,-496.64884862115866,-402.5408975385407,-1134.7773296193513,-51.346900495726544,-44.69682023016892,-90.04701957872346,-108.2191583781829,-117.30338437420278,1.0,-49.53333761929006,-47.659412380483055,-62.91369513832904
2017-10-23,1713,2016-10-24,2017-10-23,252,165,-753.033009071413,-674.3104016924705,-1494.879638166442,-1750.4964570025866,-1850.9871611459039,0.9987900786448881,-493.47672523979423,-407.61282326975703,-1132.3815608805057,-51.40602628241113,-44.4154585993427,-90.34092274255579,-110.9732036441734,-117.85627139812804,1.0,-49.61081816867921,-47.75180702170899,-63.314163361965335
2017-10-24,1714,2016-10-25,2017-10-24,252,165,-748.9823032814885,-673.9100643286678,-1495.0574912195166,-1768.3419891465614,-1849.2230906622199,0.9987900786448881,-490.6862201897149,-384.6626453225622,-1133.9119723561375,-252.9110223605308,-224.47292302580956,-439.3114849558393,-531.6155622087566,-576.3563208859675,1.0,-217.68064240288143,-193.48348736334924,-349.875170159332
2017-10-25,1715,2016-10-26,2017-10-25,252,165,-759.1301452263531,-681.2710704077067,-1532.2126821156464,-1791.2996069832602,-1916.9937978034452,0.9987900786448881,-495.29307818569254,-397.32293933582764,-1151.9161258603228,-52.19773941236391,-44.840897418212734,-92.5097101005015,-112.63620215069696,-121.79118300491199,1.0,-50.23625673272018,-48.77124496591301,-64.11273069199612
2017-10-26,1716,2016-10-27,2017-10-26,252,165,-776.4192545303001,-708.4762318127202,-1560.8609637664997,-1822.6753235789695,-1954.8156251791781,0.9987900786448881,-502.7921634026369,-391.8188725784418,-1163.2168566022392,-51.66331376933355,-45.08979577690719,-90.40725421354887,-111.08197173696608,-118.69413027922513,1.0,-49.878888958470085,-49.05163095407721,-63.400865216823846
2017-10-27,1717,2016-10-28,2017-10-27,252,165,-787.9112303309315,-719.1625977305135,-1589.0401252653028,-1893.7885468779912,-1997.57552338725,0.9987908101571947,-506.27795187487885,-406.83409287740574,-1173.8947333079996,-52.02948331781658,-45.075773000422956,-91.85480670222731,-111.22244558747354,-120.50109107689028,1.0,-50.15862306776167,-48.67425977270642,-64.44541827549321
2017-10-30,1718,2016-10-31,2017-10-30,252,165,-796.8887991103184,-736.122507224063,-1589.7504464652188,-1885.1323625862756,-2001.804475153835,0.9987908101571947,-507.75734373656326,-405.84693335691725,-1191.8604331001975,-52.03690335557732,-44.904242802681935,-92.6572759419319,-109.8581558545757,-120.31532141108075,1.0,-50.12344543426538,-48.42286741681956,-64.8034912698409
2017-10-31,1719,2016-11-01,2017-10-31,252,165,-803.2933000053087,-742.6810272036338,-1599.5463468590872,-1912.1235885887063,-2012.9448252655054,0.9987908101571947,-509.6304050238191,-404.15250227371763,-1204.4331663878575,-51.73311961816319,-44.68694169013524,-91.56937297745634,-110.72783503849985,-119.91415241753042,1.0,-49.874529671302504,-48.253007985762856,-64.41202312194098
2017-11-01,1720,2016-11-02,2017-11-01,252,165,-822.6963276069016,-760.3480668784707,-1634.9768565916743,-1958.4641724922737,-2060.351625437379,0.9987908101571947,-521.6315382969839,-417.8449151520839,-1219.9649686254052,-51.29557074589129,-43.95421832818735,-92.19704449786069,-109.65680241256497,-118.54903253640066,1.0,-49.43653244147922,-48.060752858885486,-63.71559220980355
2017-11-02,1721,2016-11-03,2017-11-02,252,165,-815.9179432064474,-756.2720367051816,-1635.4221002138502,-1948.938987140806,-2026.3676011513867,0.9993954050785974,-513.3701940254599,-414.45808451272967,-1211.3729407265223,-201.34103151010868,-188.59873238271516,-314.22263807692343,-360.19469091334526,-379.9387728246032,1.0,-185.7544250283432,-180.44559029032476,-253.57463988108432
2017-11-03,1722,2016-11-04,2017-11-03,252,165,-823.3312701965923,-770.2654267450893,-1635.4466001994383,-1955.8633532235747,-2042.986626339735,0.9987915407854985,-514.2323206816892,-407.25301744531254,-1212.1739211654456,-50.88288231758433,-44.465226852969494,-89.18083348911773,-107.74647104280875,-115.72183332116705,1.0,-49.30224242919911,-48.257971915277274,-63.70262733078509
2017-11-06,1723,2016-11-07,2017-11-06,252,165,-826.491988961574,-773.1578330179041,-1652.9273824091952,-1968.0491516636246,-2046.2622566421223,1.0,-517.921678860276,-413.505195865062,-1215.2994092609933,-51.099809978094754,-44.261055116620675,-89.33381420826856,-107.89717256007256,-117.05870413991208,1.0,-49.410099927668966,-48.30563813183201,-64.39006172443796
2017-11-07,1724,2016-11-08,2017-11-07,252,165,-799.1945873775287,-756.3955037594163,-1605.7704620163302,-1888.629757492992,-1977.0493265083667,1.0,-498.8881490371601,-384.81379115696654,-1189.990571552541,-50.71241899582062,-43.99600756392714,-87.4609875130599,-106.80798604581761,-115.29032966474348,1.0,-49.104305627702814,-47.78735959584395,-64.14869418114611
2017-11-08,1725,2016-11-09,2017-11-08,252,165,-803.675501980689,-759.2803151480193,-1608.3828803849826,-1905.5035681492068,-1987.98032525191,1.0,-500.93898752739295,-388.1999819833254,-1199.2866474236837,-50.69449177859373,-43.93147876940295,-88.15543524623457,-108.17937860974988,-115.9111254088257,1.0,-49.03349162858696,-47.66139497349706,-64.11784097214054
2017-11-09,1726,2016-11-10,2017-11-09,252,165,-785.2611655192154,-750.1685438443793,-1546.6031929058367,-1806.980159220126,-1885.1098057821077,1.0,-492.4553165406652,-406.82851937784494,-1160.461786034251,-51.0335068739297,-44.59793409483525,-89.30988527845952,-109.22026863524286,-116.82940705659317,1.0,-49.29898891098036,-48.60674645513142,-62.57467468633921
2017-11-10,1727,2016-11-11,2017-11-10,252,165,-803.4699053847723,-753.2751242370409,-1585.8417925777042,-1826.1652074020044,-1906.1785240572763,1.0,-499.5444325816353,-425.8444255684304,-1163.9276808434113,-50.89606342774583,-43.8382337627646,-89.35834519982095,-109.08786818179965,-117.3310099568805,1.0,-49.12898344349807,-48.351128388854875,-63.25063476403906
2017-11-13,1728,2016-11-14,2017-11-13,252,165,-814.3408269430902,-758.7092979666163,-1595.548445642341,-1861.4765882806041,-1927.0602501728845,1.0,-504.93317599997044,-444.2463058993396,-1172.7738429162716,-50.616094405585564,-43.49390410721986,-90.46521409036573,-110.57455971764062,-118.19375681282767,1.0,-48.94875354927079,-48.35284906455632,-62.56546748185458
2017-11-14,1729,2016-11-15,2017-11-14,252,165,-809.9255636257133,-750.5597882339996,-1566.380098400155,-1840.8626038917923,-1925.5522962984837,1.0,-506.53191206465743,-467.6069514686574,-1138.7621994289107,-49.757887556875986,-42.755862625860914,-88.44966696830116,-106.80552012379522,-114.17517173511146,1.0,-48.19690964104192,-47.86018098920743,-59.572991826010615
2017-11-15,1730,2016-11-16,2017-11-15,252,165,-798.92610207061,-744.820210404434,-1539.8247049715642,-1822.8671234245003,-1901.4683830583144,1.0,-498.3160722154421,-440.10677776991014,-1142.629009066503,-210.18250458723958,-194.51983975271423,-340.9060201574972,-392.5142201117903,-410.0469905034157,1.0,-191.4500134326884,-180.20643094078704,-281.3510241386953
2017-11-16,1731,2016-11-17,2017-11-16,252,165,-790.7020454520898,-724.0005243118259,-1543.5882446877083,-1818.6792996067406,-1890.9003647315583,0.9987929993964997,-494.86415517044264,-457.24543042746717,-1145.1027965588964,-50.33343059464502,-42.96059773846741,-90.16532776360057,-109.23088772448855,-117.3549077797048,1.0,-48.50053101078991,-47.58735844370516,-61.420751610842416
2017-11-17,1732,2016-11-18,2017-11-17,252,165,-791.735229960453,-734.9321450751314,-1535.3359030922336,-1809.5575316868749,-1887.7977744436673,1.0,-495.80292633917276,-455.4021365854706,-1139.514519442671,-62.99695889822074,-47.286415657806785,-128.5614920242579,-169.3973807137116,-198.4234627929032,0.9970193740685543,-54.28014612133002,-49.68636740135322,-82.50232755122038
2017-11-20,1733,2016-11-21,2017-11-20,252,165,-800.4262058800126,-743.9094743755528,-1544.1413440959295,-1819.1818485836534,-1899.6161603871124,1.0,-498.47150463451356,-461.2092818464595,-1145.9248614644969,-51.21181784899939,-44.35985851674499,-92.538281179251,-110.65374517900732,-118.94468564367496,1.0,-49.30151294650599,-48.74741865021689,-61.92326300243849
2017-11-21,1734,2016-11-22,2017-11-21,252,165,-811.1848713775278,-758.8178601465072,-1570.1184029596616,-1858.93510639251,-1916.9545598153736,1.0,-507.1057558833595,-464.9018956760475,-1153.0638303662122,-51.074760591585125,-43.81220355541433,-91.73792214255674,-112.37570175749312,-119.2643545021318,1.0,-49.25265625882897,-48.38843302355324,-63.408419660837296
2017-11-22,1735,2016-11-23,2017-11-22,252,165,-819.4476851842436,-762.8157297876869,-1576.3228300026972,-1868.7276569041153,-1926.1932654654865,1.0,-511.84964918702866,-476.01468484753684,-1157.9186066472182,-50.681319957695564,-43.4645159105884,-90.7357042846719,-110.80032515186342,-117.79746313183881,1.0,-48.94394955994449,-47.90422349598237,-62.66195064837032
2017-11-24,1736,2016-11-25,2017-11-24,252,165,-820.4427910623767,-763.1539036732388,-1574.5307965173624,-1863.990183836078,-1929.1313885388215,1.0,-511.1492359317469,-482.1563086154181,-1155.464699674606,-50.64510245315438,-43.01334809358486,-89.86584935911354,-110.41973298445298,-117.30322676532604,1.0,-48.92696918973912,-48.65524463212447,-62.625823569098586
2017-11-27,1737,2016-11-28,2017-11-27,252,165,-822.7603845454372,-765.2283425208602,-1585.1927812747685,-1875.0877243515479,-1937.4191190116967,1.0,-510.25727163570804,-469.23166039965565,-1157.4796919340904,-50.67104250810132,-43.86949473139882,-90.36590499982908,-109.90091178339483,-117.63240758143392,1.0,-48.89182504217582,-47.84076452750618,-64.34713129887135
2017-11-28,1738,2016-11-29,2017-11-28,252,165,-819.4680131709629,-772.8632349797007,-1588.1666461360055,-1872.386790738725,-1920.5418909587743,1.0,-503.60253175805417,-471.8208530650187,-1186.3822202220915,-50.56662168514467,-42.90280643851092,-89.62805829169947,-108.48583738771228,-117.40842052191636,1.0,-48.79936070812675,-47.75740130328138,-63.93297816400188
2017-11-29,1739,2016-11-30,2017-11-29,252,165,-803.90637436244,-750.330938251123,-1537.826567867503,-1830.5825123163247,-1883.548092201043,1.0,-508.26590569645015,-497.98527982497137,-1157.8749074295165,-50.91550526634853,-43.157633228348146,-90.73082631048547,-111.03216021639675,-118.96396479032282,1.0,-49.112350435308436,-48.901177385278075,-62.917710739851294
2017-11-30,1740,2016-12-01,2017-11-30,252,165,-839.4803597846599,-778.1067932689889,-1598.5374696561826,-1899.9605030573769,-1956.1740938767648,1.0,-526.080857815757,-486.5868788108447,-1210.1104473384873,-51.32341972091413,-43.818650251327576,-93.16392320873976,-112.4927253527962,-120.66973679408757,1.0,-49.53796695066453,-48.50853161459032,-63.15671582480257
2017-12-01,1741,2016-12-02,2017-12-01,252,165,-895.5006052230473,-844.632981300027,-1716.5423943946005,-1997.3402854649446,-2081.144354123903,1.0,-539.2351948878045,-478.3874395692351,-1273.8108116077822,-51.69208593359353,-44.464874776508765,-94.45012148532984,-111.46596522631533,-121.3800197915421,1.0,-49.83034461961818,-48.303688127875105,-64.20533938845135
2017-12-04,1742,2016-12-05,2017-12-04,252,165,-860.8317647005819,-803.2712756346103,-1651.801876137102,-1903.1159437589465,-1988.5448036705318,1.0,-530.5735091568095,-493.3388647851994,-1227.5921807283132,-54.69567928673417,-42.39913880432933,-114.55978667020082,-142.6883448790157,-160.18613382956426,0.9984603541185527,-46.7449644998403,-43.741618610404274,-77.71286245345215
2017-12-05,1743,2016-12-06,2017-12-05,252,165,-866.5170741964818,-806.5216210289555,-1688.6823703854818,-1914.7156395573268,-1995.3148556208841,1.0,-532.3605165019461,-486.2478869892941,-1226.462714499579,-50.892637314344256,-43.54242745359147,-92.29812641547699,-110.0788071966968,-118.74189390966805,1.0,-49.19570197030778,-48.45607250483312,-63.06321159781574
2017-12-06,1744,2016-12-07,2017-12-06,252,165,-859.6563196195499,-800.5526416245293,-1647.7591224596954,-1908.06485932741,-1985.9829326707475,1.0,-528.7769916731924,-484.0900810424263,-1206.6346657827833,-52.60873321696684,-41.34132345990045,-107.29773536338996,-140.97404818355642,-150.39205612343224,1.0,-44.713731227183224,-43.17121095384543,-73.29200774836958
2017-12-07,1745,2016-12-08,2017-12-07,252,165,-843.18869779905,-770.4433474995808,-1624.0251870467416,-1895.4872126627758,-1975.3237559786298,1.0,-518.4615578471467,-488.5586699368436,-1168.7281814234382,-51.2562162322758,-43.954336695979734,-92.323857176988,-111.5161954610689,-120.6517233768589,1.0,-49.44316006842345,-48.292421817518026,-63.305151868421824
2017-12-08,1746,2016-12-09,2017-12-08,252,165,-858.0292974991493,-779.2582001049911,-1651.3780176945036,-1927.9443183378503,-2030.2175659277837,1.0,-530.0524524013575,-497.6188858552028,-1163.2248964239236,-51.97587384504995,-44.144583856819935,-92.82552470972826,-115.2112074333059,-123.56867321487688,1.0,-49.98124907599758,-48.52441274059473,-65.38535055328859
2017-12-11,1747,2016-12-12,2017-12-11,252,165,-854.5761326759779,-776.6471948405651,-1636.5860633734874,-1910.0417988588276,-2015.0986416462092,1.0,-525.5853118479066,-495.89123373956585,-1158.946779838251,-51.53695344172864,-44.14743523642049,-92.3852859355258,-113.12595595633684,-121.73317958562644,1.0,-49.68309640716983,-48.018255567457686,-65.12147434380208
2017-12-12,1748,2016-12-13,2017-12-12,252,165,-845.1900782841742,-763.2761576764459,-1612.1792024798344,-1903.963151444222,-1983.5325397776564,1.0,-521.7580087029934,-501.8840023876825,-1148.056336881198,-51.419257023012385,-43.518630425905144,-91.29681860110584,-113.16803144120281,-121.40424309985266,1.0,-49.48521286202514,-47.998019334673565,-63.47433834148567
2017-12-13,1749,2016-12-14,2017-12-13,252,165,-853.5047369150733,-767.5483731470706,-1645.2711403889475,-1920.570269506592,-2005.733653185551,1.0,-527.1145912975933,-508.7292406788804,-1160.7663927985432,-51.14845941734786,-43.25598955220394,-92.50072292195352,-112.31930998081668,-121.00833400532645,1.0,-49.30226907235927,-47.87002971114057,-64.79934800654468
2017-12-14,1750,2016-12-15,2017-12-14,252,165,-865.2746005400531,-798.1256655394766,-1661.4196176294422,-1947.2255507918946,-2022.4375784123024,1.0,-535.078706815367,-514.1253263673734,-1176.4766298409818,-50.83362685537987,-43.729570089378754,-90.80613841436835,-111.62163137750325,-118.62551723211969,1.0,-49.1384226503233,-47.993571318769874,-62.38183069905089
2017-12-15,1751,2016-12-16,2017-12-15,252,165,-872.0472127452412,-795.6755829896321,-1665.6123715167703,-1987.0183476791765,-2056.0377558451596,1.0,-535.5835965127906,-523.4064076030568,-1183.541143307437,-51.118252432641,-43.999490990391294,-91.49815913902052,-111.82520675896411,-119.10626789635809,1.0,-49.325750617445806,-48.34456096724419,-64.19367665728072
2017-12-18,1752,2016-12-19,2017-12-18,252,165,-888.1016866534464,-811.91068214286,-1689.434577316758,-2022.011658815852,-2074.952493757653,1.0,-544.6503259916973,-527.836428415952,-1225.694532754534,-50.801383618238624,-43.852943284426196,-91.36382737278323,-111.14008373756128,-117.9662542389461,1.0,-49.086256800973864,-48.20564496578304,-63.487366045936945
2017-12-19,1753,2016-12-20,2017-12-19,252,165,-874.8467454317424,-800.8871131969318,-1667.3441416462042,-1995.8032428768272,-2057.2063841154577,1.0,-538.6805099522593,-518.3076926109965,-1220.9698504524085,-50.87905507947061,-43.50096446168647,-91.32847976391182,-110.4255326011073,-118.98760843888894,1.0,-49.132714326068474,-47.73380911525716,-63.227435964109254
2017-12-20,1754,2016-12-21,2017-12-20,252,165,-861.796098386531,-790.2507418901545,-1649.118181200154,-1955.5199325015008,-2028.5115643689564,1.0,-526.28803745136,-496.8535226499377,-1209.9871529125091,-50.81817046959287,-43.65657335291129,-91.78735663627869,-109.18527646019226,-118.16666969590113,1.0,-49.116285189571954,-48.04019377634632,-62.283797637488966
2017-12-21,1755,2016-12-22,2017-12-21,252,165,-855.3095134803758,-781.4750358286012,-1646.7710739514919,-1953.2145225113345,-2025.0484715530547,1.0,-524.0450268032062,-502.3287539708102,-1195.8670380792084,-50.969105841057996,-43.88755437025269,-92.5765736230282,-111.61110535552747,-118.38399224956316,1.0,-49.29054260571555,-48.5490773748901,-63.15829379891968
2017-12-22,1756,2016-12-23,2017-12-22,252,165,-856.4014836361629,-777.6729288148551,-1646.8967625563357,-1959.49387504867,-2029.820329503063,1.0,-524.0225002521408,-503.50756173765257,-1182.9761661575014,-50.93481638828936,-43.819193134189824,-91.6693180749612,-110.1054356238241,-118.51280032446316,1.0,-49.25730131278248,-48.12720957673856,-62.738872139019605
2017-12-26,1757,2016-12-27,2017-12-26,252,165,-856.7881353017947,-773.2582963821484,-1646.409347004451,-1961.5379925764898,-2029.3151209892892,1.0,-527.0668147626957,-515.3430601848112,-1181.7315459025854,-50.95094408044438,-43.737536898174326,-91.98766629088658,-111.48718345143564,-118.45110864704175,1.0,-49.26231995724245,-48.21355453619232,-62.510257540962144
2017-12-27,1758,2016-12-28,2017-12-27,252,165,-857.1237695849394,-777.571077812019,-1645.2346228906547,-1962.8301491259456,-2031.88724073028,1.0,-526.5172074087959,-524.5353082682236,-1181.231888566663,-50.87319855935017,-43.70871052793489,-92.79397665254565,-111.1073477390095,-118.00099683309223,1.0,-49.209299902977065,-48.049962014991955,-62.2987844932432
2017-12-28,1759,2016-12-29,2017-12-28,252,165,-832.5406735535438,-761.2336899140608,-1601.118607450398,-1921.1380841587422,-1973.4374340538634,1.0,-513.6170026945451,-497.2663343848577,-1146.030589373522,-51.1105349603601,-43.88030915329084,-92.70004726223529,-114.11496070382064,-118.86446041558725,1.0,-49.34816615527417,-48.326232002839085,-62.867249402062164
2017-12-29,1760,2016-12-30,2017-12-29,252,165,-840.9542666318146,-770.2585475591457,-1620.5200449695137,-1928.2299432578752,-1992.5840277378668,1.0,-512.9260434910074,-475.29619931058505,-1152.6410487660478,-50.99139273966076,-43.69390256500023,-91.8626514899175,-112.43099282201439,-118.46364080336382,1.0,-49.278948883808425,-48.92658747272284,-62.93526247230939
2018-01-02,1761,2017-01-03,2018-01-02,252,165,-830.6170155835963,-759.7193817803085,-1598.8445999311537,-1919.979402378108,-1977.930155424114,1.0,-508.32904446305486,-479.8385443876642,-1130.9210547712314,-51.02911232414102,-44.069327491223255,-91.26520106736567,-114.54370138089938,-119.44637030852526,1.0,-49.26865751937767,-48.955613532065456,-63.24406496025791
2018-01-03,1762,2017-01-04,2018-01-03,252,165,-827.0793951499883,-744.6639528148603,-1596.8601373426025,-1891.05936251209,-1951.574906758237,0.9993961352657005,-509.1999214401358,-509.5451113148257,-1128.202248646479,-51.345976909072874,-44.08140179258868,-92.62847004406485,-113.3502992342026,-120.30149552548603,1.0,-49.51252313093491,-48.644658099104014,-63.62132645984581
2018-01-04,1763,2017-01-05,2018-01-04,252,165,-823.4544872015736,-743.9938733659885,-1582.3057458403796,-1890.7421423386884,-1934.2834385817798,0.998792270531401,-503.51800965239704,-502.31979066639144,-1131.980037793601,-51.91162695985065,-44.26477024258368,-94.00853466538156,-114.97848346488938,-122.17516606984339,1.0,-49.88358954890198,-48.93351911527743,-65.17770945396754
2018-01-05,1764,2017-01-06,2018-01-05,252,165,-815.7324500980487,-726.934330424021,-1571.3729255170163,-1886.8151602728542,-1933.9536944848555,0.998792270531401,-502.2811911881455,-511.1798172283251,-1131.0908387453171,-51.52864137040467,-43.98585456618946,-92.87122889217848,-114.3159950259835,-121.64616196460759,1.0,-49.59927889153601,-48.1246964761705,-63.94928690460606
2018-01-08,1765,2017-01-09,2018-01-08,252,165,-814.9386738477896,-730.6123964416207,-1565.4474898492838,-1874.1813115714567,-1921.7948784559323,0.998792270531401,-505.47558652956945,-519.4275198856889,-1117.6187490577013,-51.59660673896798,-44.36080300246189,-95.60529203147381,-114.5775820574213,-122.20975502526562,1.0,-49.64292556367466,-49.19298218469859,-63.748732550426745
2018-01-09,1766,2017-01-10,2018-01-09,252,165,-818.5214564796928,-740.0092036571169,-1557.0587296637227,-1873.7316902223688,-1923.0037838689586,0.998792270531401,-506.2736842734381,-523.7934212814621,-1113.4142307528596,-51.00710171399111,-40.46154362732575,-106.66355044654951,-136.37432718841336,-146.80747356379896,0.9992175273865415,-42.536371133290565,-39.71049247952658,-70.5605754226735
2018-01-10,1767,2017-01-11,2018-01-10,252,165,-812.3510984977944,-726.3218668135743,-1557.0949528160725,-1856.313790774747,-1907.678412019843,0.998792270531401,-504.6431322200462,-521.2756299322607,-1098.9522373790976,-51.54968918756727,-44.26937074405116,-94.7178754534784,-114.1910526164829,-121.71837277444925,1.0,-49.582434895374355,-49.873677405647584,-65.32289383436276
2018-01-11,1768,2017-01-12,2018-01-11,252,165,-808.042158488818,-719.0898096598074,-1546.4764134459494,-1854.8042713286918,-1898.0886579046105,0.9993961352657005,-505.00943686349166,-516.5968108567128,-1108.0288377123325,-50.935231575281605,-43.58130494955216,-91.11292172796064,-113.47236087782358,-119.18768132788665,1.0,-49.09490532076087,-49.1519280197318,-64.06136718222929
2018-01-12,1769,2017-01-13,2018-01-12,252,165,-798.142024847359,-707.4745245577603,-1540.5184660160496,-1830.6239387242117,-1882.47858240565,0.9993964996982498,-497.8867419913768,-477.3575244166551,-1097.3861038962696,-51.58616354171104,-44.43195289556645,-92.82751371531575,-113.69523212739324,-121.02661501947468,1.0,-49.537231292443494,-49.7524259525106,-64.81074757423809
2018-01-16,1770,2017-01-17,2018-01-16,252,165,-810.8743015778373,-723.32133089575,-1574.2273179688905,-1830.5743664252657,-1901.3575733276923,0.9993961352657005,-504.3076128660435,-488.39983562162763,-1120.5924755969108,-51.145360637361925,-43.975997035447875,-92.25444343416432,-111.49684174465887,-119.00901260737282,1.0,-49.18205931704608,-48.514973505342844,-63.59881612881592
2018-01-17,1771,2017-01-18,2018-01-17,252,165,-793.6165600746654,-705.5077683075815,-1524.8254299376983,-1774.9127595020625,-1868.5973322026337,0.9993957703927493,-494.1810257210904,-479.0674825144187,-1075.2759120748556,-50.8024696797543,-43.71293125267918,-90.41862132525874,-109.99750910750465,-117.87239115665867,1.0,-48.88694473959396,-48.59553415485229,-63.96438368923247
2018-01-18,1772,2017-01-19,2018-01-18,252,165,-779.6132425332559,-697.61382450453,-1497.586782882975,-1765.0292888511397,-1842.39128903558,0.9993957703927493,-486.8082923703198,-470.0613738740721,-1061.4158862759118,-50.88154420646234,-44.02918739950638,-91.24173129856712,-110.60339857705871,-118.43370516101272,1.0,-48.99506335150357,-48.992274033050215,-62.54024498330072
2018-01-19,1773,2017-01-20,2018-01-19,252,165,-780.3382070716789,-704.7275560307386,-1489.2755674555463,-1758.454158602711,-1830.7382649597155,0.9993957703927493,-486.5686289765415,-475.1963653212211,-1067.3693802158718,-211.75541041832494,-199.39271489225146,-340.60693005206883,-397.3623301084407,-418.5115862897173,1.0,-192.04106672346657,-177.27228955827675,-279.4242474252872
2018-01-22,1774,2017-01-23,2018-01-22,252,165,-780.3128969115276,-698.8055224817805,-1497.2916588612154,-1761.4100154542923,-1841.762425087578,0.9993957703927493,-485.38173688354914,-477.6157018732462,-1058.0786975364513,-51.327688686685924,-44.37485102831761,-93.63535160860287,-113.217249529356,-120.12545471739497,1.0,-49.41575975261911,-49.30552034854757,-63.14941254829217
2018-01-23,1775,2017-01-24,2018-01-23,252,165,-776.8593542035818,-690.691369404205,-1489.4184294315376,-1765.046824576016,-1836.9630078122784,0.9993957703927493,-484.1364562430999,-471.57629614579224,-1059.2844836203353,-51.37569858397479,-44.23540549363353,-92.7959790983785,-113.42339644715422,-120.69412035449963,1.0,-49.443199485526755,-49.33902689347396,-64.24244500101493
2018-01-24,1776,2017-01-25,2018-01-24,252,165,-747.2572317969116,-665.9542940418638,-1413.8383980967858,-1696.9116209492938,-1761.9854241327726,1.0,-471.5946925703126,-456.37634891344544,-1028.035834173566,-51.358546814332655,-44.005322944014715,-91.79974081331824,-113.21746577427935,-121.0186820133389,1.0,-49.35978527040187,-48.918995193793556,-64.73931446100872
2018-01-25,1777,2017-01-26,2018-01-25,252,165,-733.1640359716904,-665.5522350825366,-1382.8546993233654,-1626.4802478372233,-1706.9302179443941,1.0,-462.2025545211569,-448.4930338183356,-983.5582783218606,-51.217533748033944,-43.795820869594685,-90.99096261296545,-110.21456575189042,-119.30700725768178,1.0,-49.332869677141545,-49.297227925045696,-64.18851986016125
2018-01-26,1778,2017-01-27,2018-01-26,252,165,-751.6480040810708,-686.9864240913971,-1417.483515837146,-1675.6166726638307,-1742.7461301264243,1.0,-471.69892470191365,-453.14432117407546,-1029.647767889736,-51.31236438663353,-44.192034117785724,-90.51551278055611,-112.01089092369129,-120.41955700723955,1.0,-49.446657000441235,-49.61700862819029,-63.54357533312885
2018-01-29,1779,2017-01-30,2018-01-29,252,165,-762.0839053399015,-688.4331823303969,-1448.7467633496199,-1680.0373700579703,-1789.0926753423312,0.9993961352657005,-479.6725805659482,-467.3743325318771,-1056.0604402377792,-51.16412046333572,-43.59121908421035,-91.32371962379798,-113.48795928280893,-119.71323568314864,1.0,-49.35583380849991,-48.453574229872245,-63.4984115047879
2018-01-30,1780,2017-01-31,2018-01-30,252,165,-749.9650301338959,-663.299659639973,-1446.9158020081525,-1675.7591733621894,-1779.8714503774386,0.9993961352657005,-473.559773323623,-476.20367536710296,-991.7015986484879,-50.96095389054159,-43.754404304834935,-92.2369111427193,-111.82612122390543,-119.40584414180445,1.0,-49.210661791798756,-48.22908702088937,-63.39881836376656
2018-01-31,1781,2017-02-01,2018-01-31,252,165,-742.2277939410077,-659.8087625629179,-1430.8051886402816,-1665.6978125679343,-1761.2325799476148,0.9993964996982498,-474.4459825024862,-470.36146385994226,-960.2971525899363,-50.497384624056565,-43.66022713287781,-90.6851580660868,-112.22899320485756,-117.58013416129741,1.0,-48.89383251103719,-48.908435549715996,-63.53120813324979
2018-02-01,1782,2017-02-02,2018-02-01,252,166,-727.8452310888074,-636.1861421372766,-1420.415045725263,-1645.9364332644386,-1751.276671900593,1.0,-466.0738630831179,-448.3569075315586,-941.1164168757986,-50.87486733587284,-43.993895805552484,-89.34424840698091,-111.53833669582923,-118.18555914731063,1.0,-49.13031880698631,-48.942200569887596,-63.23562272812272
2018-02-02,1783,2017-02-03,2018-02-02,252,166,-785.9106967428334,-706.4485926202257,-1510.1790315544472,-1755.637020376806,-1881.254312178134,0.9994001199760048,-504.2665793596243,-476.6032434026067,-1049.4413491473601,-51.04498942128668,-44.13045714492816,-89.2889400670725,-111.66029951904338,-119.88102869256225,1.0,-49.26585202151512,-49.61864198795852,-64.65737880384417
2018-02-05,1784,2017-02-06,2018-02-05,252,166,-924.9081107933622,-846.0866984977215,-1736.778611748789,-2076.6768083805546,-2193.542625364565,0.9994008388256441,-585.3459120798975,-545.8199262223595,-1154.5090034799002,-51.292987728335966,-43.90614284535866,-89.15460700736173,-112.92672678916372,-121.40829325625947,1.0,-49.449047535054284,-49.068630339890575,-62.93589144141315
2018-02-06,1785,2017-02-07,2018-02-06,252,166,-942.6140082415862,-858.177008191773,-1793.8225285732703,-2126.979497773431,-2230.1078404619484,0.9994008388256441,-590.249879100379,-553.4443753429305,-1208.7090708461346,-51.27110604717793,-43.84670037969703,-89.05229327115988,-116.43254218470284,-120.51497853949954,1.0,-49.48372360111907,-49.04123854292592,-62.8726584270069
2018-02-07,1786,2017-02-08,2018-02-07,252,166,-941.3010797434706,-860.5621835047148,-1779.3065704831733,-2137.9867952451787,-2226.430191116842,0.9994008388256441,-586.6799169309139,-550.2086663980061,-1183.0217027700778,-50.97193997182746,-43.58777028031205,-89.85085344636332,-111.3246278095771,-119.97330479613454,1.0,-49.28124098658437,-48.889255268900314,-62.50004597289663
2018-02-08,1787,2017-02-09,2018-02-08,252,166,-1149.4456980812997,-1078.9258204578014,-2095.452874502692,-2466.984256253655,-2594.4274735155554,0.9994015559545183,-705.676843491901,-664.2958451280588,-1420.5597930676638,-50.975917553409275,-43.10827446050892,-91.35611807903929,-112.96526916308355,-120.87558878946051,1.0,-49.2603899045634,-49.196419978503314,-62.26141153234816
2018-02-09,1788,2017-02-10,2018-02-09,252,166,-1141.3545332168742,-1067.5748564917885,-2103.6192244678105,-2461.97275928285,-2590.945917852255,0.9988045427375971,-701.7619926643374,-693.4783836304728,-1407.5409467827012,-61.31490361874827,-48.34068458712874,-124.75955315316781,-157.39186306380185,-173.93905478892265,0.9993394980184941,-53.8403157095915,-51.01077836657907,-85.25753016127271
2018-02-12,1789,2017-02-13,2018-02-12,252,166,-1167.2969427110152,-1112.6445411144866,-2122.2199161208687,-2483.8377319326987,-2615.1952465965364,0.9982068141063957,-731.4039696558132,-723.050415064341,-1439.8516066223774,-50.502746284567024,-42.52203434628551,-91.5687985819829,-112.13226771511464,-119.31309464974677,1.0,-48.75473883818484,-48.92333538540563,-61.937554198702614
2018-02-13,1790,2017-02-14,2018-02-13,252,166,-1162.2843201405717,-1098.9223770095905,-2128.098110387815,-2490.849110906237,-2615.6539138743324,0.997610513739546,-713.9000840085463,-711.610572928425,-1402.8758715334752,-62.79323017516869,-48.70172773372222,-126.67023917726766,-170.83855987922664,-184.60500301261033,0.9993368700265252,-54.69137985029823,-50.123957407741756,-82.50625350741193
2018-02-14,1791,2017-02-15,2018-02-14,252,166,-1196.4206890999847,-1112.127600403058,-2203.0433186430523,-2540.912972333677,-2731.1288318708753,0.9982068141063957,-749.0578827519633,-757.0975396231833,-1503.6275275888167,-50.712151729281295,-44.07480629553552,-89.91591683040781,-111.12835859114575,-118.97756602769802,1.0,-48.91691686464313,-48.81415467844674,-63.500263864965305
2018-02-15,1792,2017-02-16,2018-02-15,252,166,-1179.1338101134377,-1093.0189591099781,-2145.271279899528,-2524.557624009726,-2691.798546609202,0.9976076555023924,-738.4789542099702,-736.3181152477791,-1455.3260295481527,-50.320071524981024,-42.72918820700457,-90.64846026638949,-111.36732613171843,-118.89416870864342,1.0,-48.62951603611059,-48.175358374490855,-61.71220327779345
2018-02-16,1793,2017-02-17,2018-02-16,252,166,-1182.595531809045,-1093.519746856829,-2172.299228971232,-2533.57718486661,-2706.562961110044,0.9982057416267942,-740.8422424721064,-729.903185879429,-1455.6567091901934,-50.11882941780981,-42.77802960222296,-89.90585392188918,-110.98738048824413,-118.25569775805869,1.0,-48.431372125478035,-47.55077031087517,-62.86552504751666
2018-02-20,1794,2017-02-21,2018-02-20,252,166,-1182.7263671499106,-1094.0893359148704,-2179.8776753793773,-2533.949933970329,-2715.510355070142,0.9976090854751942,-732.5250928265353,-715.3260153066853,-1451.647924187183,-50.46633334565155,-42.60588136811607,-90.06635127491096,-111.54053993038507,-118.47165337427266,1.0,-48.68562517032992,-48.38132282350139,-62.50104669464706
2018-02-21,1795,2017-02-22,2018-02-21,252,166,-1168.6122565087853,-1085.0373650793751,-2159.7778744647035,-2516.152381903963,-2691.2041099664602,0.9976090854751942,-729.1706161180389,-724.458120929829,-1425.4341759052422,-50.62404293293337,-43.32623517960555,-91.03614113393863,-110.26574662548282,-118.25756104802126,1.0,-48.836606985281556,-48.730890047547746,-63.39861161179748
2018-02-22,1796,2017-02-23,2018-02-22,252,166,-1164.3809752870352,-1071.4279986513952,-2161.5207316637684,-2541.6297460031005,-2706.864747325773,0.9976076555023924,-735.8141772091394,-713.5746112294469,-1439.1449836077184,-66.57903187074645,-52.21964161633756,-133.0383432200337,-178.88246851505878,-194.59395349753086,0.9993510707332901,-58.49759396447294,-54.839865863822396,-87.78743935127099
2018-02-23,1797,2017-02-24,2018-02-23,252,166,-1166.3133750187449,-1073.0766005587195,-2177.703517287758,-2569.520303821839,-2727.850954978402,0.9976090854751942,-739.9958687891381,-734.0796398968532,-1476.9520037100096,-66.9567101839158,-52.49105671061905,-143.46793063299884,-178.83308066473876,-192.68777594236053,0.9993544222078761,-59.520621421569,-56.229915198714025,-82.80847605342007
2018-02-26,1798,2017-02-27,2018-02-26,252,166,-1181.2562026311618,-1076.245390723822,-2182.347827455375,-2608.9390908720934,-2756.5485355229357,0.9982068141063957,-750.9382643911363,-765.8391855407522,-1493.2851405346785,-205.0401698202332,-195.18453428756087,-327.0379588536753,-380.0859151820051,-395.35986972282325,1.0,-186.05380092807457,-176.2248233816346,-264.08499033641596
2018-02-27,1799,2017-02-28,2018-02-27,252,166,-1183.671201314633,-1097.3596462035734,-2170.6954267351357,-2561.5376489521377,-2697.8513641295563,0.9982078853046595,-752.3948949908549,-769.6131650891294,-1512.9039349647203,-50.30150457638246,-42.97504920649384,-89.2516320527833,-111.5986676921059,-118.57697836423172,1.0,-48.641372422319904,-48.31662468415078,-61.470001685725535
2018-02-28,1800,2017-03-01,2018-02-28,252,166,-1198.2442076456805,-1103.883765005305,-2193.645160570572,-2597.111932970294,-2738.259516673975,0.9988059701492538,-753.7531854333812,-750.4273799709083,-1506.5718543111898,-65.78615414134624,-52.05850989401688,-135.9210129933744,-174.64271443002568,-191.75574854555904,0.9986910994764397,-57.94113224124626,-54.76644408141648,-86.85864297186302
2018-03-01,1801,2017-03-02,2018-03-01,252,166,-1193.0661187602016,-1110.391197207569,-2182.9082632067707,-2587.0133260180396,-2710.6133471884145,0.998805256869773,-744.9411561806235,-765.1821102458032,-1492.9448906820987,-206.0148002441661,-196.1315982876775,-324.7310095628477,-380.00584104810457,-407.90408546620245,1.0,-186.4934152813419,-177.76144802858346,-269.99458527621584
2018-03-02,1802,2017-03-03,2018-03-02,252,166,-1161.0952096944995,-1091.3008033988478,-2122.775379208033,-2531.9999583538497,-2633.2270937711437,0.9988038277511961,-722.0862374451483,-737.0642300073707,-1451.4133655175974,-62.939808153163376,-50.250081585182016,-126.66923464787223,-162.55043656272835,-178.5529426138769,0.9993429697766097,-55.96893850945223,-52.34879744661951,-80.50552411046831
2018-03-05,1803,2017-03-06,2018-03-05,252,166,-1167.6018603792204,-1086.4937828010247,-2162.7903341939736,-2520.277036846988,-2672.406062004301,0.9988045427375971,-729.7413001506645,-741.7075609992164,-1432.0235544509173,-65.61349130697302,-51.717204636654586,-134.20159700025786,-176.71685911236136,-189.3684400980266,0.9993544222078761,-58.18606331447031,-55.34619953617728,-84.78486759957502
2018-03-06,1804,2017-03-07,2018-03-06,252,166,-1164.1279169609238,-1075.6971542937324,-2167.8911877882833,-2554.4189391956056,-2697.7472371420395,0.9988045427375971,-729.5097471935114,-736.2819512317832,-1438.2334514977051,-64.06162730835442,-51.40420135187818,-131.67174417312867,-164.8416966333216,-179.34637170066276,0.9987012987012988,-57.712441959147895,-56.478507635432905,-83.44814068275768
2018-03-07,1805,2017-03-08,2018-03-07,252,166,-1164.5717552105625,-1075.7877398109147,-2145.9214671540653,-2542.9678769300904,-2685.225639531778,0.9988045427375971,-730.5127905145439,-761.3264847268916,-1445.7215243829837,-49.8921500272112,-42.53287686789806,-89.91893427611711,-109.21496060259717,-117.1868535371814,1.0,-48.33643057984889,-47.461501839276934,-60.81514026568051
2018-03-08,1806,2017-03-09,2018-03-08,252,166,-1162.930172984325,-1080.6464749330944,-2161.252642920733,-2539.9348057009643,-2691.390943314494,0.9988045427375971,-729.2905912873015,-766.4705993878509,-1437.4742641516702,-50.14358073952968,-42.98460495318057,-89.65148350057711,-110.14661943088075,-118.92649071129074,1.0,-48.54371028609155,-48.10363194951338,-61.1700946155058
2018-03-09,1807,2017-03-10,2018-03-09,252,166,-1240.39317626865,-1159.2699553256707,-2263.9550700370805,-2649.881937813587,-2821.9822925965277,0.9988045427375971,-759.0450327396289,-774.9154739820762,-1501.885521823378,-49.821164412447565,-42.8227906860386,-89.9940261931523,-108.24547080387929,-117.63640468659223,1.0,-48.18413689102277,-47.95492761292851,-60.49251682747968
2018-03-12,1808,2017-03-13,2018-03-12,252,166,-1232.5618530182192,-1155.8271798578053,-2271.666551365113,-2666.8771792737975,-2823.7545313063256,0.9988045427375971,-749.3300928581284,-763.5450360999498,-1493.6703162672457,-49.666607881378376,-42.40478840008387,-89.08255424856218,-108.46478765065045,-116.47644161951919,1.0,-48.11707063569149,-47.81257982689178,-60.63083181479042
2018-03-13,1809,2017-03-14,2018-03-13,252,166,-1237.9395055561943,-1163.3608207516418,-2274.35398016049,-2658.8405929844143,-2824.7900221433424,0.9988038277511961,-750.9968291416935,-751.2773340324505,-1527.5807427074974,-63.459149992320576,-50.81780837041917,-126.87148112385216,-165.42418184931964,-180.26249813363358,0.998703823720026,-56.37701198989309,-52.56215763895142,-84.61598870666222
2018-03-14,1810,2017-03-15,2018-03-14,252,166,-1246.6504980808102,-1173.924078640742,-2260.1707382440486,-2688.7470624980097,-2832.0843480685544,0.9988038277511961,-758.0969708599615,-791.741669252677,-1559.2033355959568,-49.54343479638346,-42.2802636761823,-88.4500675353216,-108.94171642683516,-115.40846306958058,1.0,-48.017112823049,-47.35793024829171,-60.41604735070021
2018-03-15,1811,2017-03-16,2018-03-15,252,166,-1264.393985052316,-1175.9979835817417,-2337.140071010503,-2769.922146569402,-2921.9590768001553,0.9988038277511961,-767.1423539516976,-790.4999796851915,-1559.1468214515735,-59.77681778898496,-48.73944573132309,-119.90862456222132,-150.41618998076243,-164.34597952278907,1.0,-53.232984941671845,-49.80312668286919,-80.94821623158438
2018-03-16,1812,2017-03-17,2018-03-16,252,166,-1262.0857086740727,-1171.2023333374846,-2352.9922076623743,-2746.319252758376,-2944.1722354630083,0.9982057416267942,-773.9640789011764,-811.3468122298101,-1570.8370674109751,-49.679146687681204,-42.372138001716394,-88.4364413492214,-109.57513109811048,-116.33078086575244,1.0,-48.090994981660415,-47.320507145576904,-60.53644113355794
2018-03-19,1813,2017-03-20,2018-03-19,252,166,-1278.162776580124,-1195.5511298949841,-2361.9068529637957,-2754.6628230984006,-2947.0457804306684,0.9988038277511961,-782.9539326485353,-835.919828393286,-1577.8071974176323,-63.07572471133388,-51.370542239819976,-125.06456677364599,-156.22644888141846,-173.23079713648758,1.0,-56.021584462764196,-52.85752605291112,-78.25988872991297
2018-03-20,1814,2017-03-21,2018-03-20,252,166,-1281.7873564665701,-1194.72131154213,-2375.7485158728714,-2800.437730252206,-2960.2967075120973,0.9988045427375971,-783.606717217102,-817.1701624704428,-1576.3346213419218,-49.80643129679457,-42.48456522783216,-90.54228239663476,-109.83228887203884,-117.81940564643094,1.0,-48.138158036488996,-47.877119662349976,-60.18358287279477
2018-03-21,1815,2017-03-22,2018-03-21,252,166,-1221.7635255153466,-1137.7761940522141,-2252.209232662476,-2660.7939999715336,-2801.5310979125834,0.9988038277511961,-752.6475666829679,-747.2456909120481,-1501.2809422592509,-60.47722826489443,-48.62527911219964,-121.97325790543921,-153.1409052750614,-167.8136190757717,1.0,-53.552748999607,-50.902316402859384,-80.14142410284458
2018-03-22,1816,2017-03-23,2018-03-22,252,166,-1372.4466006379578,-1320.3844525747566,-2459.454430682317,-2877.830000096402,-3008.2073108310324,0.9970113568439928,-830.0216884852625,-822.7940146818362,-1744.617280091124,-232.92169949077302,-208.51317700684962,-399.3113433910188,-494.2154027288728,-534.2832073371735,1.0,-204.14826536760097,-189.2065329272341,-305.34991754372834
2018-03-23,1817,2017-03-24,2018-03-23,252,166,-1445.1843522370423,-1404.172239576365,-2578.633598804579,-3001.683631887611,-3107.915194125047,0.997016706443914,-875.610855304813,-871.773756897369,-1793.584856149619,-63.47895581165076,-51.16870178684741,-124.86265397167558,-157.39524809387223,-174.23296805450477,0.9987121699935608,-56.23001737117103,-53.15088563347531,-83.85891112026374
2018-03-26,1818,2017-03-27,2018-03-26,252,166,-1547.0328311515339,-1515.9078496991751,-2718.9704514172545,-3099.1926850025948,-3254.46025757816,0.9970184853905785,-932.1143941067337,-924.196856521275,-1938.3921108319373,-236.29537116872675,-210.20983260893473,-413.061409185484,-507.96391064640727,-526.4146567024181,1.0,-205.51411809610923,-188.90781711197354,-318.78534650713993
2018-03-27,1819,2017-03-28,2018-03-27,252,166,-1594.6258730652962,-1543.543736080243,-2788.621095751667,-3209.1472926761653,-3348.6149968044842,0.9970220369267421,-950.7642429657006,-941.807033588987,-1987.2346721341337,-239.1051974087645,-210.94963582532932,-418.2401537329589,-515.3908376844627,-547.1984429609412,1.0,-207.78564097360697,-191.48380770718788,-318.7260267063675
2018-03-28,1820,2017-03-29,2018-03-28,252,166,-1584.5937734982456,-1542.2550935440654,-2767.878841761637,-3189.7637966083953,-3318.8658118826015,0.9970238095238095,-951.4834975318718,-968.0096627643209,-1992.5031024452996,-50.462114968800236,-43.33934882505906,-93.15758226104839,-111.79567055307592,-120.02700298081425,1.0,-48.773639228181274,-47.84298335304026,-61.85434553048327
2018-03-29,1821,2017-03-30,2018-03-29,252,166,-1603.7942095942299,-1557.3566260179675,-2823.0300011158124,-3202.479426263132,-3366.692066521453,0.9970238095238095,-961.391903266388,-1019.2798243226158,-2011.733505209569,-50.46469094205584,-43.330029489077944,-92.51848278411263,-110.45839363607794,-120.1214794659035,1.0,-48.63953464330666,-48.239340959113605,-60.38373293312587
2018-04-02,1822,2017-03-31,2018-04-02,252,166,-1667.5253378895156,-1622.2227637409223,-2937.719644748024,-3328.9646763855885,-3540.2824160228265,0.9970255800118977,-988.0284465640398,-1036.9556354393262,-2021.5922664290993,-70.93694670151281,-58.03437533411019,-142.59125905938936,-186.95339907267396,-199.57729778104394,0.9987569919204475,-63.502263354330374,-60.275168525561355,-94.15322430821116
2018-04-03,1823,2017-04-03,2018-04-03,252,166,-1685.8680072745847,-1647.7902575252506,-2960.8371254057615,-3403.623927928563,-3598.7194052592413,0.9964285714285714,-1002.1041102627996,-1041.6790657444433,-2034.072484809863,-67.17729881769881,-53.74126572278713,-134.1392287160363,-177.4122688390384,-192.7298812569867,0.998755444928438,-59.63071514744332,-56.11790189420091,-87.45413497119027
2018-04-04,1824,2017-04-04,2018-04-04,252,166,-1684.768923778124,-1642.265593017817,-2956.40385308421,-3398.8499027004605,-3581.753240586429,0.9964285714285714,-1010.5951810665607,-1061.5729601763487,-2023.4034000099596,-50.755386202483535,-43.9463230919893,-93.43157665872498,-112.01342966561239,-122.10359772118224,1.0,-48.90348924361616,-48.24783022647193,-61.832135621104996
2018-04-05,1825,2017-04-05,2018-04-05,252,166,-1692.0707047385258,-1658.3460450118696,-2962.5803844152474,-3410.3999119968844,-3585.3651409954155,0.9964285714285714,-1010.5276343993546,-1043.2949794020287,-2014.7538486588264,-50.90969802277639,-44.207611222094386,-93.17211443604124,-113.17749891229793,-122.40548337798185,1.0,-48.96193208028541,-48.19751657678529,-62.3993051549643
2018-04-06,1826,2017-04-06,2018-04-06,252,166,-1772.593075792124,-1715.1090346547253,-3077.9611874717966,-3537.405687956171,-3685.7677652488846,0.9970255800118977,-1057.670205516297,-1096.4443391659806,-2167.612441708467,-67.72205422584133,-52.09942574584143,-135.6576885695892,-180.0198005472571,-201.62227832967292,0.9993800371977681,-59.578829576550625,-55.4216642610338,-90.81361760121929
2018-04-09,1827,2017-04-07,2018-04-09,252,166,-1764.3646302998907,-1714.28352796118,-3049.9305868842653,-3530.5523008647456,-3675.8877489663655,0.9970255800118977,-1043.8115982898896,-1089.8289705524296,-2174.9008187585523,-51.41030342197246,-44.37261720712496,-93.55059892765468,-116.41998140995315,-124.72336832336417,1.0,-49.416826458680326,-48.472372860639595,-62.83791810517344
2018-04-10,1828,2017-04-10,2018-04-10,252,166,-1802.9736184460508,-1756.9329460712997,-3131.4370909056283,-3584.5599755925155,-3710.610007616607,0.9970273483947681,-1076.6247434263223,-1125.905441047486,-2194.794961731153,-50.90397625749305,-43.88687152101041,-92.26459334793601,-114.96163283076461,-123.11618504623051,1.0,-49.0903167820185,-48.30313011026131,-61.987276713266596
2018-04-11,1829,2017-04-11,2018-04-11,252,166,-1808.6721250255905,-1766.2554732372341,-3110.8413408142246,-3585.8962089355764,-3710.9994398933563,0.9970273483947681,-1077.9811430156592,-1159.391701807122,-2181.422904113275,-72.06866367893063,-55.050411071201374,-150.65547258731308,-197.38461284293632,-223.20657234144335,0.9968827930174564,-63.65629910653689,-59.27939297328949,-95.00677678118257
2018-04-12,1830,2017-04-12,2018-04-12,252,166,-1825.3514385337376,-1768.848080925592,-3147.319969791516,-3606.6745114148525,-3757.496786102314,0.9970255800118977,-1092.535414037227,-1160.8550388819776,-2160.9977059759385,-244.73010828041285,-221.56398071698118,-419.5144867479138,-484.42981047398666,-511.3133845923512,1.0,-212.47330673658206,-195.6231141393505,-333.8284754447377
2018-04-13,1831,2017-04-13,2018-04-13,252,166,-1817.2827683224002,-1775.245351531312,-3130.7534646980366,-3582.710597659354,-3728.608081385697,0.9970255800118977,-1089.866104091633,-1161.7128304488076,-2165.640333406025,-50.789286571715635,-43.62854941101616,-92.96524658949214,-116.84830062887427,-123.206814037716,1.0,-48.96256342164221,-47.67330014017219,-61.166836415092575
2018-04-16,1832,2017-04-17,2018-04-16,252,166,-1809.5615364818143,-1759.0424402364745,-3121.8664324092815,-3552.393796951242,-3740.869767572815,0.9970255800118977,-1084.147098670999,-1153.065034033918,-2163.5471936767754,-241.25779389248981,-215.5567598058511,-430.23148452602885,-492.7536121655524,-517.268167766387,1.0,-209.74911623329004,-193.9884707638986,-311.69748364380206
2018-04-17,1833,2017-04-18,2018-04-17,252,166,-1789.1902491519215,-1744.619369267193,-3096.1628523250597,-3568.9440760033845,-3742.0140494907905,0.9970255800118977,-1080.7668005577289,-1151.723806396184,-2158.372682094936,-50.841657967856285,-43.701240340764,-91.54577328507739,-113.98688700475459,-124.25287846357496,1.0,-49.08319102291098,-48.61156084325674,-62.00866984840082
2018-04-18,1834,2017-04-19,2018-04-18,252,166,-1778.0794008475382,-1732.0205871870908,-3077.69614800581,-3526.0682184488364,-3699.5109079852764,0.9970255800118977,-1072.8945683815243,-1127.90571746561,-2142.4414069365243,-50.507168652407984,-43.45736105770213,-92.21210387881554,-112.49115884185308,-122.86667914640573,1.0,-48.8408944139853,-47.96185072487603,-61.681616379481696
2018-04-19,1835,2017-04-20,2018-04-19,252,166,-1745.9463793633217,-1706.9957473477425,-2992.385954642522,-3480.742322238868,-3655.4884718268304,0.9970238095238095,-1054.2045672535535,-1119.3264084977284,-2066.860439216882,-51.16594512812858,-43.7653812644101,-92.52864864358877,-116.37369160654941,-125.87203507754109,1.0,-49.39567011363601,-48.78150059352829,-62.450265370830394
2018-04-20,1836,2017-04-21,2018-04-20,252,166,-1738.3423059919467,-1722.1095407886862,-2997.8774147523386,-3470.2549135716395,-3611.204477873607,0.9976204640095181,-1051.7275880027832,-1121.533057141664,-2088.042403746258,-51.30541394452024,-44.00293737072248,-94.63188375127743,-114.6915862237756,-124.67367747117432,1.0,-49.532201603825285,-48.92331917718343,-63.15517558503943
2018-04-23,1837,2017-04-24,2018-04-23,252,166,-1735.033792905522,-1717.2891081934508,-3014.2462277666123,-3465.071576816671,-3605.9097593390256,0.9970220369267421,-1041.748309700228,-1125.9999019364009,-2079.14753881995,-51.26986809633544,-43.64787716190728,-93.724743585466,-116.48376784248073,-125.74180099294043,1.0,-49.4204863510885,-48.74366348512046,-63.47301186254359
2018-04-24,1838,2017-04-25,2018-04-24,252,166,-1739.1137840952938,-1727.6002776125392,-3028.8435167696994,-3433.3219199064292,-3602.629135803329,0.9970220369267421,-1052.278729612844,-1131.6140264259375,-2099.3080860795385,-66.45938382356843,-52.98628342909754,-131.76997697685593,-177.41051265235293,-189.82360287160324,0.9993753903810119,-59.02332626509116,-56.31371584118216,-87.71860396995973
2018-04-25,1839,2017-04-26,2018-04-25,252,166,-1734.1173690603484,-1728.6873867396512,-3036.2895637171387,-3464.230727386123,-3631.318758372334,0.9970202622169249,-1049.4377463645258,-1126.4384920985467,-2110.6310476000317,-64.0395295968071,-52.41759820449605,-126.37823193889004,-162.03889203010618,-174.5438829706096,0.9993734335839599,-56.965647652153486,-55.05129679738071,-81.84191188096378
2018-04-26,1840,2017-04-27,2018-04-26,252,166,-1712.001119612472,-1683.1689404837553,-3001.0622742466367,-3412.4330144279056,-3611.465647761811,0.9976162097735399,-1029.141978278322,-1101.4056522764745,-2074.76977399378,-69.82476139983008,-55.97962025794439,-140.51830387276377,-182.17490663099184,-201.61645063768,0.996875,-62.229347589122824,-58.88363622495218,-92.199032145611
2018-04-27,1841,2017-04-28,2018-04-27,252,166,-1734.1258771503649,-1704.1811333499822,-3058.8735420829803,-3468.338078994321,-3670.616808781161,0.9976162097735399,-1035.2754086065738,-1127.0985894762148,-2140.606166702586,-51.11070767437604,-43.639266636805736,-93.8304994844899,-116.63785380378498,-124.35488858994078,1.0,-49.21830141817586,-48.591289122606376,-63.856131770229226
2018-04-30,1842,2017-05-01,2018-04-30,252,166,-1747.6072006084457,-1728.7744542141027,-3029.570942553867,-3484.190776661555,-3647.6414857611358,0.9976162097735399,-1042.3916808899378,-1142.1088778603694,-2142.2908067880653,-64.38426107526385,-52.2202514636895,-128.44324651417347,-162.09915892357793,-177.16000189924722,0.9981191222570532,-57.629780076653994,-54.196944336385286,-84.454072732723
2018-05-01,1843,2017-05-02,2018-05-01,252,166,-1741.6783979252264,-1696.7265993218743,-3063.508847717529,-3504.3500957549345,-3680.504437344772,0.9970220369267421,-1029.499414118832,-1127.4473144548638,-2104.034674255626,-234.06699833456392,-207.2648307771896,-398.7928828512963,-470.9905509598645,-501.263594201777,1.0,-206.17778113223324,-196.62958057874016,-305.7783036386161
2018-05-02,1844,2017-05-03,2018-05-02,252,166,-1742.0618896448564,-1707.998250208414,-3082.5925202366334,-3482.019237152985,-3682.258752427109,0.9976176295413937,-1033.1976078636271,-1106.9224672102805,-2096.514658939159,-51.627584203784664,-43.58259260178902,-95.48256464523303,-117.05757621394854,-126.24882217254554,1.0,-49.859557578354256,-49.33252085451612,-63.59662637122214
2018-05-03,1845,2017-05-04,2018-05-03,252,166,-1739.9639405295752,-1692.1529529544541,-3053.5585890480716,-3500.362008106603,-3690.4549928404435,0.9970202622169249,-1039.2465965008137,-1120.5459497196123,-2071.6928767566296,-62.650154445078776,-50.95990658204333,-124.23004097437367,-160.53339567784897,-174.71215398636002,0.9993674889310563,-55.4961002613563,-51.028068867104075,-82.88270623586016
2018-05-04,1846,2017-05-05,2018-05-04,252,166,-1750.833757401917,-1679.8713962993043,-3154.866771614985,-3576.8531100140244,-3824.116302680026,0.9976147883124628,-1050.4685239027533,-1157.027986043243,-2048.151790051012,-70.43584733980933,-53.3506196538961,-145.67467302351002,-198.76957924122996,-217.14027866631696,0.9987484355444305,-62.4746362623801,-58.93226612763421,-91.5827273597412
2018-05-07,1847,2017-05-08,2018-05-07,252,166,-1758.8801853238167,-1686.5212444633703,-3103.077153243646,-3566.470237227059,-3772.2618656473487,0.9976147883124628,-1053.9445474788713,-1143.6899035121032,-2052.9838203565746,-51.208880110509696,-43.47161962006466,-96.32623290306236,-117.57168170886571,-126.11515769359447,1.0,-49.4741255912457,-49.50121467671283,-64.8201359080474
2018-05-08,1848,2017-05-09,2018-05-08,252,166,-1746.9276865444933,-1677.7999424760276,-3099.6065814789204,-3554.018589198943,-3766.138783597896,0.9976147883124628,-1042.823612474297,-1125.695536503656,-2053.839713543798,-51.58540571141164,-43.93627250863017,-95.95398562055247,-119.08579055153629,-127.0056176641101,1.0,-49.7538966901727,-49.33805081017962,-64.67681662333388
2018-05-09,1849,2017-05-10,2018-05-09,252,166,-1752.9552208481275,-1694.3483098930826,-3097.0688165982656,-3499.2314085229987,-3744.8353159651374,0.9976133651551312,-1054.0140904285652,-1152.5904993212462,-2062.9367179347937,-51.18406562563521,-43.42917800590877,-95.78783612325526,-117.49740237163928,-125.31407791154012,1.0,-49.36890863569278,-48.20213262103303,-62.87061184452427
2018-05-10,1850,2017-05-11,2018-05-10,252,166,-1763.103205186717,-1697.1995381393672,-3107.6083312885303,-3550.447313064151,-3773.1150982942304,0.9976176295413937,-1060.1618615892423,-1162.3903341667824,-2093.9041814758875,-159.73930496499136,-52.32751803390493,-146.62668913522973,-221.81286577569523,-1113.6838075885219,0.9987631416202845,-131.41737932083132,-62.85917090045784,-258.1637894929712
2018-05-11,1851,2017-05-12,2018-05-11,252,166,-1761.0494959636517,-1700.585645837907,-3106.390399870018,-3518.813362292232,-3768.5591698621465,0.9976162097735399,-1062.3127392025697,-1160.8042631981293,-2085.6367360936006,-51.024745875588216,-43.04553497561227,-94.94176448599029,-114.63976988642894,-124.78715250913628,1.0,-49.23138117634993,-49.01071454965028,-62.40013190427506
2018-05-14,1852,2017-05-15,2018-05-14,252,167,-1769.9127276727054,-1707.384598992266,-3118.9496402133364,-3569.4596217271433,-3786.959861785136,0.9976303317535545,-1068.1598082863736,-1137.9172115232936,-2091.071452918079,-50.866678213725805,-43.17732549051501,-94.19254247933625,-116.44527271845816,-125.20729041833518,1.0,-49.08914872301076,-49.235884222580594,-63.21458474838294
2018-05-15,1853,2017-05-16,2018-05-15,252,167,-1747.4746845385575,-1679.0634003352768,-3114.5358921165107,-3529.5604782432224,-3780.5991303085475,0.997628927089508,-1057.0267507210715,-1140.4926698554677,-2072.4779328816976,-66.42260843425362,-53.10204264707998,-136.79534193631144,-177.1747572354161,-187.46131073197856,0.9993924665856622,-59.126560238321346,-55.829734328590476,-87.15902903303481
2018-05-16,1854,2017-05-17,2018-05-16,252,167,-1754.7695416414024,-1686.1217753663336,-3111.8842610184684,-3536.4668276683155,-3757.412569830949,0.997628927089508,-1063.5824236003605,-1135.7112262192393,-2076.780600164062,-239.5610808755994,-208.28650272426495,-427.42197212855234,-514.705186663024,-544.8427417405277,1.0,-205.75995939598099,-179.36660440206094,-338.7297492126279
2018-05-17,1855,2017-05-18,2018-05-17,252,167,-1681.8272005984866,-1613.645569318066,-3033.0812314269683,-3467.8347464997173,-3682.439151076625,0.9976275207591934,-1032.7371140005514,-1097.3674097711216,-1997.093637713567,-64.99471973175892,-51.73638608098695,-131.10567382384397,-162.29083483032645,-180.93584072814386,0.9987789987789988,-58.154847208112045,-54.920442422607415,-84.34868850926229
2018-05-18,1856,2017-05-19,2018-05-18,252,167,-1721.4707511776107,-1614.3421571287204,-3136.5925426052277,-3673.465354858118,-3868.2427611975813,0.9976275207591934,-1065.4622093336316,-1195.1564042088814,-2019.673910495105,-50.49258544586423,-42.73775501244738,-92.06219599803748,-113.8179032117528,-121.70512843588213,1.0,-48.662799390036255,-48.19657097826648,-62.514671121857255
2018-05-21,1857,2017-05-22,2018-05-21,252,167,-1740.095473636499,-1630.8110727322064,-3155.642618452798,-3690.8901979727243,-3871.4801478442423,0.9976275207591934,-1080.214019354304,-1209.2391401834418,-2022.005047316205,-50.71284181753856,-42.80221524936121,-93.62195721297432,-114.74470140502997,-122.7305861412553,1.0,-48.85811587488132,-48.28327579736406,-62.137321436970716
2018-05-22,1858,2017-05-23,2018-05-22,252,167,-1727.7186403268154,-1610.8438759213977,-3160.9033109752413,-3692.733704931679,-3872.0697543535603,0.997628927089508,-1073.947866825332,-1212.9926514290935,-2020.9164578176828,-71.76734456577957,-53.29405093629575,-145.90651414892633,-202.6846643185236,-222.3864689546128,0.9987797437461867,-63.18322354555905,-58.00263487308901,-95.24730194787317
2018-05-23,1859,2017-05-24,2018-05-23,252,167,-1725.319363164636,-1613.55532980625,-3161.7523585313393,-3696.728448673888,-3866.691720355136,0.9976275207591934,-1083.0718552335545,-1212.727007236914,-2037.7736710126128,-246.95150666428768,-201.93029306114985,-451.49942268307024,-572.4038145155351,-616.7047440486589,1.0,-210.41236222974229,-184.24746650975283,-350.24740674924124
2018-05-24,1860,2017-05-25,2018-05-24,252,167,-1718.8535521837143,-1618.3018187389234,-3115.2058471720447,-3675.9288576501417,-3832.6911213193225,0.9976275207591934,-1071.2296583216873,-1188.7599550708705,-2019.7277042447704,-50.799881174239125,-42.5024848104773,-93.46633809029665,-116.69204426315001,-123.88847327485426,1.0,-48.877116337981725,-48.18570136069563,-62.783779824091845
2018-05-25,1861,2017-05-26,2018-05-25,252,167,-1711.5076577140583,-1623.8776198577443,-3109.5930282892787,-3644.1002812879483,-3803.7282190843,0.998220640569395,-1067.1338110277725,-1174.1762023029514,-2016.187158412926,-66.39753530861095,-52.796007309426656,-132.2548160142531,-175.16902144643444,-184.71181763184137,1.0,-58.89300909255696,-54.44161148310051,-86.86228894927707
2018-05-29,1862,2017-05-30,2018-05-29,252,167,-1749.0222425976995,-1653.5436392277807,-3146.096667843056,-3714.6118899201656,-3861.8476958249644,0.998220640569395,-1089.567541139812,-1165.0599237362533,-2064.75747616401,-51.12199799206504,-43.03760208629491,-94.00693351076582,-119.9262898431857,-125.43618175959918,1.0,-49.07157353273805,-47.893884565741786,-62.667466983892744
2018-05-30,1863,2017-05-31,2018-05-30,252,167,-1752.8659326941797,-1664.921456004939,-3155.9335540074776,-3698.2507128515226,-3862.6743260493113,0.998220640569395,-1090.2401444579339,-1205.717295151072,-2066.146132773495,-50.93445247439222,-42.967560055166274,-93.93202845107722,-116.40428896398767,-123.97253695355724,1.0,-49.02266902997651,-48.28391357901856,-62.990548754605115
2018-05-31,1864,2017-06-01,2018-05-31,252,167,-1751.2094518998545,-1664.458565589785,-3180.1024324654177,-3700.3833174957394,-3895.462984205276,0.998221695317131,-1089.8500494359077,-1184.1831846769728,-2068.2037771717055,-51.083618454656076,-42.43563276904299,-95.17758603184613,-117.86446466119277,-125.1627195909357,1.0,-49.1099398008501,-48.50537718063898,-63.6459184141273
2018-06-01,1865,2017-06-02,2018-06-01,252,167,-1759.4442740689321,-1652.5799995700434,-3210.2969386387313,-3704.809637191732,-3904.077404412888,0.997628927089508,-1091.4510144229412,-1181.8885296336202,-2071.607226336991,-66.00754405572569,-52.87161078018566,-133.45873984327957,-174.33870778018596,-190.2978401250974,0.998776758409786,-58.61464641643799,-54.34673915933565,-82.79029271529657
2018-06-04,1866,2017-06-05,2018-06-04,252,167,-1763.624880811389,-1671.848976474619,-3162.91121017231,-3642.942825384144,-3846.8750734812065,0.998221695317131,-1076.5543374848178,-1187.2284752000417,-2080.8217785404004,-232.817920456219,-207.7207481894587,-409.07017313920875,-480.99282835299095,-497.5638259085017,1.0,-204.1703991589549,-187.31938679875276,-317.3393893376099
2018-06-05,1867,2017-06-06,2018-06-05,252,167,-1755.6449212314296,-1660.7973951719853,-3146.9845144328046,-3650.180156899863,-3842.894001395854,0.997628927089508,-1086.292192682787,-1193.7105588681939,-2076.7396532765433,-51.32270618979595,-43.50452533086743,-94.8119962359612,-118.52147272106252,-124.21250312343552,1.0,-49.43805232266208,-49.20458069526433,-63.643745196990096
2018-06-06,1868,2017-06-07,2018-06-06,252,167,-1783.7480957512162,-1698.2949544526764,-3236.099143609405,-3757.924945353958,-3944.24122253585,0.9976303317535545,-1099.5144642639254,-1192.2077805920685,-2123.357297021863,-51.139688341216335,-43.480867762892665,-94.36537995339172,-116.81112646796868,-124.19422214282444,1.0,-49.1900302302803,-48.60504007012427,-63.2036162086411
2018-06-07,1869,2017-06-08,2018-06-07,252,167,-1785.4984896824799,-1669.8581184947866,-3245.706233585036,-3765.5551268636627,-3976.1020850646983,0.9976303317535545,-1105.8065314604858,-1214.9514900154436,-2107.5193091786814,-67.30467272312735,-52.38866181604013,-136.48023358670625,-181.54069427868467,-191.60218000328325,0.9987692307692307,-59.75095728606679,-55.40681562473889,-91.47790942479818
2018-06-08,1870,2017-06-09,2018-06-08,252,167,-1765.5163733864526,-1664.583892860566,-3166.7242188305368,-3656.1467467575458,-3858.4383714649634,0.997628927089508,-1091.4488071123048,-1177.5239076086184,-2086.5462430724115,-37.35003419053142,-24.775767541104393,-89.45117551054523,-123.49942052327653,-127.94482776841673,0.9806949806949807,-17.80894791067648,-12.026457843663792,-42.4871855415378
2018-06-11,1871,2017-06-12,2018-06-11,252,167,-1830.270415895655,-1747.0854131093809,-3336.059780603626,-3874.7220956129577,-4043.742291399647,0.997628927089508,-1121.3677654525259,-1243.9360304426552,-2130.6406585415843,-64.86322691159158,-53.34458242695794,-129.21830262351799,-163.51681386729797,-177.86781695893902,0.9993909866017052,-57.96558577760851,-54.85545534380358,-88.68557355209411
2018-06-12,1872,2017-06-13,2018-06-12,252,167,-1839.258823583718,-1753.7921067957864,-3282.073015585418,-3765.66852811351,-3998.9747351660976,0.9976275207591934,-1128.269741828681,-1256.9589669308264,-2165.29661865338,-64.97529867729764,-53.409340864789506,-128.08660293463114,-164.8522339690769,-178.68094200650927,0.9981538461538462,-57.68047195149639,-56.42770340504748,-87.34348500751814
2018-06-13,1873,2017-06-14,2018-06-13,252,167,-1830.7244425761241,-1746.2428708396315,-3236.0711262618206,-3762.514665129752,-3957.023476898436,0.9976275207591934,-1117.5338462197706,-1250.7190652615661,-2167.422769863979,-38.51612893064734,-26.234172783535566,-84.79448501103933,-127.65329214629544,-136.70070517552236,0.9785575048732943,-18.422677539762013,-13.129831913592565,-43.360715024590334
2018-06-14,1874,2017-06-15,2018-06-14,252,167,-1819.0990189973863,-1724.302505879196,-3230.5529834670997,-3711.377270216235,-3929.6319929290635,0.9976275207591934,-1114.9355837590258,-1238.8806312612994,-2126.40675776672,-69.39145020146206,-53.33661329260102,-141.90818129342588,-188.35260689632318,-202.8690774517674,0.9981527093596059,-61.39006936548417,-57.439055237250926,-91.31333748330603
2018-06-15,1875,2017-06-16,2018-06-15,252,167,-1817.296391053138,-1747.0587266881914,-3198.465476741202,-3675.223531685133,-3880.3771905083804,0.9976275207591934,-1104.7570179777076,-1203.5896969451144,-2187.5223930187126,-247.3255180315969,-212.3430545438058,-440.28151793614023,-559.3258377052418,-604.9350398394918,1.0,-212.51346115545783,-190.16671021469512,-327.0328093645608
2018-06-18,1876,2017-06-19,2018-06-18,252,167,-1821.639201289138,-1756.015082924585,-3229.0561921152853,-3677.5641152867097,-3911.7402766838713,0.997628927089508,-1098.8909258358012,-1211.9160545932434,-2172.1374812829445,-51.55485361994795,-43.728992795886114,-95.53690738374267,-119.85087165662577,-127.46435723575931,1.0,-49.63875288259092,-49.83001711991119,-63.49237177702483
2018-06-19,1877,2017-06-20,2018-06-19,252,167,-1822.776998527926,-1765.5829790545708,-3220.682188752448,-3677.481239391739,-3874.133908042738,0.997036158861885,-1097.2256323415584,-1165.1509228436846,-2206.1672466247514,-65.55403792897003,-52.49682179936865,-128.8573226233081,-169.75022902230367,-185.11570484691003,1.0,-57.9276276333458,-54.254100382885845,-89.49997026954011
2018-06-20,1878,2017-06-21,2018-06-20,252,167,-1819.101661618523,-1767.926689981966,-3184.2083905084396,-3652.3339913604887,-3824.4374198175915,0.9976317347542925,-1094.7840203534179,-1163.580036740092,-2188.548850098184,-65.18860227857526,-52.98790196448074,-127.26355703648017,-166.74173177455256,-180.1515154143464,1.0,-57.85006589960317,-55.249682631772245,-88.87456794076219
2018-06-21,1879,2017-06-22,2018-06-21,252,167,-1836.7419064263304,-1802.6549790698386,-3234.0664187353013,-3669.6269031490524,-3887.1369839008476,0.9976303317535545,-1104.4895623338964,-1166.7710579780983,-2212.0986474276165,-51.38746769756222,-43.63478408781752,-95.98254827702935,-121.26987894403914,-126.42731441224026,1.0,-49.54786610723004,-49.32650735654344,-64.35805092600602
2018-06-22,1880,2017-06-23,2018-06-22,252,167,-1852.550084430591,-1800.105403701046,-3267.9666675098124,-3723.2200688055395,-3931.6398042647825,0.9976317347542925,-1119.352535409903,-1229.9263574241104,-2225.398752838188,-51.07142147381275,-42.96224518135414,-93.13612388498062,-118.37463183878252,-125.77751066954099,1.0,-49.24450184032521,-49.473953477773904,-62.81409224827621
2018-06-25,1881,2017-06-26,2018-06-25,252,167,-1869.9596600625575,-1803.827972716313,-3284.0240147383524,-3775.066977523012,-3985.7864480132516,0.9976331360946745,-1130.9595592053781,-1268.6319530935532,-2252.0027477443846,-65.71378010788081,-52.66735960259149,-133.29071920504637,-170.67974310780153,-183.8799222549267,1.0,-57.96305475580365,-53.77836884946013,-90.17607558823116
2018-06-26,1882,2017-06-27,2018-06-26,252,167,-1864.0397832233239,-1797.365223279914,-3294.091895555046,-3789.8717918962816,-3992.363906769984,0.9976331360946745,-1122.07488249244,-1266.6927722878,-2223.668088085853,-37.77868246104416,-27.026291100158826,-85.85667353341553,-116.66339312005643,-122.91526856629756,0.9810246679316889,-17.564139255778926,-11.283835237551292,-40.87450642780853
2018-06-27,1883,2017-06-28,2018-06-27,252,167,-1884.8807524567223,-1813.9261703502698,-3329.683478377018,-3795.0976501544997,-3991.6471436117845,0.9976359338061466,-1140.2951802441353,-1318.3574180129358,-2267.4886540348507,-37.03923467064405,-26.104484479790308,-83.79372699633915,-110.21818252418042,-121.68070325891506,0.9791666666666666,-16.8464798239716,-7.680230763091065,-41.09320671072194
2018-06-28,1884,2017-06-29,2018-06-28,252,167,-1885.7122778024175,-1812.7979708506114,-3333.879087481138,-3826.2310680744054,-4013.33051162993,0.9976359338061466,-1136.3234272601405,-1309.810444389921,-2250.0560444779494,-217.32170058192904,-190.60885978775352,-380.93639474255696,-448.21388453624934,-478.8854841732968,1.0,-194.66643763524073,-180.57688285842113,-284.1550877089302
2018-06-29,1885,2017-06-30,2018-06-29,252,167,-1858.7797212343417,-1805.8026249865275,-3248.9835718948602,-3747.6426625383947,-3903.180993947089,0.9976359338061466,-1119.9632666078226,-1275.5071018352105,-2240.5861332850777,-51.009103944255706,-42.88528008287832,-95.22147048588367,-117.84872240217747,-125.68758816717322,1.0,-48.990334047413704,-48.315296272226696,-64.35651656087587
2018-07-02,1886,2017-07-03,2018-07-02,252,167,-1869.2357788913498,-1805.9640710733554,-3281.593009019917,-3734.879660208248,-3934.4285254289994,0.9976359338061466,-1117.9858936509568,-1299.9514539200366,-2224.9618590783753,-68.42771885351777,-52.80936028406078,-135.83085706532643,-184.58269331805408,-202.36512091448165,0.9993857493857494,-59.751831351200856,-55.69167839884675,-91.1738139799359
2018-07-03,1887,2017-07-05,2018-07-03,252,167,-1897.6876970040473,-1832.5415724908298,-3310.0450807750512,-3785.3568604573616,-3961.1942921618943,0.9976359338061466,-1145.4303822948805,-1335.9579970380564,-2251.03958517442,-74.40302516347994,-55.631505891959854,-150.49032398915062,-210.45962346167423,-243.9164575580724,0.998776758409786,-64.30295687399722,-60.673127106952734,-95.95162268080584
2018-07-05,1888,2017-07-06,2018-07-05,252,167,-1892.746441818136,-1822.7946899549402,-3301.973085755668,-3746.340912193472,-3945.8526412765673,0.9976345357776464,-1152.0831605379408,-1351.8748787541672,-2247.532684294999,-51.23748348776936,-43.286187233899355,-94.95096476637377,-121.56012934542915,-126.33262114354365,1.0,-49.16792185575283,-48.46042253709023,-64.59674250554143
2018-07-06,1889,2017-07-07,2018-07-06,252,167,-1888.9217086315377,-1821.1596843751736,-3289.588965255759,-3739.3519503965335,-3936.9517610709718,0.9976359338061466,-1150.9835073205936,-1346.7804260460368,-2227.6234850591836,-71.79638537313376,-55.60900824483875,-145.47036428303102,-184.48934388529705,-207.19618419356252,0.9963325183374083,-63.37759559795713,-59.25724397524786,-95.48180529741256
2018-07-09,1890,2017-07-10,2018-07-09,252,167,-1895.9380936096723,-1851.022098116767,-3285.309907145877,-3748.0278400265474,-3936.7020349158124,0.9976359338061466,-1149.9074476999042,-1321.2721112999996,-2258.686670605355,-51.69811528329935,-43.164141404452046,-97.57066180253443,-118.9748366399617,-127.89338584414897,1.0,-49.50315305933983,-48.99398834574798,-64.66648307672992
2018-07-10,1891,2017-07-11,2018-07-10,252,167,-1903.2540020814693,-1849.0554534588443,-3286.533085398792,-3767.9096652313433,-3944.2693657744458,0.997637330183107,-1159.0924618455995,-1340.1752605930515,-2269.871896236199,-35.72086162112734,-27.805403235912323,-79.41493267982685,-103.05725061209677,-108.99730166198235,0.9773584905660377,-16.697202110038294,-11.614652239333493,-39.85664571723347
2018-07-11,1892,2017-07-12,2018-07-11,252,167,-1886.5018291735194,-1853.0140865914736,-3231.481504903252,-3703.917043999297,-3877.5377520185566,0.9976359338061466,-1141.0167381824274,-1313.1635368021196,-2289.957567563064,-202.85022397418032,-190.5515519201668,-317.0613825584655,-361.23423840687605,-382.8154738276565,1.0,-186.12901141056605,-179.35094960845845,-267.7444853351179
2018-07-12,1893,2017-07-13,2018-07-12,252,167,-1902.0573436370028,-1857.448631304916,-3254.484354792591,-3738.6595315212967,-3915.8993928204964,0.9976359338061466,-1152.2371750169264,-1328.5057737316695,-2276.2069073013317,-200.74572570922982,-187.5159580218828,-318.73705517425867,-358.773031150599,-378.7142489576328,1.0,-184.71476151577713,-173.47704901427926,-269.205516315473
2018-07-13,1894,2017-07-14,2018-07-13,252,167,-1883.7221207812574,-1845.2315921471445,-3222.842369020264,-3723.844051266425,-3865.595755169134,0.9976359338061466,-1151.7478769148804,-1313.7211687600995,-2233.4893236627777,-51.361616749997346,-43.10956678860135,-95.81133534671366,-117.53157499491068,-124.61621977420558,1.0,-49.42193656199591,-48.77996293848897,-64.00552202577504
2018-07-16,1895,2017-07-17,2018-07-16,252,167,-1870.6129136700001,-1838.7050337644012,-3217.336628553894,-3659.4934145472116,-3846.97269500464,0.9976359338061466,-1130.5258109388244,-1287.5402296310026,-2222.3240577328897,-208.40886743990325,-194.441005479799,-340.6167074248507,-388.4675696851387,-403.0036680555845,1.0,-189.78186176277387,-177.76097710585742,-282.3741576613971
2018-07-17,1896,2017-07-18,2018-07-17,252,167,-1891.9548908090567,-1861.968058278617,-3246.5298217373006,-3708.5772953211704,-3876.528009054051,0.9976359338061466,-1142.7945064661897,-1293.7391955165394,-2243.9161232187166,-73.36173739307557,-56.083120310081235,-150.4718395209691,-196.0446456561991,-218.62883032319507,0.9981447124304267,-64.61642134813192,-58.59774254853672,-99.70329809355663
2018-07-18,1897,2017-07-19,2018-07-18,252,167,-1885.1305980553284,-1846.30490650839,-3223.772605935168,-3676.313039651154,-3855.8628167187117,0.9976331360946745,-1142.4962688201208,-1318.0032108736964,-2252.734197483317,-208.26300244128836,-188.93357934049249,-337.2293517659568,-385.72654439396786,-407.89547440829904,1.0,-189.25699870537954,-177.58750805764114,-281.440289109754
2018-07-19,1898,2017-07-20,2018-07-19,252,167,-1858.3353039517483,-1813.7103318006948,-3182.955392065983,-3669.682522950424,-3844.1738837245707,0.9976331360946745,-1122.2521708455286,-1273.8082356441903,-2218.674932650352,-51.91803590599699,-43.46137342597537,-96.70796333943358,-119.99027260226353,-128.03325581609838,1.0,-49.97813121250116,-49.12579488301688,-64.08074524108935
2018-07-20,1899,2017-07-21,2018-07-20,252,167,-1852.7994625124238,-1800.5467681792425,-3192.7564002545546,-3674.589307333554,-3837.9641495789483,0.9976331360946745,-1121.6090170811517,-1256.010163767564,-2232.8213389171133,-51.789798875525264,-43.29922503323546,-97.80338054591681,-120.762907726306,-127.507825932564,1.0,-49.80625124335064,-48.72741671473896,-64.59191861005596
2018-07-23,1900,2017-07-24,2018-07-23,252,167,-1843.2290283728123,-1809.7057653478023,-3163.102484911871,-3640.7717922769707,-3818.335167578911,0.9976331360946745,-1110.7011022977833,-1255.701308936981,-2175.673934707419,-216.02079985623317,-193.84708500183956,-369.3571732406211,-409.78890409131265,-435.17859127911186,1.0,-194.65573178111228,-184.37733075333546,-280.21955788254104
2018-07-24,1901,2017-07-25,2018-07-24,252,167,-1829.5588825989316,-1805.6049636526423,-3153.426775321715,-3624.2067685537672,-3790.7578135552335,0.9976345357776464,-1092.915294870906,-1235.7161936686548,-2180.71664217647,-51.29373519854003,-43.837474023316446,-96.56281560785385,-117.16773805903092,-125.98697589660583,1.0,-49.4408221483089,-48.89800472210563,-64.47173051948243
2018-07-25,1902,2017-07-26,2018-07-25,252,167,-1826.4393197026698,-1798.6399161360407,-3169.1513501659488,-3645.34488474267,-3783.399918738888,0.9976345357776464,-1114.3351877991,-1239.4998332571884,-2203.3556080521475,-209.82788627848439,-193.37790787078234,-337.6938173352807,-375.74479728742364,-399.7434908511355,1.0,-190.71587787625697,-179.2701352444818,-270.9731940138203
2018-07-26,1903,2017-07-27,2018-07-26,252,167,-1822.7076977605045,-1787.4067073118667,-3150.684262992159,-3623.6680909130228,-3767.751561067686,0.997043169722058,-1124.9007385489074,-1262.392820443872,-2217.500596262149,-33.40691059646319,-26.166084441693414,-72.99088841219563,-91.3073938013057,-97.01460449710267,0.9745098039215686,-15.440018488836342,-10.64919760126508,-38.668349133068006
2018-07-27,1904,2017-07-28,2018-07-27,252,167,-1809.563679350302,-1778.5188929235387,-3134.721747863607,-3609.7496851348233,-3775.7151893127334,0.9982248520710059,-1114.9180024688746,-1241.6933243410297,-2135.110859019782,-51.93141515994017,-43.861653567110494,-99.35961955247966,-119.41182776460624,-127.06782273716362,1.0,-50.147741757007104,-50.20134986334036,-65.15067086135333
2018-07-30,1905,2017-07-31,2018-07-30,252,167,-1770.9906484581006,-1728.641625270269,-3058.8188448538394,-3589.2488963836313,-3717.2496947849177,0.9982279976373302,-1092.8732442487967,-1209.0600035173234,-2064.4785109292866,-62.761119800891315,-50.44459405417128,-127.61956058162833,-152.8594274286119,-168.54440050561985,0.9987333755541482,-56.440767647032345,-53.719865138798056,-85.60067287555906
2018-07-31,1906,2017-08-01,2018-07-31,252,167,-1759.8842439432485,-1712.4027609184434,-3046.2824919135332,-3603.083216627963,-3708.332793326713,0.9982279976373302,-1084.2900925131569,-1196.8669261992704,-2057.2466377338696,-51.62508090285263,-43.587900522759654,-95.40416084735719,-118.09655961326526,-126.56154403763773,1.0,-49.75262400088523,-49.546439520604885,-64.6696858286145
2018-08-01,1907,2017-08-02,2018-08-01,252,167,-1755.1402496004464,-1697.658573635466,-3068.917891057165,-3616.4482576124224,-3723.203974500878,0.99822695035461,-1075.5480417866684,-1161.761814232703,-2068.4875618007095,-33.59286989861113,-24.842315607337937,-75.39988229771535,-95.37932158570281,-98.31210400350986,0.9768339768339769,-16.171959666457983,-10.981737352847588,-39.21380985365967
2018-08-02,1908,2017-08-03,2018-08-02,252,167,-1723.2142651979113,-1670.8202257690134,-3036.3402204775157,-3499.9622205300275,-3671.7648659707593,0.9982238010657194,-1052.1545557696584,-1179.1363939289472,-2060.8196993759934,-63.395487345036656,-49.423595066820766,-131.30598609670594,-161.19951245489776,-176.75988217415428,0.9987317691819911,-56.27423972753104,-53.40374761185953,-81.05572674642296
2018-08-03,1909,2017-08-04,2018-08-03,252,167,-1717.7865532093574,-1666.9995622130696,-3002.0215903904636,-3482.4702670303745,-3653.8281206144793,0.9982227488151659,-1044.5413326744567,-1149.969876370795,-2062.0712113024065,-63.47957293291739,-49.95082218536361,-128.11781835788778,-166.55220534285687,-177.28955884396657,0.9987333755541482,-56.62029897329878,-54.731953071713555,-79.54773530208749
2018-08-06,1910,2017-08-07,2018-08-06,252,167,-1707.0556899462763,-1648.4105116559456,-3009.9955624227614,-3484.4101356253145,-3628.9200183559547,0.998221695317131,-1035.638923396679,-1090.1576965214374,-2074.002356257431,-207.77147897466367,-195.20230238409215,-329.643729145551,-371.04409626363713,-391.77808772690395,1.0,-189.6036793498415,-177.8486609191079,-274.12786549713803
2018-08-07,1911,2017-08-08,2018-08-07,252,167,-1708.9678968131136,-1642.230509252495,-2998.8165126126396,-3457.47436179175,-3617.5167286972687,0.9982227488151659,-1030.956827290731,-1084.073070620695,-2066.45552116642,-51.73332000517314,-43.950354810629506,-96.18071747684944,-115.86424045037248,-124.87851241049867,1.0,-49.95920732737434,-49.485757464355274,-64.99617687505008
2018-08-08,1912,2017-08-09,2018-08-08,252,167,-1713.91737696585,-1658.5646973449507,-2994.84296150862,-3460.330759581202,-3627.4150499909847,0.9982238010657194,-1036.912433783766,-1142.5682134988986,-2098.294601551618,-59.28458230869929,-46.7960214017099,-119.8752933192418,-150.0156256148428,-161.22700840477853,1.0,-52.881412383005966,-50.601443847836634,-79.2945060952148
2018-08-09,1913,2017-08-10,2018-08-09,252,167,-1712.1687694309874,-1652.830838027552,-3023.536593309103,-3472.0693265153186,-3652.6792506538623,0.9982238010657194,-1045.7159080910726,-1125.4379121360082,-2059.276842038966,-61.03612689560167,-47.325760917169475,-123.17268985532777,-162.30739196395652,-170.63302109034493,0.9987357774968394,-54.40050877916405,-51.826775299054475,-83.15863493412407
2018-08-10,1914,2017-08-11,2018-08-10,252,167,-1696.9535127545498,-1639.9317474651473,-3009.0750523012566,-3490.0105562174153,-3625.37482375844,0.9982238010657194,-1031.823360174126,-1124.1265390682186,-2071.4636659240086,-214.95162074188778,-192.832157423829,-350.7364123334824,-409.9575788088787,-432.4575158166657,1.0,-195.76803419188892,-184.58673897012036,-274.0889543125018
2018-08-13,1915,2017-08-14,2018-08-13,252,167,-1710.4196181522836,-1646.3208279083995,-3021.3020174405656,-3497.9213805017707,-3659.87975109863,0.9982227488151659,-1045.042373748821,-1147.293665007183,-2099.3592670604776,-51.736544222522575,-44.34899914141651,-93.66613720785548,-117.13038085432484,-125.29237478248079,1.0,-49.92119740434222,-49.34006840580165,-65.48038460450962
2018-08-14,1916,2017-08-15,2018-08-14,252,167,-1703.4028277704067,-1634.095128087074,-3024.147970383561,-3507.499781888341,-3667.854565547503,0.9982227488151659,-1046.0946692242385,-1143.0851402812873,-2074.8061937121033,-64.03056026123537,-49.339273156369416,-134.04330633306577,-166.74083928438947,-180.99307887360325,0.9987293519695044,-57.00872641085422,-52.10235162834845,-82.00965087394775
2018-08-15,1917,2017-08-16,2018-08-15,252,167,-1704.1496712466535,-1646.7625855196088,-3009.5207127033773,-3488.949986599774,-3641.3184192071963,0.9982227488151659,-1054.4108046233218,-1134.582601875588,-2081.2887918197744,-217.7003934324088,-200.9076367799421,-352.33663101277136,-409.05767372211096,-428.66382873890717,1.0,-197.70320104832362,-190.5052939241906,-280.0133958344334
2018-08-16,1918,2017-08-17,2018-08-16,252,167,-1697.35482810599,-1636.6373800143128,-2979.762325984667,-3434.3354874825695,-3609.1747320464624,0.9982227488151659,-1052.1913474589721,-1127.0493612143835,-2117.395730740803,-51.357407815285185,-43.89171462358385,-93.65414887009659,-116.74802831627085,-123.86493656595204,1.0,-49.657434012200184,-49.44868199245985,-64.3888737878924
2018-08-17,1919,2017-08-18,2018-08-17,252,167,-1683.7531570912356,-1624.2762276444685,-2977.157687864166,-3475.7004618067012,-3620.7268438298806,0.998814463544754,-1048.9032326335098,-1137.99392968004,-2017.8749664249235,-33.437089591603694,-23.729532539160953,-81.74573834583393,-105.1947974440543,-109.41659958577404,0.9816700610997964,-15.703857050450392,-9.887653262678583,-35.98659270066657
2018-08-20,1920,2017-08-21,2018-08-20,252,167,-1682.3049777194165,-1623.6211249954197,-2968.910120896011,-3456.3089489998733,-3615.6841329943923,0.998814463544754,-1049.6142254373972,-1145.2463329793186,-2040.123324498008,-51.82525529977791,-43.7164647907928,-94.15781452059765,-120.03671901023216,-126.73010202349263,1.0,-50.00024229963457,-49.869652294642144,-64.34652810301496
2018-08-21,1921,2017-08-22,2018-08-21,252,167,-1673.1471452979258,-1608.9829702073716,-2952.637427948694,-3446.0987502820117,-3598.105649760983,0.9988137603795967,-1050.57927840413,-1129.9619059091733,-2056.8464035622774,-51.70176071139154,-43.33958444495268,-94.90644719792888,-116.9597077525058,-126.02998277763491,1.0,-49.954740832116215,-49.862329371868356,-64.1172892459315
2018-08-22,1922,2017-08-23,2018-08-22,252,167,-1642.3538418990543,-1579.6625757203342,-2890.4345480873035,-3407.7751683594506,-3536.584952723863,0.9988137603795967,-1025.2410223977838,-1079.4386353706848,-2006.093708122458,-217.19738938177179,-196.04423976168854,-355.5131754168064,-404.9233880451209,-424.39769377197507,1.0,-197.094766821424,-184.38708042165786,-271.8320934401394
2018-08-23,1923,2017-08-24,2018-08-23,252,167,-1654.6232740738844,-1595.1667702322711,-2925.3904409894335,-3417.8112046486194,-3556.793523744676,0.9988137603795967,-1033.8014961946765,-1084.0369950819556,-2017.8434758069197,-51.83718683686661,-43.94302740370006,-92.58143434174765,-117.54330777565744,-126.76588524703456,1.0,-50.111074194673606,-50.25285166558484,-64.67000385680315
2018-08-24,1924,2017-08-25,2018-08-24,252,167,-1652.629157706682,-1590.3551432185693,-2922.844897758386,-3380.091524990068,-3537.3928922042937,0.9988137603795967,-1040.0826694631223,-1087.90954735307,-2008.9789469276495,-216.2332879800095,-203.42046750228752,-349.9758528896906,-401.61781641893805,-415.0859148735419,1.0,-196.29649013531744,-184.43600736861663,-293.5174119209264
2018-08-27,1925,2017-08-28,2018-08-27,252,167,-1668.6868279011182,-1614.7011019431195,-2917.4778030896996,-3397.737820494857,-3559.825102605162,0.998220640569395,-1031.478941290887,-1088.3201235770707,-2003.0847901774412,-32.97947782513417,-25.29079624696606,-73.90550899713429,-96.01465298396512,-99.80776913057939,0.9820717131474104,-15.72082173950816,-11.441317453640654,-37.69355107066967
2018-08-28,1926,2017-08-29,2018-08-28,252,167,-1671.1323584261224,-1628.641839099605,-2954.5645360055346,-3425.690050851664,-3570.4395601786055,0.998221695317131,-1036.4949509759963,-1121.0691105195694,-2032.5150001334298,-51.763762479649564,-43.65503280734515,-95.04676861949605,-120.2224842075905,-127.03120569547164,1.0,-50.003322891780414,-49.78473325642976,-64.18898603011675
2018-08-29,1927,2017-08-30,2018-08-29,252,167,-1657.0274458575805,-1604.206811797766,-2927.708555760872,-3412.6081108360786,-3545.9718706086596,0.998220640569395,-1021.1730584971924,-1086.9163630336893,-2008.4599188495042,-51.830415332918875,-44.171778581720744,-95.64559087247098,-119.02684289838943,-126.18812360369587,1.0,-50.0610238027002,-49.46364713055813,-64.03182543513525
2018-08-30,1928,2017-08-31,2018-08-30,252,167,-1660.0340941044985,-1625.5573126476752,-2916.712554035474,-3377.9632652642103,-3523.792745737073,0.998220640569395,-1028.1660299121663,-1098.7951649196982,-2022.1017786089137,-39.877104475753455,-26.97106664973329,-94.48669532956676,-113.53401282088826,-133.10531895745467,0.9801192842942346,-19.26430716916335,-12.963665078284077,-45.68813891043393
2018-08-31,1929,2017-09-01,2018-08-31,252,167,-1659.7336248050528,-1623.3811118709532,-2916.7733589869576,-3386.5872934233544,-3531.7766145035907,0.9988137603795967,-1025.8715326487436,-1100.7576621963547,-2014.7827145543974,-34.433113925054,-23.706092584858744,-79.58961461366454,-112.6173180018527,-117.36987128484537,0.9819277108433735,-16.21280516915209,-10.800750519326535,-38.13127496089432
2018-09-04,1930,2017-09-05,2018-09-04,252,167,-1662.9734929375625,-1619.9347826223927,-2935.616325195789,-3389.766671401206,-3526.2550663362276,0.998220640569395,-1025.5328803079046,-1108.5915207453088,-2036.3578754759742,-62.96670033857254,-50.07390688690824,-126.71723103793205,-163.9940311317355,-175.66561838809685,0.9993690851735015,-56.41202542286893,-53.43087245562061,-82.74029716720436
2018-09-05,1931,2017-09-06,2018-09-05,252,167,-1611.4423564118006,-1553.8296899001805,-2854.1574006469245,-3327.4627760988437,-3465.70156172504,0.998814463544754,-990.6485803115635,-1057.1768655170993,-1903.109888022486,-51.77330224163046,-44.41025373904388,-96.05750616561826,-116.64915107960961,-125.47886707920892,1.0,-50.07502663554225,-49.839101485731014,-62.98027732532802
2018-09-06,1932,2017-09-07,2018-09-06,252,167,-1614.182258135561,-1545.7176555446504,-2854.9368325322007,-3355.418196246738,-3488.6352212594506,0.998814463544754,-1005.6963928027203,-1073.1592487113164,-1879.2613472726796,-31.94031335203969,-24.87151941051428,-71.27228429690791,-88.82765045732882,-94.6261919155391,0.9755600814663951,-15.330933302540744,-11.476747375769312,-35.46317359203747
2018-09-07,1933,2017-09-08,2018-09-07,252,167,-1632.7712602892418,-1574.483953046383,-2875.7852391356278,-3385.818455059006,-3503.100633425787,0.998221695317131,-1005.6512972495866,-1082.8924401895483,-1955.5027942882161,-219.8278770442663,-206.81803164030106,-356.93182205564716,-407.64515061387345,-425.6827573704748,1.0,-198.59043022753278,-186.93448581937713,-296.4082062875888
2018-09-10,1934,2017-09-11,2018-09-10,252,167,-1641.210583065198,-1571.3652607840315,-2892.3584165962543,-3369.946706529919,-3513.301815296951,0.998221695317131,-1002.5329482887133,-1076.6817714875176,-1976.9552880967233,-51.78547315596877,-44.28169434315234,-96.99748684354707,-118.68858258028908,-125.38486646519927,1.0,-50.03030755333665,-49.45390937997165,-63.865477125994445
2018-09-11,1935,2017-09-12,2018-09-11,252,167,-1638.682392236893,-1571.2823212806647,-2859.89893124122,-3333.2781498401664,-3483.0020586773167,0.9982227488151659,-1004.2961170688402,-1085.5514484916448,-1960.1395531713456,-51.62702395588126,-44.28946691994721,-96.63997115874768,-115.9760090170845,-124.58151070720655,1.0,-49.80837209404112,-48.931214159490025,-64.48654688874159
2018-09-12,1936,2017-09-13,2018-09-12,252,167,-1639.0365054728125,-1573.2138782955444,-2887.0477534746387,-3318.116952130454,-3478.897401802657,0.998221695317131,-1008.0679172252048,-1138.5579606766723,-1964.1469635196709,-59.161689183422375,-47.254828739007706,-117.39144608845396,-151.96594990851483,-161.40527402346393,1.0,-53.08484370685972,-49.92723195784052,-79.55104670806809
2018-09-13,1937,2017-09-14,2018-09-13,252,167,-1641.1369720571547,-1583.9832892913118,-2887.651524099278,-3283.5206683619085,-3463.138008809663,0.9988137603795967,-1002.9506728290315,-1113.8803616811267,-2019.3795021212843,-51.130484175580186,-44.04242371130902,-92.8183816647344,-113.97222076584484,-122.43729027523162,1.0,-49.46426618401357,-48.584195805831506,-63.40227804014084
2018-09-14,1938,2017-09-15,2018-09-14,252,167,-1634.79496190022,-1584.1812589758854,-2887.0493511653467,-3309.170913671126,-3455.1557014045147,0.9988137603795967,-987.0169970524887,-1079.8561723457726,-1946.3974860567082,-227.9233939052346,-214.28727704552665,-376.6436248793732,-423.9129763930218,-443.56821190197354,1.0,-202.50192170505943,-186.5692147677106,-317.43566435667145
2018-09-17,1939,2017-09-18,2018-09-17,252,167,-1639.8880805600606,-1567.7728812416572,-2895.0823037724376,-3314.027179711232,-3475.32848212678,0.9994065281899109,-1000.1282073397253,-1071.1965233689025,-1939.5434500986926,-31.507051816323393,-23.583795730734174,-70.51505115709742,-90.80202642040209,-94.62180060463047,0.9817444219066938,-14.714132942664707,-9.130855503156914,-33.99882674179196
2018-09-18,1940,2017-09-19,2018-09-18,252,167,-1627.7579039025563,-1560.9345084302693,-2887.9547511751953,-3341.493406451413,-3488.3492622738854,0.9994065281899109,-991.2594849392902,-1056.5642793003312,-1860.8385840997628,-51.15948491957524,-43.734427140719404,-91.81627727766023,-115.20876619443584,-122.9868460149782,1.0,-49.5729751363665,-49.38838790868624,-63.54302210013874
2018-09-19,1941,2017-09-20,2018-09-19,252,167,-1606.9815666152945,-1557.021088597858,-2822.243789961638,-3240.304129050011,-3408.9696797756974,0.998812351543943,-976.7552044958811,-1044.0041060502872,-1867.3878702269128,-59.49705321850985,-47.35123746788266,-120.05334376962472,-155.5462026507357,-163.53478031417606,1.0,-53.3529580866734,-50.27395748058718,-80.25145300984964
2018-09-20,1942,2017-09-21,2018-09-20,252,167,-1618.7624925253567,-1546.9643233135198,-2841.7125700932615,-3288.578200213076,-3445.944150580307,0.9994061757719715,-984.7294444077943,-1054.5230455558237,-1874.4935368115976,-51.54689854966608,-44.73215242962651,-94.99960382448995,-116.89626543320595,-123.8414715497497,1.0,-49.984359102965016,-49.4605050956701,-64.37039225025461
2018-09-21,1943,2017-09-22,2018-09-21,252,167,-1624.5450897393462,-1550.598946868143,-2858.5246140707004,-3284.3622295521295,-3458.7434855532556,0.9994061757719715,-985.4757135654273,-1087.9971868505877,-1876.1521031843952,-242.7688508568795,-218.9713834887438,-417.8483275962948,-481.81162838143854,-506.6093008069274,1.0,-212.4685430725,-198.14717269180892,-318.4556756261604
2018-09-24,1944,2017-09-25,2018-09-24,252,167,-1607.3263699872941,-1553.1173074035999,-2837.3501996460777,-3270.7320076500946,-3401.7486243933454,0.9982185273159145,-977.3463037031484,-1050.927957414812,-1916.2581447300222,-65.06816607956374,-51.040745058622264,-132.6179194536641,-170.4105826342772,-187.16582285173524,0.9987220447284345,-58.00900084570392,-55.34955622129788,-85.63455484078612
2018-09-25,1945,2017-09-26,2018-09-25,252,167,-1613.1830882946906,-1575.5684061608122,-2834.064624189237,-3213.7900688869454,-3377.466898391817,0.9982185273159145,-983.2515677781474,-1054.090943678554,-1903.6797619820177,-246.6230902105506,-219.65059663053677,-429.6573610222821,-506.3609487486338,-537.696233351955,1.0,-214.1264638929074,-201.94339206375932,-335.00036484488703
2018-09-26,1946,2017-09-27,2018-09-26,252,167,-1611.0174491670584,-1575.816366005832,-2844.2801852199204,-3230.6904947562666,-3386.5265543196606,0.9982195845697329,-985.5213043262232,-1083.7498549895977,-1874.7486451461289,-51.17135967106229,-43.843364917485744,-93.27115408662799,-112.9390979510802,-121.63290641939133,1.0,-49.663876610449954,-49.07102507916233,-63.27950373147692
2018-09-27,1947,2017-09-28,2018-09-27,252,167,-1613.1152683925973,-1579.196402505879,-2829.926154585797,-3208.097757114469,-3363.547619096037,0.998812351543943,-983.6429904086857,-1034.2727869461658,-1859.6448977775792,-51.31579104673257,-44.001940602150256,-92.73731779884064,-112.86956395119108,-122.23464810322437,1.0,-49.808795160782935,-48.794725324448756,-63.45425083607721
2018-09-28,1948,2017-09-29,2018-09-28,252,167,-1629.1232753330814,-1592.1999632321215,-2827.809697790786,-3264.32598512048,-3395.0419856930707,0.998220640569395,-992.5543453540349,-1038.2682049878997,-1912.801416453498,-51.12156382524173,-43.706355789895774,-92.25055449541128,-114.83891118784156,-121.91502545282643,1.0,-49.5364031893382,-49.447637832206574,-63.83913097885803
2018-10-01,1949,2017-10-02,2018-10-01,252,167,-1626.7832291866082,-1579.6185218856008,-2843.0841409218833,-3272.4105921128753,-3394.9031532511954,0.998221695317131,-991.350107920873,-1056.5406011513794,-1903.438294505056,-65.18033391596124,-53.18603714389289,-129.45021374572372,-162.08822964134166,-176.59802309119885,0.9987468671679198,-59.122547476704526,-56.79232849777147,-87.46081496888476
2018-10-02,1950,2017-10-03,2018-10-02,252,167,-1633.0843045118022,-1587.8108582645207,-2834.497412777892,-3287.0279759733507,-3413.4798355601984,0.997628927089508,-995.3099238214548,-1095.9076075210396,-1898.3471658580095,-51.051101786736474,-44.201109300713156,-93.11236449055302,-111.62892838276976,-120.91812802484401,1.0,-49.51351869261652,-48.69677676652064,-63.73947350047203
2018-10-03,1951,2017-10-04,2018-10-03,252,167,-1612.0588827152826,-1561.672815377627,-2812.5515616161783,-3243.9693351048254,-3367.860394348225,0.997628927089508,-982.8538057229133,-1072.2123460582368,-1875.875859048372,-50.746133834584896,-43.581115033671615,-92.70162590925412,-111.36794259421265,-120.02202973641009,1.0,-49.24331455971441,-48.481921195646585,-62.75723890478243
2018-10-04,1952,2017-10-05,2018-10-04,252,167,-1589.0685620448196,-1545.2684181327834,-2777.5655478559174,-3211.4000482429446,-3348.9476253685725,0.998220640569395,-964.2197833675037,-1029.9398216785758,-1863.290464077089,-50.688591035124205,-43.730136897153336,-91.0896254037934,-111.27474878406447,-119.55437584313285,1.0,-49.15912683047101,-48.628229101191245,-62.50002097393328
2018-10-05,1953,2017-10-06,2018-10-05,252,167,-1605.00304582004,-1553.3655356240351,-2836.3055551963953,-3240.567215041688,-3394.0792125384473,0.998221695317131,-972.2748937481296,-1052.139851981214,-1885.5053315759708,-63.347594218766595,-51.1244920194867,-128.62526070998152,-161.37623204240424,-172.8423499978462,1.0,-57.498414853727866,-53.80491815237711,-86.71959014559279
2018-10-08,1954,2017-10-09,2018-10-08,252,167,-1596.035539372985,-1539.7131683111975,-2835.5921067003464,-3243.565363772799,-3386.114703122364,0.998220640569395,-969.5803483841228,-1046.7592218309437,-1880.233363321202,-64.2629633477334,-50.93080648739109,-132.46474547055163,-171.65281488576812,-181.17211139620412,0.9993738259236068,-58.36263692816414,-53.659569114100506,-86.1590048849587
2018-10-09,1955,2017-10-10,2018-10-09,252,167,-1564.1548701443132,-1523.4538790612612,-2779.773150783087,-3166.6640786136327,-3322.524038218671,0.9982185273159145,-953.8279450019246,-1036.0213374668208,-1846.6664589729273,-50.8107822037552,-43.579545106253036,-93.08436162622276,-112.41989639092844,-120.31471266364625,1.0,-49.23815861996584,-48.44036160960839,-63.177689230644994
2018-10-10,1956,2017-10-11,2018-10-10,252,167,-1641.4740268745222,-1589.2312811302093,-2926.828987622026,-3331.7483001344717,-3467.556488367587,0.998814463544754,-1010.7379023219024,-1104.0854065729368,-1919.8235810874053,-50.71242564713401,-43.26857252995627,-92.95465297765209,-113.3822096184703,-120.53642898355741,1.0,-49.27953146757485,-48.79858124591718,-63.007181975293875
2018-10-11,1957,2017-10-12,2018-10-11,252,167,-1688.590436389511,-1647.0256276056707,-2993.0515942524326,-3419.6013148060692,-3589.0685716746966,0.9988137603795967,-1048.4635182206612,-1147.7988025211555,-1946.831976926389,-34.972538206224144,-27.497011396834147,-75.34323526468087,-94.87718915710433,-102.91822226067438,0.9892280071813285,-17.7086033034299,-16.123368911005947,-39.237575868031925
2018-10-12,1958,2017-10-13,2018-10-12,252,167,-1669.2223508772693,-1640.572041254105,-2966.405232940281,-3375.7685724604908,-3528.158629869982,0.9994068801897983,-1040.1584757599478,-1124.0989658456115,-1934.1653804717846,-51.065393044112874,-43.28679146159435,-93.83802863645836,-115.41894434245289,-121.52505135622161,1.0,-49.55393478970469,-48.34033513604626,-64.60323273930433
2018-10-15,1959,2017-10-16,2018-10-15,252,167,-1660.8022992185645,-1627.6543591232007,-2923.200270560807,-3337.2137649778424,-3495.3733726673263,0.9994068801897983,-1037.3324521426944,-1124.604755546936,-1997.9629669272806,-63.930659187358266,-51.81466853217834,-127.25867733944594,-168.5054528711393,-175.4832001752529,0.9993781094527363,-58.40694492265915,-54.86221984344198,-84.72248054779855
2018-10-16,1960,2017-10-17,2018-10-16,252,167,-1673.789158686834,-1634.535708899067,-2954.1716618923806,-3361.3126760474534,-3523.578958478748,0.999407231772377,-1038.8043148700676,-1110.3525808673146,-2050.676447948935,-50.80218162159738,-43.607890220374586,-91.86139079821712,-112.91326016310127,-119.91720532177368,1.0,-49.33658865481793,-47.8170118005855,-63.04549494537287
2018-10-17,1961,2017-10-18,2018-10-17,252,167,-1660.213470101871,-1629.7781623877775,-2936.8978817455695,-3365.9229415193977,-3486.2175442935245,0.999407231772377,-1021.6675911053163,-1086.771983655047,-2045.3077216863896,-62.01481531084805,-51.619818064234565,-119.96285499076302,-155.42961316351955,-166.82733796763782,0.999383096853794,-56.78848355228708,-55.09364006043726,-80.23207091849365
2018-10-18,1962,2017-10-19,2018-10-18,252,167,-1696.5422812537204,-1659.013164755715,-2994.791608998675,-3427.166063037359,-3574.0796042814736,0.999407231772377,-1047.6690880499525,-1149.7197544631717,-2078.9755465460034,-40.054646212826015,-28.65470800827893,-93.08033160158284,-112.71347148914225,-121.80522559101601,0.9848484848484849,-20.418867720061726,-16.58500565477001,-40.87064584362077
2018-10-19,1963,2017-10-20,2018-10-19,252,167,-1666.061328610927,-1601.25408010855,-2953.6512309944787,-3407.530395609291,-3541.403109214618,0.999407231772377,-1029.6016794640486,-1125.7652445518797,-2017.8792057903436,-51.3434634071536,-43.84656057913983,-92.5407425539592,-114.23123988609827,-120.79111423049942,1.0,-49.86256739133141,-49.640309531220794,-63.61308129858233
2018-10-22,1964,2017-10-23,2018-10-22,252,167,-1649.3268799325062,-1598.117069886051,-2937.6968220577996,-3316.716800318704,-3474.825713450307,0.9994065281899109,-1013.3431490409647,-1104.2360028806277,-1904.6965679969965,-39.9910485784362,-29.332808860506265,-87.36977874850712,-114.7283276176706,-129.8942066174779,0.9881956155143339,-20.306030103240065,-19.688118517910546,-43.04088829381124
2018-10-23,1965,2017-10-24,2018-10-23,252,167,-1648.7964633889353,-1597.740479595228,-2937.0739586453096,-3349.8028359494897,-3484.9014553964944,0.9994068801897983,-1016.9306321158084,-1089.1562874182944,-1906.0309734056862,-51.65367798228295,-44.3693918006637,-92.59889442507574,-117.73225895416611,-122.51938377637296,1.0,-50.02490533444825,-48.89374717689776,-64.12530297454293
2018-10-24,1966,2017-10-25,2018-10-24,252,167,-1717.5803833015796,-1649.6612102152587,-3089.8954866449126,-3588.1325355152435,-3727.525749541518,0.998814463544754,-1065.9333558549597,-1142.5655728242114,-2014.039775441716,-51.676749815447366,-44.136352759010904,-93.97627993342162,-115.9977945860927,-121.71666907267463,1.0,-49.98096296794315,-48.89492597718096,-64.49551626692245
2018-10-25,1967,2017-10-26,2018-10-25,252,167,-1729.301925515708,-1675.143730616959,-3065.29337105832,-3452.467642048011,-3608.4319717616377,0.9988158673771462,-1066.4719506410433,-1150.2565474033051,-2061.8485798954157,-229.37701956820862,-212.47689655803757,-374.7218411077406,-441.93113173155365,-467.12409261459476,1.0,-204.0923862093353,-189.51746662476634,-299.58448745525754
2018-10-26,1968,2017-10-27,2018-10-26,252,167,-1727.2012585174782,-1666.6447638846994,-3092.7511340020765,-3501.880178995505,-3649.19251359049,0.9994075829383886,-1059.605900958942,-1168.4553605764906,-2062.2831692102636,-67.00380022390357,-53.103310693106806,-133.773590919567,-174.13041930755912,-193.16345446827248,0.9975216852540273,-60.876267775159626,-57.272643760875525,-87.95744852168214
2018-10-29,1969,2017-10-30,2018-10-29,252,167,-1734.4914807759692,-1668.846303502003,-3118.735417236404,-3562.6614092378277,-3687.6685263669565,0.9982227488151659,-1072.201014086147,-1163.3691560411808,-2093.5248387036636,-61.9870930332774,-49.53045759281226,-119.80138313159286,-152.10725953057147,-172.00845296565276,1.0,-56.52216254301716,-55.41317507529343,-77.73829212094209
2018-10-30,1970,2017-10-31,2018-10-30,252,167,-1726.389160795511,-1663.2361966985866,-3077.914908278745,-3515.677313399367,-3645.4610322960843,0.9982238010657194,-1067.176129658208,-1156.6782812528872,-2033.2946965934207,-51.934438044383775,-43.89171768526893,-93.63791905267098,-116.70581333883158,-124.63280645110898,1.0,-50.328530997917845,-49.6321466930656,-66.36655768368833
2018-10-31,1971,2017-11-01,2018-10-31,252,167,-1739.5827449120684,-1664.4227236059057,-3143.5113717520767,-3607.0538306283333,-3732.646987881143,0.9976303317535545,-1086.4135016449484,-1182.543007620352,-2037.3236027849257,-51.574926442767726,-44.70149581039027,-92.31326636499017,-114.24860667218411,-123.25029941355787,1.0,-50.173867879075566,-50.409259086842134,-65.0138854306269
2018-11-01,1972,2017-11-02,2018-11-01,252,167,-1715.6184543744387,-1635.818652479724,-3054.1203312172183,-3546.8331861637744,-3666.193131276241,0.9976303317535545,-1083.7368220242379,-1142.2441133120649,-2010.8473175414492,-64.54129881786366,-52.38182856209868,-125.21572215472834,-161.43410982124465,-173.4781427863633,0.9987900786448881,-59.36532342702789,-56.64716775732237,-83.89106850286838
2018-11-02,1973,2017-11-03,2018-11-02,252,167,-1722.9809755830518,-1644.2617711187893,-3116.716027277809,-3560.709641670234,-3682.5352819972154,0.9982227488151659,-1099.9949739825124,-1164.8331454602119,-2062.010040256247,-51.20928808265786,-43.13888333508551,-95.21944373791034,-110.72712900544994,-121.39347014423336,1.0,-49.704084894908554,-48.83533478946127,-64.23898328755034
2018-11-05,1974,2017-11-06,2018-11-05,252,167,-1710.6618996461398,-1648.7699800792348,-3070.4206730724077,-3530.855914756469,-3643.834326632427,0.9988158673771462,-1095.938520846719,-1168.7569025522762,-2053.724155832989,-50.74574700593352,-43.098946137781056,-92.04606324266493,-112.6071769607395,-119.40238777827959,1.0,-49.33847836497587,-48.542012577774905,-63.053175705272956
2018-11-06,1975,2017-11-07,2018-11-06,252,167,-1725.8977817030718,-1659.9839746009843,-3101.785694691439,-3572.3913455164434,-3668.0520190550023,0.998814463544754,-1100.6675783969968,-1163.1306699289858,-2056.0249865083365,-225.82256669222508,-204.43492020624626,-385.2874061354554,-442.0674810087287,-457.91198934874586,1.0,-202.1657447032233,-189.23135088252073,-289.94739660307187
2018-11-07,1976,2017-11-08,2018-11-07,252,167,-1741.9060085472888,-1690.7970052568476,-3113.1782940792577,-3615.8138265829916,-3719.3873517956135,0.9976275207591934,-1103.5346773938527,-1186.7670756491339,-2085.0613090712172,-69.40558966141889,-54.05361086307187,-128.53450260891745,-163.06339181885218,-214.30117552457466,0.9987730061349693,-66.35182396001741,-62.85395384320822,-89.58433064813194
2018-11-08,1977,2017-11-09,2018-11-08,252,167,-1726.2401073853157,-1675.3087837331354,-3085.9199753808502,-3560.5292256705,-3688.296429912256,0.9976275207591934,-1093.0698277114934,-1176.9378656876866,-2012.896294146573,-218.72610996310874,-205.03014069963314,-353.49404983423875,-408.79357088845387,-422.370224650657,1.0,-197.68936774824454,-176.77648944853524,-291.40951767055924
2018-11-09,1978,2017-11-10,2018-11-09,252,167,-1749.6751923006084,-1670.7953141687492,-3149.575961400225,-3621.6745291282436,-3740.273104158908,0.997628927089508,-1103.7501666428086,-1172.3122603001605,-2013.4839087389787,-64.25661001341167,-50.87716024562553,-124.09087563521979,-158.24804272801106,-179.75364008714033,0.9987507807620237,-58.69793237317756,-54.90174635025473,-87.77454121025956
2018-11-12,1979,2017-11-13,2018-11-12,252,167,-1792.4587209294996,-1712.7689563692188,-3239.9457599436137,-3674.856721086401,-3832.2097017112883,0.9976317347542925,-1135.3869958807215,-1211.4939049249572,-2157.927678427392,-60.558025699852394,-49.231402468651105,-121.35743835294113,-144.78618661524808,-156.43376834296393,0.998755444928438,-56.09500201581486,-52.822134848824525,-79.95458208163436
2018-11-13,1980,2017-11-14,2018-11-13,252,167,-1794.0179512469354,-1714.747380045959,-3227.4092972182775,-3655.022276743242,-3825.6153297798032,0.9976303317535545,-1133.6521119198926,-1209.8445589215708,-2177.162853939523,-50.58914076518215,-43.303270487419226,-89.25642325438218,-110.83784485462793,-119.2167342306165,1.0,-49.16330209614202,-48.62142612220962,-62.07967935880538
2018-11-14,1981,2017-11-15,2018-11-14,252,167,-1792.0997323300792,-1697.738685233783,-3241.3096731424457,-3664.8196140488963,-3828.744033176966,0.9970379146919431,-1127.2395276467146,-1217.084686964417,-2131.5470809394087,-223.30805608499443,-202.55989186457808,-376.45849443842343,-428.00404482732324,-443.36412877344907,1.0,-200.6057969817427,-184.24162623805742,-297.1724802949781
2018-11-15,1982,2017-11-16,2018-11-15,252,167,-1798.136413775029,-1711.1016602169439,-3229.9481889879235,-3648.821369162255,-3823.2089595080038,0.9970379146919431,-1126.255319852146,-1215.3155285959235,-2135.663899200048,-50.70268038839397,-43.438018819341465,-89.84044459784725,-111.24402930363297,-118.8903589738243,1.0,-49.28323393280743,-48.864117319269035,-62.555648154151896
2018-11-16,1983,2017-11-17,2018-11-16,252,167,-1782.3519761058324,-1665.0969915463074,-3211.8767459236406,-3647.793955912461,-3812.8679401027816,0.9970344009489917,-1122.6298803427724,-1198.908671006584,-2063.837544784068,-66.41849727651137,-52.76441746198866,-132.5167357168912,-170.84601585299407,-187.50136328878585,0.9987871437234688,-61.362558920270374,-56.994241114077795,-90.19834790520686
2018-11-19,1984,2017-11-20,2018-11-19,252,167,-1791.610752837377,-1682.5515899079664,-3222.640379133674,-3657.780188261349,-3848.584550633982,0.9970379146919431,-1137.393826891276,-1227.025934704614,-2133.7449519077422,-230.45224037924237,-209.92760924995758,-379.02171711522215,-468.8422059426415,-491.58922943937915,1.0,-205.05548806004032,-190.33015547997837,-317.22550174969746
2018-11-20,1985,2017-11-21,2018-11-20,252,167,-1780.7013288128514,-1665.9158538805955,-3189.935629910374,-3638.925384124654,-3813.924663851499,0.9976303317535545,-1132.528279122128,-1158.2190583683002,-2047.0059592810164,-232.21807878740546,-208.9889684723562,-387.3278213897571,-475.35163425616173,-509.0202986376994,1.0,-205.36469238831145,-190.9896368409712,-306.32310784470206
2018-11-21,1986,2017-11-22,2018-11-21,252,167,-1794.7636760972937,-1684.6488328713617,-3209.8457642538724,-3718.8043362075605,-3861.237862383758,0.9976303317535545,-1146.5142654801703,-1182.8825051113226,-2088.249610987714,-226.49683602651749,-207.10031664006127,-386.0315057570062,-452.81948006771705,-469.97074106049183,1.0,-202.1293636910655,-191.597222497394,-305.70971617215247
2018-11-23,1987,2017-11-24,2018-11-23,252,167,-1788.3189733995564,-1672.4118805487944,-3197.2860361451035,-3705.072584721525,-3855.759508754752,0.997036158861885,-1131.3791339554848,-1172.9516663094353,-2062.5534918294516,-224.94399031570143,-207.90258085628483,-371.80373134769815,-430.73637313938553,-452.76209331074995,1.0,-201.0172347672376,-193.13758777077064,-302.29788130370264
2018-11-26,1988,2017-11-27,2018-11-26,252,167,-1815.616574861734,-1675.7693457625223,-3268.934226365184,-3746.3780189491226,-3901.441908066208,0.9976303317535545,-1155.5025619525843,-1187.1122027388308,-2079.49153821116,-228.6826262744027,-210.1281261776865,-378.70472677159125,-446.0588684510925,-464.77195166271986,1.0,-203.44822051274159,-188.42572196971614,-293.642774716858
2018-11-27,1989,2017-11-28,2018-11-27,252,167,-1800.7637815224152,-1672.7321340690276,-3222.1276179546057,-3711.5432509539637,-3875.703150980067,0.996443390634262,-1130.167782233754,-1203.626839887762,-2064.081833408513,-50.49384351037892,-43.191656282063164,-89.59256920175577,-112.58172216360204,-118.49605858809588,1.0,-49.054513909137334,-48.7971865466791,-63.09010280292329
2018-11-28,1990,2017-11-29,2018-11-28,252,167,-1829.752764611607,-1729.4091776251448,-3278.57725875349,-3759.440040039923,-3914.5191249764366,0.996443390634262,-1150.8931536601838,-1182.5769794121338,-2129.6094529865954,-50.026290072248756,-43.097515251295235,-88.22121969210507,-109.61274458441085,-116.00085427595637,1.0,-48.66409022551953,-47.963880432628564,-61.86075463139792
2018-11-29,1991,2017-11-30,2018-11-29,252,167,-1863.243748530935,-1774.6569686467824,-3294.880970846191,-3834.1279992326986,-3967.931443558876,0.996443390634262,-1172.1703956807037,-1208.1794969772097,-2144.9084126291596,-50.0694027738474,-43.81797934350658,-87.41263061560296,-108.96738667999078,-116.26709879156208,1.0,-48.69669021882335,-48.194627093018454,-62.02376890818904
2018-11-30,1992,2017-12-01,2018-11-30,252,167,-1854.2975969080642,-1780.0513422376157,-3263.970363188616,-3822.201350393751,-3945.730734620498,0.9970379146919431,-1154.9853765596654,-1189.2396828259102,-2211.7651810433213,-224.1984888792006,-200.1094561477898,-383.675556107178,-462.63164399489216,-486.8010117207479,1.0,-199.4406443618199,-180.92388628852154,-292.5190702103592
2018-12-03,1993,2017-12-04,2018-12-03,252,167,-1860.7726867282759,-1783.6688181168208,-3265.9074018621172,-3824.4153276000325,-3940.6645390723934,0.997036158861885,-1163.5846184594038,-1221.775213503435,-2226.6464140135386,-227.05804248316838,-205.74347843297647,-386.0913557773756,-456.35654991019436,-481.17162355548714,1.0,-201.5903206462156,-184.1063668909873,-301.97252391814266
2018-12-04,1994,2017-12-05,2018-12-04,252,167,-2046.2001777861972,-2014.2401548112725,-3580.3671667735994,-4116.680934573026,-4245.244522659413,0.9964601769911504,-1300.2477579471683,-1331.3105684505242,-2496.8658112344083,-58.0633437831107,-48.881026141172235,-109.9855785144283,-138.7023453585414,-146.82469853070842,1.0,-53.663555074459936,-51.6369298614567,-77.83337557980369
2018-12-06,1995,2017-12-06,2018-12-06,252,167,-2040.1773179091256,-2027.1050390679668,-3573.4179299663792,-4063.3291062881494,-4212.128777383715,0.9958702064896755,-1275.1270850305773,-1316.7374961290066,-2477.8451327540224,-58.51928765569265,-49.54756370274694,-115.46782536583603,-135.9591898496442,-147.46443445675263,1.0,-54.1913986894498,-52.323337180748894,-77.16127011576272
2018-12-07,1996,2017-12-07,2018-12-07,252,167,-2084.7207545494553,-2056.1888608198183,-3607.419867448193,-4157.953441381766,-4306.788869574296,0.995872641509434,-1304.0706849875764,-1368.9960482735648,-2551.9753379012823,-51.156502016442815,-43.37939917811248,-93.11818765772284,-114.87535463105517,-121.07700256509604,1.0,-49.64336608300584,-49.0503881281014,-64.20343184535437
2018-12-10,1997,2017-12-08,2018-12-10,252,167,-2066.049416064259,-2049.527593132021,-3561.32654067915,-4103.1787322206055,-4247.47949434239,0.9964622641509434,-1303.0106142496377,-1337.7571662764792,-2542.8650092759185,-56.787818606100764,-48.00936164401064,-106.73815192694414,-129.26120857987397,-140.87124885947344,1.0,-52.615939805238725,-50.56309535647458,-73.86184770509482
2018-12-11,1998,2017-12-11,2018-12-11,252,167,-2053.259301235082,-2032.4463538220168,-3566.3876628115077,-4087.5115653471494,-4210.14647535153,0.9964622641509434,-1283.6543663204386,-1332.2701162911585,-2518.2684966149222,-57.055314523483325,-48.65158762347056,-108.77739539451409,-131.43852397234153,-141.48057066948962,1.0,-52.964287555550875,-50.60217699580563,-74.86044791884576
2018-12-12,1999,2017-12-12,2018-12-12,252,167,-2055.265965705948,-2033.0153803216535,-3565.318772597085,-4116.068153639481,-4214.806561453219,0.9964601769911504,-1282.1689390088834,-1343.5651475267864,-2520.5882476415677,-53.09921219016768,-38.7202772780911,-114.99559244071558,-149.01857375586417,-161.48134800286638,0.9912935323383084,-29.45373599987159,-23.731047892594773,-63.732888147477745
2018-12-13,2000,2017-12-13,2018-12-13,252,167,-2045.416848555034,-2019.4193150789017,-3515.731618653575,-4075.8549638438117,-4187.405367911044,0.9964601769911504,-1280.8599728439979,-1319.7621609748917,-2517.4381321564606,-51.39240369513485,-43.676563087890386,-93.29485433122318,-112.6201159726723,-121.33051631563359,1.0,-49.91139413237992,-49.54005562496646,-65.07554221372177
2018-12-14,2001,2017-12-14,2018-12-14,252,167,-2074.299785261666,-2046.2054883916812,-3572.496411871089,-4172.23003155613,-4269.194759336298,0.9976415094339622,-1336.4187237181345,-1382.9242550337667,-2505.715259642823,-56.88703460171498,-48.70681050198519,-107.36296246676682,-131.40736218537194,-140.64188338642276,1.0,-52.80153887298182,-51.221637506890126,-75.8402275292725
2018-12-17,2002,2017-12-15,2018-12-17,252,167,-2036.531565650443,-1998.3351247837109,-3541.8468932296555,-4123.981876998582,-4205.673503429049,0.9976415094339622,-1302.1543004315456,-1365.8149026186584,-2488.6826810370067,-57.664966344100925,-40.13002758938887,-130.90132401197843,-163.61645593668345,-181.0318033981235,0.9928571428571429,-32.42714392982172,-30.08126491741849,-69.29330516571875
2018-12-18,2003,2017-12-18,2018-12-18,252,167,-2018.6011089839053,-1996.5121625760817,-3500.8916589284986,-4085.6052884591377,-4172.315769916219,0.995872641509434,-1262.3721839821355,-1350.0121268002722,-2486.1837524163952,-56.21901475177075,-47.50791077562302,-106.44525272735122,-129.65422167329277,-138.51615292498295,1.0,-52.13141756325693,-49.378525124165186,-72.20644631295865
2018-12-19,2004,2017-12-19,2018-12-19,252,167,-2019.017381288057,-1981.8861922271476,-3472.763060174025,-4104.099959906379,-4183.120549731916,0.9964601769911504,-1270.6536162334942,-1309.1414503082228,-2460.511128570434,-50.590387135832856,-43.559707436245276,-91.96260616460646,-107.6250543912896,-116.3740447114641,1.0,-49.27293304966141,-48.38738566219226,-61.66770821406291
2018-12-20,2005,2017-12-20,2018-12-20,252,167,-2050.121136240388,-2040.4076461420264,-3572.5066807413355,-4150.348802984635,-4221.330773346434,0.9970536240424278,-1297.3610094460066,-1339.3262104019034,-2461.3189261054854,-54.36844096564365,-39.600365933981635,-118.40061347097469,-153.86253540661386,-169.14128992359971,0.9941037735849056,-31.273123098465803,-29.348714851059594,-64.9923722284289
2018-12-21,2006,2017-12-21,2018-12-21,252,167,-2063.9370931992053,-2039.2526254649667,-3581.5889205678177,-4176.836986172846,-4263.114291865485,0.9970536240424278,-1300.3696628496261,-1354.048447488269,-2462.2751719329035,-56.890686589850326,-41.12247685333401,-125.40064400620003,-159.11713848154477,-179.4888477404505,0.9953434225844005,-33.015542839800766,-29.560421636118843,-67.55447507050923
2018-12-24,2007,2017-12-22,2018-12-24,252,167,-2047.1004502223843,-2019.7393461243882,-3545.993622972031,-4115.122121566226,-4230.562651158211,0.9964601769911504,-1287.5110391793703,-1342.9085697933217,-2453.7627610466775,-53.813794665043055,-46.67727858230638,-99.67926715796925,-118.8523572285882,-128.4008189063774,1.0,-50.323216164768446,-49.5833678606643,-68.69259248587356
2018-12-26,2008,2017-12-26,2018-12-26,252,167,-2163.325564096766,-2155.207744008657,-3748.7794507352633,-4271.082287651383,-4458.871295997284,0.9964622641509434,-1381.3547151394112,-1465.682903347798,-2674.5540354882746,-214.51786212825846,-196.6995204590285,-351.5648449369323,-403.68890695193124,-426.4638557854209,1.0,-194.27268917372675,-180.28275691736067,-286.35673630394115
2018-12-27,2009,2017-12-27,2018-12-27,252,167,-2171.2374316077244,-2148.570197298903,-3781.351466579703,-4301.2900132674085,-4479.731060198626,0.9964643488509134,-1389.5319833040417,-1474.8209032144778,-2666.6466687702145,-49.923156213202844,-43.1054390095379,-89.75687336880317,-106.24810448945188,-114.4304176798863,1.0,-48.657465830872454,-47.9091227211613,-61.339928677301344
2018-12-28,2010,2017-12-28,2018-12-28,252,167,-2176.0904681963657,-2146.8183577575587,-3777.6838494379012,-4303.3282746689565,-4487.8739489763575,0.9964643488509134,-1392.175475496935,-1471.801136116406,-2667.4881076301085,-53.31321541540431,-46.579687365875344,-98.36014489672935,-119.97811141109051,-126.5729959942905,1.0,-49.49778005362401,-49.57007376721157,-68.51835596204765
2018-12-31,2011,2017-12-29,2018-12-31,252,167,-2179.3498598438746,-2157.002965449863,-3757.0400161054663,-4284.108741357125,-4479.760370181948,0.9964622641509434,-1393.7975376984034,-1487.1690378835083,-2677.8798525720626,-217.71674186513522,-197.00063985095758,-359.58321054366274,-421.1501468569569,-442.68932291027505,1.0,-196.39885890535035,-182.20683860770998,-292.9222821735989
2019-01-02,2012,2018-01-02,2019-01-02,252,167,-2150.974456667046,-2093.8875329115444,-3741.4481484878065,-4260.67448704467,-4460.49958829642,0.9970518867924528,-1385.4959644598725,-1475.9003334034874,-2633.0736607463923,-62.07180291599107,-46.59520962657088,-132.0507475889169,-168.0299650226537,-184.441619681349,0.996,-37.98967865334284,-38.72618669324693,-76.91088471341008
2019-01-03,2013,2018-01-03,2019-01-03,252,167,-2191.5323970550003,-2152.710768819178,-3824.525636330434,-4335.880834911067,-4524.976661477463,0.9964622641509434,-1394.278075282951,-1459.4388071727828,-2628.6613306384206,-63.72870981792301,-47.89534124048832,-137.6769970757144,-175.79834656322686,-191.96592614956012,0.9950835791543756,-39.22959754214427,-39.47995882356247,-75.50277273427747
2019-01-04,2014,2018-01-04,2019-01-04,252,167,-2281.3136889063735,-2254.4168530692473,-3933.8500470175313,-4455.270125912737,-4640.524389586839,0.997055359246172,-1448.0886209498194,-1536.9637167017156,-2668.448869239088,-215.40908988475582,-199.25972890239973,-353.472693517659,-404.1212098039683,-421.73200313552144,1.0,-194.75328833187416,-176.88186323990286,-290.49298430970885
2019-01-07,2015,2018-01-05,2019-01-07,252,167,-2269.6998350795307,-2253.7575649048454,-3917.4305074220892,-4437.167519352527,-4599.322688544648,0.997055359246172,-1426.7864384723512,-1511.0152704344912,-2722.9549879489828,-50.074770700481714,-42.848234020936175,-90.61206620812467,-108.57080686605687,-115.12408681629329,1.0,-48.68963847479481,-48.22666603944547,-62.993709432297045
2019-01-08,2016,2018-01-08,2019-01-08,252,167,-2266.5040344061103,-2276.8474583864017,-3909.5673574127713,-4394.818071609453,-4599.405602531703,0.9964622641509434,-1428.9602819279887,-1502.2504281316653,-2701.850243860812,-222.64967870974027,-203.02296718781793,-366.4083390313888,-421.7134396762657,-450.05477959234327,1.0,-199.68531000156065,-189.82705170021023,-300.098056499607
2019-01-09,2017,2018-01-09,2019-01-09,252,167,-2273.366369704347,-2259.821247422079,-3941.0274124936896,-4434.777044458387,-4637.725157141431,0.9970501474926253,-1434.3463340944515,-1528.993777279089,-2678.840697064645,-221.91956464586937,-202.9209729364772,-368.91427249073377,-418.7786073404659,-442.5187998948471,1.0,-199.23188046524223,-185.0403196007647,-299.93453209195894
2019-01-10,2018,2018-01-10,2019-01-10,252,167,-2272.739083174704,-2255.289395012147,-3916.2692684434073,-4460.665925804159,-4627.806053297671,0.9970501474926253,-1438.3898099916762,-1529.4299608663184,-2682.6536521444245,-224.51467682677531,-209.47469395009261,-367.6718362690988,-419.86353179464203,-440.8976495537965,1.0,-201.52509927537852,-185.02949077912297,-308.15008777156123
2019-01-11,2019,2018-01-11,2019-01-11,252,167,-2281.1731184099876,-2258.0640964043287,-3927.3985094457275,-4457.597837194879,-4642.923441796725,0.9970501474926253,-1452.1786972516622,-1553.1278698187325,-2656.2892275257955,-67.71308088144777,-51.76108656213696,-146.2424704067181,-189.5762751679534,-197.39959180751833,0.9953831948291783,-42.55233092555879,-44.65017288846024,-80.48235170674569
2019-01-14,2020,2018-01-12,2019-01-14,252,167,-2255.8937511944237,-2223.2240815492823,-3887.8346098755815,-4422.904028391218,-4604.620410876453,0.9970518867924528,-1417.3154337347858,-1490.6115774537982,-2676.710086359674,-65.03941556280758,-50.61576249913497,-135.89203897431196,-171.0022924401118,-186.92081878275275,0.9954044117647058,-41.673723462096426,-44.07421325735219,-76.81542003301587
2019-01-15,2021,2018-01-16,2019-01-15,252,167,-2238.7723696998532,-2227.346310207799,-3873.5841566240797,-4371.55999668594,-4559.243300416043,0.9970518867924528,-1406.634479571715,-1481.8848771220885,-2666.457953136558,-67.03624597062112,-53.36605490580492,-142.44164975376674,-185.52866669116932,-194.51583877675202,0.9963201471941122,-42.583589121014306,-43.70386087316927,-83.28430592653572
2019-01-16,2022,2018-01-17,2019-01-16,252,167,-2230.7692355263052,-2204.5686618128557,-3863.050596359295,-4375.05912155723,-4561.554233706377,0.9970518867924528,-1415.4183151573227,-1499.7295432500753,-2661.3432827698743,-50.35842044083318,-43.06694151853001,-88.94802201707734,-110.20435587962602,-116.1761712750551,1.0,-48.89771238932355,-48.21804025060567,-61.880673681111006
2019-01-17,2023,2018-01-18,2019-01-17,252,167,-2216.2397034194255,-2199.7904344573735,-3849.559159302287,-4378.304117656715,-4555.922397852747,0.9964622641509434,-1396.5909421027748,-1485.1352291563708,-2704.4850906451384,-50.11899446893921,-42.704692296547655,-88.90675383770639,-109.2795640632688,-115.27615141439314,1.0,-48.75753668347894,-48.40789892264694,-63.027380634021
2019-01-18,2024,2018-01-19,2019-01-18,252,167,-2258.309950910365,-2230.1216128043156,-3897.5935063022857,-4428.510582371646,-4616.300735118323,0.9964643488509134,-1416.042330361562,-1546.709875930304,-2727.3040686128415,-68.32647992038713,-53.49628510661248,-144.70268214300518,-183.50492967097597,-198.72177849474565,0.9963403476669717,-43.000888067965796,-44.29048343218416,-83.69915718296852
2019-01-22,2025,2018-01-22,2019-01-22,252,167,-2259.016045471569,-2233.46169052969,-3914.924003055945,-4425.742240150198,-4609.681521516122,0.995875073659399,-1417.3810179135432,-1532.2135730170344,-2773.470825376771,-70.65397794772265,-54.85954166696994,-152.43915701777163,-187.02829785414107,-206.1555179596608,0.9945404913557779,-44.49829993980029,-46.055830638666066,-83.63548519451963
2019-01-23,2026,2018-01-23,2019-01-23,252,167,-2252.949401569248,-2233.9424146735473,-3912.401206090518,-4420.043093646448,-4610.632154459694,0.995875073659399,-1415.734868108805,-1524.3197777307432,-2686.082314428681,-50.31426083212437,-43.61532706100391,-91.59318942188153,-106.32142526212655,-115.75378571235011,1.0,-48.88265124564736,-48.466882118835855,-62.273174446462185
2019-01-24,2027,2018-01-24,2019-01-24,252,167,-2257.305197367778,-2212.77030670938,-3926.1763106179033,-4456.748875932352,-4636.471756446329,0.9964643488509134,-1421.2435283006607,-1534.0696981075516,-2711.136073442698,-52.65394586006482,-45.36398058823547,-96.36756473809437,-116.24934984952777,-125.24515675385776,1.0,-49.064187680175046,-48.0548388183451,-69.87244978469464
2019-01-25,2028,2018-01-25,2019-01-25,252,167,-2265.0993611533745,-2244.7915295880643,-3943.787817514893,-4494.4279925307565,-4652.142355614898,0.9964601769911504,-1443.6961977455398,-1593.8864225111147,-2714.018875719736,-280.8804816418418,-223.61879391220177,-554.0275195983221,-664.0704827201215,-707.6919546768889,1.0,-233.30900555971886,-204.17275674077436,-375.2325188626407
2019-01-28,2029,2018-01-26,2019-01-28,252,167,-2266.9105987799508,-2242.820778724148,-3941.6549888774252,-4449.804413094698,-4630.192926118879,0.9964622641509434,-1463.5627597149369,-1571.5502687404444,-2856.8200919364826,-50.56584278691236,-43.82228292433298,-90.06165499815994,-110.09324497889166,-116.64225596929494,1.0,-49.2202654236463,-48.948127553619905,-61.810947715784266
2019-01-29,2030,2018-01-29,2019-01-29,252,167,-2223.4509899607865,-2191.6652504842405,-3887.954772491133,-4418.076478323616,-4597.375818766822,0.995872641509434,-1440.193161850319,-1531.6046307817496,-2769.240993419351,-267.55156421298625,-232.71155134711185,-489.03369222718266,-584.7287803277607,-609.9211724215031,1.0,-226.27041327742228,-194.85840317197415,-375.0490988307199
2019-01-30,2031,2018-01-30,2019-01-30,252,167,-2239.775120988286,-2257.8638484673706,-3894.1401342008685,-4367.230039008275,-4579.208225369152,0.9964601769911504,-1445.4284725361708,-1536.2318419601886,-2642.3343092495434,-214.71276446894765,-196.2655714855759,-355.019558976036,-407.66681703320694,-428.4479842185904,1.0,-194.45899105421083,-186.94079696885066,-278.7201075375616
2019-01-31,2032,2018-01-31,2019-01-31,252,167,-2220.102297708581,-2251.8637743230765,-3805.3508672547364,-4300.0086510390565,-4458.3266928055245,0.9964622641509434,-1421.128773753347,-1492.2455853241802,-2620.199831645564,-54.34244647817128,-46.81847656501966,-99.53739652626749,-125.05047072273325,-131.33005784435954,1.0,-50.51981154854885,-49.57523803638276,-72.2255149286394
2019-02-01,2033,2018-02-01,2019-02-01,252,167,-2237.177974340668,-2260.4532366379112,-3871.9566606191834,-4352.992906598198,-4506.77196039198,0.9964601769911504,-1435.602177880981,-1525.776222580913,-2627.4518477215947,-226.88304653334762,-211.99176793135513,-373.3032481736773,-406.94364665273764,-430.88212901677116,1.0,-203.04585345145117,-185.33199301021955,-305.6007916511112
2019-02-04,2034,2018-02-02,2019-02-04,252,167,-2249.4025700547613,-2252.7782161371724,-3888.5108114203663,-4413.866183562489,-4556.767323112674,0.9970501474926253,-1444.1940700737046,-1523.0393494505097,-2654.08861432649,-50.938804188015325,-43.258783818993486,-94.12932910918954,-108.80352713750861,-118.69895683687501,1.0,-49.616765912290255,-49.14901021890987,-62.9794787178732
2019-02-05,2035,2018-02-05,2019-02-05,252,167,-2234.4732254657442,-2246.331000726055,-3860.944017955972,-4390.445789756601,-4499.358276124088,0.9976401179941002,-1427.4078804274895,-1513.9559923506733,-2649.670739561404,-54.538516077528406,-47.40488130020738,-100.35167605805906,-124.51975771183876,-131.77912729466806,1.0,-51.035034214210164,-49.028885963261935,-71.3156944539317
2019-02-06,2036,2018-02-06,2019-02-06,252,167,-2183.2341851860047,-2192.3115077377615,-3802.1192950895547,-4396.013192977836,-4448.175111222377,0.9976401179941002,-1402.0080267704634,-1509.572575630903,-2761.0665095994304,-54.86237809542625,-47.562492380837966,-102.58875771998454,-124.83759857582216,-134.06662250282034,1.0,-51.04747111729383,-50.56817190377471,-73.30175305569664
2019-02-07,2037,2018-02-07,2019-02-07,252,167,-2176.5111653672134,-2184.7359492485866,-3793.7434585756914,-4328.83641660331,-4422.371057257413,0.9970466627288836,-1404.403971614009,-1512.0206398570667,-2738.7873375169397,-221.12677167773248,-207.8634817000172,-361.98878842132183,-421.9110810687358,-435.66606090277315,1.0,-198.67497318100874,-182.76556529502378,-289.70171077564424
2019-02-08,2038,2018-02-08,2019-02-08,252,167,-2189.872922503388,-2195.327331376975,-3805.7856197779693,-4377.598689257316,-4458.63073420156,0.9970466627288836,-1413.4249715790386,-1518.7788138528688,-2731.2783648388017,-220.55573206735346,-202.70248467899182,-359.0956248116411,-425.9829753044923,-447.8526271952124,1.0,-197.96075133559594,-186.18893746962692,-288.4269832696723
2019-02-11,2039,2018-02-09,2019-02-11,252,167,-2097.84205959109,-2096.1261295463732,-3675.2757805251276,-4209.927578298413,-4310.351120472845,0.9970466627288836,-1347.809960250514,-1426.0466647403548,-2683.042594957095,-58.633688119131165,-44.62172200053197,-127.21340442486473,-156.4863964651585,-169.9688994411441,0.9945474372955289,-34.79706317559796,-34.63252812648979,-74.09918681329255
2019-02-12,2040,2018-02-12,2019-02-12,252,167,-2128.0133454452744,-2135.558469632199,-3704.6899270415547,-4230.461867589866,-4326.434590849826,0.9976401179941002,-1382.747956072153,-1473.0466764600092,-2749.059486902367,-51.38714902249829,-43.483599300095605,-94.58666058426239,-112.38829661962802,-120.12386914740227,1.0,-49.9889457993829,-49.336788747674724,-62.82418802958999
2019-02-13,2041,2018-02-13,2019-02-13,252,167,-2096.0122213378586,-2106.5537327613356,-3653.072311214409,-4163.509655417601,-4267.7061609649945,0.9970484061393152,-1343.6219307302192,-1414.4288903484428,-2723.192507194377,-55.7547527833562,-47.11722657857838,-105.24418979192352,-128.007053297632,-137.42767387454617,1.0,-51.64130317436478,-49.55814268920439,-75.65650596596267
2019-02-14,2042,2018-02-14,2019-02-14,252,167,-2112.1147380479206,-2120.3510847752077,-3675.7738621146523,-4183.492019830757,-4286.617679875547,0.9976401179941002,-1369.8675709603365,-1471.9866053289902,-2733.103998783895,-56.17974600728243,-47.88978909845538,-104.53356657866067,-129.94612621918648,-138.7077204924996,1.0,-52.10488674127144,-49.76070811401007,-75.62475892332745
2019-02-15,2043,2018-02-15,2019-02-15,252,167,-2094.955860756675,-2102.311082093666,-3649.1818665989827,-4171.056898827471,-4264.544131773782,0.9976401179941002,-1359.9453416479762,-1456.7495863905103,-2663.4588078004635,-65.24730464777927,-48.076796687994744,-148.75498515110695,-191.87210200725983,-206.2309026193582,0.9943883277216611,-37.35428598417311,-35.73066609875682,-81.57168818224179
2019-02-19,2044,2018-02-16,2019-02-19,252,167,-2094.0098336531532,-2094.309106900744,-3671.2727266149755,-4194.726776648391,-4288.735734476882,0.997637330183107,-1351.7200799394845,-1451.753751594307,-2679.2788374237944,-223.3402566030874,-205.8888762832156,-369.9266918106341,-443.90247519744054,-462.3420737568649,1.0,-199.75515071712852,-189.51780340786814,-302.0742787025539
2019-02-20,2045,2018-02-20,2019-02-20,252,167,-2098.6859084256594,-2099.938089661874,-3679.879447578902,-4204.214760343963,-4304.100113297896,0.997637330183107,-1354.207158525136,-1486.9583268158933,-2740.4419244624687,-224.0262392713457,-200.77074854775324,-376.90065381336535,-447.432202523972,-468.87179492937486,1.0,-200.52452088115953,-185.41532437312318,-306.37010981785176
2019-02-21,2046,2018-02-21,2019-02-21,252,167,-2116.1200393470285,-2132.4086630287347,-3706.4023357065817,-4231.277511402538,-4337.380864364821,0.9976387249114522,-1367.7915293835304,-1503.831544617449,-2767.745582878604,-50.47691201905841,-44.07223317702834,-90.04084874907214,-109.66991495149549,-116.77255890089529,1.0,-49.402174537163084,-48.70070752669281,-61.199005792539886
2019-02-22,2047,2018-02-22,2019-02-22,252,167,-2132.927910688673,-2134.4541386496376,-3737.547371620492,-4266.5936323218375,-4376.090356304672,0.9976387249114522,-1378.2388251695625,-1518.5923868131083,-2751.7241348625544,-50.99592140235316,-44.79774606724622,-91.63146694418255,-111.86522246335029,-118.15684723972835,1.0,-49.796014080892164,-49.44851933973238,-62.450845725733906
2019-02-25,2048,2018-02-23,2019-02-25,252,167,-2134.463821742828,-2131.183512884791,-3738.2512576866893,-4225.748236028585,-4367.519751925224,0.997637330183107,-1382.5423973294976,-1494.4638440406197,-2729.664134490021,-50.50561959575705,-43.4347936092622,-91.78347614191976,-111.58593459279933,-117.5386841660609,1.0,-49.29274719434896,-48.5369525351183,-60.716410344211354
2019-02-26,2049,2018-02-26,2019-02-26,252,167,-2145.4376922969955,-2138.346183297609,-3729.201646623161,-4247.931281642796,-4345.733169981244,0.9970449172576832,-1378.562432595682,-1516.4593585751659,-2762.0973794268075,-230.59294680028117,-211.9699918939885,-391.3623121919459,-446.29476262397964,-466.1004222401585,1.0,-205.31339446699116,-184.4865591422833,-315.7716307689343
2019-02-27,2050,2018-02-27,2019-02-27,252,167,-2155.2266451701594,-2154.630335689989,-3741.982438929483,-4255.032041223206,-4354.777768171561,0.9964580873671782,-1377.8154215083898,-1502.6787888269898,-2696.511058192802,-235.17229098748487,-214.7313756083,-401.34256222790276,-460.66117633614095,-482.3237137776619,1.0,-208.06071510455024,-186.49518864770283,-327.3440563962592
2019-02-28,2051,2018-02-28,2019-02-28,252,167,-2146.781296389965,-2148.207618415535,-3748.854171667092,-4257.596996353964,-4349.553553195411,0.9958677685950413,-1372.685445313827,-1491.4669292308124,-2687.8963038666434,-54.88166392451408,-46.51580390356141,-101.91616695557585,-128.00515042191103,-135.16673407751608,1.0,-51.08996615488233,-50.13892242311458,-70.47012039164142
2019-03-01,2052,2018-03-01,2019-03-01,252,167,-2126.549286471803,-2134.113565791432,-3701.8050174994505,-4212.281148662782,-4304.369233611226,0.9964559952746603,-1333.428674455954,-1473.7832991129662,-2553.8605916178753,-50.60310983795404,-43.68596873029482,-91.1713997014415,-108.71973660468163,-117.1094633325558,1.0,-49.45053783887899,-48.60304535618047,-61.48904784078109
2019-03-04,2053,2018-03-02,2019-03-04,252,167,-2106.4174503184195,-2125.4240075709045,-3688.94476809945,-4150.559034598836,-4283.7838556443685,0.9964559952746603,-1345.0103601738,-1464.9185267220862,-2660.550782120007,-62.50820997030732,-46.142290665890265,-138.05580766786895,-173.80851409753038,-190.0977902927446,0.9932126696832579,-36.12265760660336,-35.24531623008037,-79.57833626435784
2019-03-05,2054,2018-03-05,2019-03-05,252,167,-2124.915253777262,-2140.3716678121737,-3736.554984439196,-4210.391228308137,-4335.124889099933,0.9964559952746603,-1353.0626899073818,-1474.1076361870012,-2667.629953315836,-50.295474262799964,-43.30534991797385,-90.0738941787863,-109.49351506574521,-115.80951303876915,1.0,-49.16216721269204,-48.63155505384391,-62.1421315820954
2019-03-06,2055,2018-03-06,2019-03-06,252,167,-2117.9140409751067,-2122.691632912662,-3676.3331617165445,-4168.528706398743,-4287.9864016463835,0.9964559952746603,-1338.0345634935438,-1461.084131040887,-2588.6039166508845,-253.21829627069658,-227.52269959944937,-442.92482244474655,-522.5267127090839,-561.913148206481,1.0,-219.22044656738362,-190.59060163466975,-350.6456855354544
2019-03-07,2056,2018-03-07,2019-03-07,252,167,-2122.317481736879,-2126.5125301414355,-3709.2206324528647,-4206.78762851243,-4310.6290408346285,0.9964559952746603,-1353.6409155951574,-1457.4137272098947,-2706.3968211467977,-50.09316462475532,-43.051179692842794,-89.7317334144612,-110.17584127989258,-115.19874917844213,1.0,-48.98605385732134,-48.64189194318041,-61.20270583279266
2019-03-08,2057,2018-03-08,2019-03-08,252,167,-2127.388716097868,-2124.2026915064926,-3732.7574290252896,-4211.018762629629,-4322.379871752736,0.9964559952746603,-1358.546636929026,-1458.4588027596285,-2706.228379745147,-59.585769633243224,-45.68404991010413,-128.63190074236928,-156.9937000584967,-171.38286212733883,0.9908883826879271,-34.87833608858336,-34.58933537095516,-74.90478787611887
2019-03-11,2058,2018-03-09,2019-03-11,252,167,-2129.3076745586895,-2121.6443136721496,-3709.566888314044,-4197.564722021885,-4308.157736082673,0.9970466627288836,-1358.2300302188648,-1468.024780687637,-2600.120242033004,-55.37080662887002,-45.83309042699901,-106.63858107498876,-130.54116457263484,-138.64200084579193,1.0,-51.31295703436526,-49.61527990759542,-73.92623123478077
2019-03-12,2059,2018-03-12,2019-03-12,252,167,-2100.642644031018,-2104.478620890584,-3688.338884710307,-4144.445334392411,-4270.850702164455,0.9970466627288836,-1339.4957774617849,-1462.5445054888678,-2598.138848426171,-50.31201262676561,-42.598968871808566,-91.45064471069998,-108.08605823357466,-115.37236840047429,1.0,-49.21328224164421,-48.48962600546645,-62.00954864984066
2019-03-13,2060,2018-03-13,2019-03-13,252,167,-2110.7067524034105,-2126.058468966351,-3686.000266505351,-4218.0569767388915,-4288.397335525824,0.9970466627288836,-1347.2218695273612,-1459.497510747036,-2621.185677443702,-221.08083129573976,-199.4447696813286,-375.52065882453775,-442.9606544534742,-465.76891842170295,1.0,-198.50727032109242,-182.10378450178757,-291.00897583853043
2019-03-14,2061,2018-03-14,2019-03-14,252,167,-2113.036490870734,-2118.4644546820837,-3726.017925030712,-4199.465806373217,-4293.848482880175,0.9970466627288836,-1344.7481558477355,-1474.5379170587182,-2674.5319452851218,-55.56325115666111,-46.287772417258125,-106.17320786045447,-129.94208374909005,-139.17703683654017,1.0,-51.553686987086564,-50.225887488132315,-73.6280193153757
2019-03-15,2062,2018-03-15,2019-03-15,252,167,-2110.5198873386885,-2123.6350574845683,-3718.723415430754,-4205.513582350689,-4287.593566053164,0.9970466627288836,-1342.4067407176892,-1463.9340975996718,-2640.6745668313347,-55.50642192533842,-46.24377384558966,-104.60837527432471,-128.27382286873794,-137.29987950446886,1.0,-51.63376158712126,-50.156416195557235,-73.92585988627087
2019-03-18,2063,2018-03-16,2019-03-18,252,167,-2113.6823948022293,-2123.1469229980435,-3725.301406348415,-4234.074868510734,-4307.819518802777,0.9970466627288836,-1359.219182854345,-1446.5922487162727,-2634.0419732556484,-52.41532455287412,-40.36194890408191,-111.31249544548788,-142.8133692345254,-151.42379929675755,0.9953379953379954,-30.7922258320209,-31.441747296007804,-68.39726700564039
2019-03-19,2064,2018-03-19,2019-03-19,252,167,-2113.0386169675958,-2123.6762128521077,-3706.942840294268,-4239.166855112403,-4306.119137252137,0.9970466627288836,-1357.943684844868,-1454.1935047707195,-2617.997696857237,-55.865245886600434,-46.65386098531824,-105.81853164475638,-129.9169139302373,-140.66959121086074,1.0,-51.76514674500737,-50.19089580404436,-73.9863425000634
2019-03-20,2065,2018-03-20,2019-03-20,252,167,-2097.11128148304,-2104.5660744246075,-3678.1115792939554,-4192.861535047772,-4263.057495306383,0.9970466627288836,-1344.8256467213428,-1442.5241588791564,-2595.4059780224725,-54.414763742691974,-40.86952667316759,-113.1346461053003,-159.74245646662771,-164.3113340471374,0.9941520467836257,-31.384842739981305,-31.884357517946842,-65.05423353174815
2019-03-21,2066,2018-03-21,2019-03-21,252,167,-2093.6156135866668,-2099.695619112278,-3703.90721982975,-4149.193565712586,-4249.097523577484,0.9970466627288836,-1329.1078359083697,-1414.862600916886,-2631.0646928829565,-211.43565645241108,-195.21941344747245,-345.0391403483444,-396.06849752588727,-419.9116006641189,1.0,-192.02743614887095,-182.02896211716936,-272.8554041504464
2019-03-22,2067,2018-03-22,2019-03-22,252,167,-2143.339059257241,-2173.4938302840324,-3763.704406007613,-4246.177542193036,-4336.590567047186,0.9970484061393152,-1346.4761478455932,-1435.3494521018843,-2630.570327544726,-50.15611314728142,-43.035869022648356,-89.49370071208921,-107.37947084577102,-115.18487764298453,1.0,-49.09146234751252,-49.18217396602311,-60.77730029094474
2019-03-25,2068,2018-03-23,2019-03-25,252,167,-2095.220405704041,-2110.711486475722,-3675.9037314657908,-4167.198153763073,-4271.363198639497,0.9970466627288836,-1319.0782537369937,-1417.7661894153673,-2626.522046461985,-210.8314767908362,-194.03781379954853,-339.51720707865616,-382.44447701825806,-405.5654656109346,1.0,-192.0155650674535,-180.45822901020279,-285.32019290408664
2019-03-26,2069,2018-03-26,2019-03-26,252,167,-2061.7901979905787,-2084.2835355685083,-3638.4524076440434,-4120.874375947407,-4182.94246091339,0.9970484061393152,-1298.2083727646227,-1415.0077042046255,-2595.7408098544156,-57.24566428950039,-41.4312907447982,-126.48085844621293,-157.44719275857844,-172.01310105467567,0.9941245593419507,-33.43016764774453,-30.647114870144215,-71.9166143689158
2019-03-27,2070,2018-03-27,2019-03-27,252,167,-2014.7117567414732,-2039.8715147236255,-3535.485408979519,-4039.723618058277,-4093.8494071928353,0.997043169722058,-1260.638478225634,-1344.563585213433,-2505.724245355145,-213.25740996639527,-200.14538014556808,-336.3981945301386,-381.76796474348635,-403.7269290927041,1.0,-194.04026486150565,-180.43311077604878,-283.29593278068063
2019-03-28,2071,2018-03-28,2019-03-28,252,167,-2002.1333074952097,-2005.4503940566947,-3502.6300749336833,-3978.4922250078353,-4079.627911557013,0.997043169722058,-1260.852031081344,-1374.1989812392142,-2494.4517326957653,-213.93285888629626,-203.03367874067706,-335.2714137997049,-391.3320848266298,-406.4400406287197,1.0,-194.13825938412919,-176.93389972226137,-284.9635539556879
2019-03-29,2072,2018-03-29,2019-03-29,252,167,-2023.795434727784,-2022.5533359129165,-3538.01734292807,-4003.511186892161,-4101.589584701687,0.997043169722058,-1287.5302800565244,-1384.5408106911113,-2519.335508165444,-50.306992498056445,-43.22239233055231,-89.2311271317524,-109.57973149355932,-117.37482173217472,1.0,-49.21439730113025,-48.94335632643637,-60.997044472159565
2019-04-01,2073,2018-04-02,2019-04-01,252,167,-2031.5417609244455,-2051.050323790473,-3540.910084585501,-4000.78948871926,-4121.151260631951,0.9964497041420118,-1289.1988678869054,-1377.5460301274131,-2500.766231429001,-50.927876271257034,-39.090882209089,-107.60028528174881,-145.025427347203,-151.9182977631479,0.9962453066332916,-28.91320852551449,-27.0307351240635,-65.00708902200321
2019-04-02,2074,2018-04-03,2019-04-02,252,167,-1992.1451959761891,-2012.9967769357359,-3468.054688515683,-3938.1388304758575,-4027.350069327691,0.9964539007092199,-1257.6397777507198,-1337.8146950513722,-2501.5601050721584,-213.49592832945206,-198.19370336421184,-342.40332207576427,-387.5408081943862,-409.4908126535624,1.0,-193.89947565692017,-184.22305864112903,-287.8434752680086
2019-04-03,2075,2018-04-04,2019-04-03,252,167,-1976.6327166681065,-2004.8456568055012,-3453.230672141986,-3929.2298510188125,-4000.3822182194876,0.9976359338061466,-1241.227152391783,-1308.0896045907723,-2493.4283425257026,-57.470022955883685,-47.610666398443904,-111.42243715413476,-138.76998974631832,-146.68155658089486,1.0,-53.372751231062146,-50.779357702487836,-75.13918818384961
2019-04-04,2076,2018-04-05,2019-04-04,252,167,-1972.957722117936,-1998.2529526645828,-3451.03429736269,-3887.9909741719416,-3986.548675903812,0.9970449172576832,-1245.50229255785,-1316.524459531386,-2454.6374570742278,-59.20593265594079,-49.09544401075004,-113.60435597365583,-141.9573864684725,-153.25499785948102,1.0,-55.03192404777666,-53.066108637438795,-77.08537282884316
2019-04-05,2077,2018-04-06,2019-04-05,252,167,-1966.4091718048264,-1996.1229918340928,-3450.1998791741325,-3874.2093391724957,-3978.341618072095,0.9976359338061466,-1247.0972292910544,-1314.453514696922,-2469.016494859672,-58.267761575037326,-49.3077214166304,-114.02821934787747,-138.82011969651103,-147.7174863532036,1.0,-54.1645486840049,-52.085652200424235,-76.33154423760794
2019-04-08,2078,2018-04-09,2019-04-08,252,167,-1933.6206488049859,-1955.6228771146523,-3394.933354441419,-3845.427263619425,-3963.925012328395,0.997043169722058,-1221.458136750184,-1300.4147203248874,-2441.014946556234,-44.02728391333011,-33.162073045807844,-93.13434471968952,-123.32618249992059,-133.10959940370196,0.9919354838709677,-24.942988284344995,-23.033909491035633,-54.28098849774044
2019-04-09,2079,2018-04-10,2019-04-09,252,167,-1922.2987481468017,-1922.5623568904043,-3388.2098043027195,-3782.7387240339017,-3904.9984844251103,0.9976345357776464,-1222.8506450628324,-1290.770182445238,-2431.179938424555,-50.746596192624274,-42.905799558423936,-90.18379452676133,-110.08759942713004,-118.43377152312401,1.0,-49.56944909001668,-49.50235742444154,-62.42853459032143
2019-04-10,2080,2018-04-11,2019-04-10,252,167,-1905.7080402272018,-1919.2929833939547,-3373.910113154547,-3767.7851259348677,-3894.868585472023,0.9970414201183432,-1209.2448219248681,-1256.8020182775365,-2404.063796719926,-50.24042980516851,-36.336884084816305,-108.63353116149047,-145.40817001040554,-161.03729922509407,0.9865047233468286,-27.967014324327515,-23.1760670689941,-64.10478793050694
2019-04-11,2081,2018-04-12,2019-04-11,252,167,-1900.9199269918336,-1899.3264393788263,-3345.2242713223036,-3737.861418983516,-3877.480355641747,0.9976317347542925,-1207.1224882491458,-1261.870582968057,-2364.330888542154,-46.55550066215168,-31.017424002319647,-102.81181660942967,-135.7207597996993,-149.80101984222426,0.9890859481582538,-25.5567194345625,-19.11897231568256,-60.45079405078392
2019-04-12,2082,2018-04-13,2019-04-12,252,167,-1895.9537924903264,-1909.012555888392,-3326.023585723019,-3730.487214327906,-3830.6819470289993,0.9976303317535545,-1204.7039832570379,-1255.136878396418,-2357.4532097520805,-218.31229742371647,-204.07882438905312,-358.1365238402366,-406.1220996885286,-424.5684085076087,1.0,-198.49604848500888,-188.30261687077478,-283.00430711392664
2019-04-15,2083,2018-04-16,2019-04-15,252,167,-1898.8924678104102,-1914.2016200325818,-3328.898875999579,-3755.0994663049446,-3848.4432859954936,0.9976303317535545,-1212.9142599393308,-1268.289602802371,-2352.1164874106025,-51.392249043681566,-43.710453636653995,-92.72625711990176,-112.23100205407971,-120.0742349945405,1.0,-50.181067455953674,-49.26256953241533,-62.83492435071651
2019-04-16,2084,2018-04-17,2019-04-16,252,167,-1891.3909325211157,-1894.6051831426657,-3319.4328027483443,-3739.6085441885984,-3819.6469474761643,0.9976317347542925,-1202.268492084312,-1259.5153002523941,-2351.109228265418,-225.76653434877332,-207.16063435299452,-376.74463307675,-441.34484203926496,-457.9596793042047,1.0,-202.31678617712734,-181.07542339842118,-318.5998265003269
2019-04-17,2085,2018-04-18,2019-04-17,252,167,-1857.1267421572745,-1854.6044840846994,-3253.9529357443166,-3666.2236439955136,-3750.5502145848436,0.9976317347542925,-1178.774106773857,-1243.6630222788494,-2325.5910617839722,-51.38445415775913,-44.19543127567631,-91.85459002127956,-111.73191671884926,-120.03022677762448,1.0,-50.230301962581684,-49.13836726724906,-61.94326109245823
2019-04-18,2086,2018-04-19,2019-04-18,252,167,-1859.6815258641186,-1855.6193480714417,-3256.431828938743,-3680.350490418055,-3754.49750503808,0.9976317347542925,-1169.7878671540568,-1220.0211838074797,-2368.9136764159057,-225.7941175470883,-208.52792725634822,-381.93897084683175,-437.5107736378658,-470.30513377797627,1.0,-202.45026379044378,-186.5240507371455,-306.4224457647357
2019-04-22,2087,2018-04-20,2019-04-22,252,167,-1884.085755655715,-1894.9852251848258,-3286.2660845300707,-3668.9107964218247,-3762.359224288052,0.997043169722058,-1185.3623773801419,-1248.9243115559073,-2375.051309331435,-217.08057650269384,-198.73988361628494,-355.20840594221517,-426.3991013138264,-447.8260964295706,1.0,-196.93708002631024,-181.75698769975548,-292.21395993270016
2019-04-23,2088,2018-04-23,2019-04-23,252,167,-1878.1678971428273,-1876.4810146184004,-3288.176678219338,-3669.3408587804975,-3773.5968832914855,0.9970449172576832,-1178.9060702049767,-1233.9513239746639,-2357.5126274854724,-64.03703338535222,-51.55450852153652,-129.21133144041093,-151.9308924631463,-169.6222159182709,0.9987782529016493,-58.88791941284356,-56.83972109703016,-84.55509667811056
2019-04-24,2089,2018-04-24,2019-04-24,252,167,-1876.5166667134915,-1870.2905738809943,-3281.942035340689,-3671.495441867573,-3780.5314601245623,0.9976359338061466,-1179.3692997815388,-1243.3416308153799,-2347.116888364015,-63.181253840878334,-50.90449377204912,-124.58135977360105,-152.40304769808426,-165.77929887580558,1.0,-58.29955078736286,-54.7172054102049,-83.78399314336022
2019-04-25,2090,2018-04-25,2019-04-25,252,167,-1848.1506540034195,-1849.7029999880556,-3225.0241418786036,-3671.7915732406286,-3740.7144818402567,0.997043169722058,-1158.083850003092,-1211.37314330079,-2335.252106632382,-64.44278203869752,-52.92861774228561,-127.11356738680225,-149.06751524577538,-162.37337492504585,1.0,-59.99798176238756,-58.12063697327302,-83.14782536328839
2019-04-26,2091,2018-04-26,2019-04-26,252,167,-1836.0637499599586,-1832.2291362499323,-3217.354069010655,-3612.981570144122,-3697.9483677890066,0.9982248520710059,-1153.4586383716376,-1212.601180619025,-2329.6452932246643,-63.57690007089587,-51.398191859597674,-120.70574017960416,-154.40421689340414,-169.0061480278063,0.9987864077669902,-58.849211177611636,-55.89610556461506,-82.59906889500147
2019-04-29,2092,2018-04-27,2019-04-29,252,167,-1847.8897044376893,-1856.0446393320417,-3230.4984572969415,-3652.1527131415396,-3759.458635935989,0.9976317347542925,-1141.7195034310964,-1208.869928493098,-2311.520995963072,-51.20409513122871,-43.403084454919,-94.73054920235937,-116.38063654179895,-123.29870897078098,1.0,-49.97946215529357,-49.50787655821026,-62.173159662184
2019-04-30,2093,2018-04-30,2019-04-30,252,167,-1835.7674478955378,-1845.157666187725,-3201.030303283597,-3643.138017408501,-3750.7783575399644,0.995850622406639,-1126.3614409741153,-1206.8641407746354,-2295.0829852854818,-51.57343525086614,-43.8937878374122,-95.28666003927651,-115.32820543372081,-124.3948537246968,1.0,-50.317878494727125,-49.89155923452226,-62.80462266160937
2019-05-01,2094,2018-05-01,2019-05-01,252,167,-1855.1664067508825,-1842.042714274543,-3239.80161633071,-3698.5231324693373,-3811.001742092367,0.9958530805687204,-1137.294423580396,-1205.6632813716765,-2315.965908972363,-232.4228267450322,-207.96201791374386,-392.2573073095286,-460.18761579525847,-477.28672123207184,1.0,-207.37010911848785,-194.49141971710884,-300.2386573100539
2019-05-02,2095,2018-05-02,2019-05-02,252,167,-1841.4140970577635,-1837.4689628866672,-3223.4446098158955,-3685.2531175824543,-3796.049186219464,0.9976317347542925,-1132.902341495087,-1213.5126331016847,-2314.1687606636133,-63.380935718887415,-52.28272188400233,-122.97666695956369,-153.50101675013616,-163.64328923784225,0.999400479616307,-59.11697139352227,-58.18917628469714,-82.44043624084141
2019-05-03,2096,2018-05-03,2019-05-03,252,167,-1856.89215819306,-1834.229315520565,-3259.749130817836,-3694.880961495307,-3813.9658098636346,0.9976317347542925,-1136.9208629008779,-1236.73505868954,-2358.721795636669,-60.487664849207306,-49.51085231694466,-118.53975550165218,-145.3478229499846,-156.35829004167508,1.0,-56.09944736797737,-53.461502628080055,-82.09592717467791
2019-05-06,2097,2018-05-04,2019-05-06,252,167,-1855.2415236774314,-1844.211311276633,-3228.860321474029,-3690.9832210856243,-3789.9374240710627,0.9970414201183432,-1134.6796861684747,-1228.8356924786103,-2354.946178137295,-49.738279070077915,-34.893702062916276,-110.72953372775083,-151.583721779156,-165.22320564511767,0.9861878453038674,-27.366833659775263,-26.185266566840614,-55.05254538621001
2019-05-07,2098,2018-05-07,2019-05-07,252,167,-1885.93467087543,-1874.9740669531675,-3292.9123851118434,-3732.606524566852,-3846.156281500561,0.9970414201183432,-1156.8907274718517,-1216.6693069999637,-2367.1254609798393,-61.20996375035114,-50.69966058127578,-118.04931890954775,-147.83525344447318,-157.91991174231472,1.0,-57.0784096402811,-53.60712426405423,-79.81503298853622
2019-05-08,2099,2018-05-08,2019-05-08,252,167,-1875.0626298634702,-1857.2652627469236,-3273.3727242945524,-3741.3552817016352,-3827.5183451615717,0.9964518036664696,-1150.2316817628434,-1237.3282536829843,-2364.317922503917,-50.72153143763953,-42.82153565600225,-92.74753611219631,-115.0873103181611,-121.60889778337796,1.0,-49.61325935574404,-49.04447970009301,-62.329290021777695
2019-05-09,2100,2018-05-09,2019-05-09,252,167,-1886.5025074467633,-1870.1258090104407,-3303.3534111502554,-3761.2368916993164,-3853.888572383194,0.9976345357776464,-1165.0886290279757,-1241.7613886953507,-2365.0128030818228,-229.67417808097926,-209.94370817391166,-372.29941741964285,-449.2529904802802,-480.6557719132378,1.0,-206.03086405290634,-184.88950717953634,-306.19980708119846
2019-05-10,2101,2018-05-10,2019-05-10,252,167,-1873.8821982691256,-1857.7309714335315,-3291.6088197699237,-3737.2291355392044,-3843.1525150285293,0.9964518036664696,-1160.757627925874,-1267.5406201058536,-2320.3831081991057,-235.63135593293666,-209.43239221288832,-383.6772684376417,-470.8618729372998,-515.6985028238081,1.0,-209.64065356854314,-189.9525976414451,-310.00704572348565
2019-05-13,2102,2018-05-11,2019-05-13,252,167,-1919.2283119758988,-1895.1586744730519,-3336.694401921844,-3803.368583673959,-3906.3920216329343,0.9958604376108812,-1186.190623107528,-1268.70606875042,-2403.0548172038275,-74.48245096724266,-41.04057610908217,-164.14477091921555,-268.75401136515524,-337.0205126378262,0.984375,-39.54265952985925,-26.907202143960145,-87.14455564003251
2019-05-14,2103,2018-05-14,2019-05-14,252,167,-1925.7414249146923,-1898.2389983491646,-3359.996419377833,-3835.750236737804,-3935.8582278366534,0.9964518036664696,-1197.6344832605619,-1272.4114819373965,-2410.0383132216125,-60.84429141357279,-49.94862044527609,-118.57556766582312,-151.45798245204844,-156.63643396777297,1.0,-56.49795818147128,-55.401759746527055,-80.18632344703126
2019-05-15,2104,2018-05-15,2019-05-15,252,167,-1924.011153078573,-1903.84521369169,-3343.3130518377984,-3828.0444933821823,-3930.383956848355,0.9964518036664696,-1199.7644265181932,-1251.3503653088117,-2397.3109274567782,-49.75071991847118,-35.05034439243643,-109.1566969828051,-145.0391649291248,-156.15197432331598,0.9896103896103896,-27.79916286903034,-26.252919393706957,-57.25068565996197
2019-05-16,2105,2018-05-16,2019-05-16,252,167,-1941.617719194029,-1926.225245241543,-3373.0161868531086,-3866.8405103942205,-3973.505503896682,0.997043169722058,-1218.5456377635965,-1284.7090179298818,-2443.29888623944,-51.52887186369451,-37.541680702357525,-111.72280470759063,-148.2258319581429,-154.16904503664514,0.9869960988296489,-29.260078148088287,-27.347748419534113,-65.28967778383316
2019-05-17,2106,2018-05-17,2019-05-17,252,167,-1933.680734033807,-1909.632205543744,-3371.2883011531703,-3851.230101404187,-3941.3597390745567,0.997043169722058,-1202.5328139808491,-1268.8814125046504,-2425.7009295642306,-60.380142388081396,-50.61345486743106,-115.6064886876556,-143.741958046647,-152.55244700172642,1.0,-56.417653124686026,-54.34820633109513,-77.97490319581291
2019-05-20,2107,2018-05-18,2019-05-20,252,167,-1952.2288555851014,-1968.0346824778683,-3382.8698217837054,-3890.94948173957,-3967.900382170531,0.9964518036664696,-1198.9013889761916,-1242.8683682232063,-2445.465128821116,-48.72730520897406,-36.158006653394246,-104.98266638665837,-138.22469837278018,-150.46553097444612,0.9868766404199475,-27.7738145072406,-25.897520443293107,-58.92088615112409
2019-05-21,2108,2018-05-21,2019-05-21,252,167,-1950.2708350286898,-1961.757100740654,-3360.6924572736084,-3846.65448082881,-3933.730713180767,0.9952690715552928,-1196.4536181117242,-1227.336141739038,-2448.341121912529,-51.176289710397846,-42.87593930674389,-92.91254553200076,-114.92302350273478,-122.15930999679243,1.0,-49.975349062372935,-49.16379359719265,-62.04602879624531
2019-05-22,2109,2018-05-22,2019-05-22,252,167,-1951.6415910218957,-1937.7055168186143,-3388.824492871251,-3847.558551652539,-3955.9636897185023,0.9964539007092199,-1202.1482556498456,-1261.604955799902,-2450.7550466870325,-224.3002620939258,-199.17321892835696,-383.76225765333976,-447.76452244042633,-470.38839184533964,1.0,-200.9625456360694,-184.1266488033837,-313.4081812455962
2019-05-23,2110,2018-05-23,2019-05-23,252,167,-1962.1984987889914,-1949.9116053652492,-3396.8973767332814,-3869.9953395288235,-3959.6434118649736,0.9964518036664696,-1209.1815341023396,-1261.510251604926,-2480.2172166537334,-55.23311643463692,-39.67757467405113,-126.33381652115482,-165.67383456421038,-172.95412021814425,0.9872611464968153,-31.42021055463463,-29.722609086840276,-65.55187225300358
2019-05-24,2111,2018-05-24,2019-05-24,252,167,-1958.0193502118334,-1959.74718328583,-3391.0573108260455,-3833.4221384033117,-3953.7468281085753,0.9964539007092199,-1195.2446918282733,-1286.7103331452518,-2493.5255684723647,-51.53832817525571,-42.650510440361074,-97.28449895104747,-116.43738081206142,-123.46246038310538,1.0,-50.31591237386987,-49.708959464644835,-63.63583221908179
2019-05-28,2112,2018-05-25,2019-05-28,252,167,-1958.352195220791,-1957.097814861741,-3377.9202307255923,-3868.446120370704,-3971.6719075670126,0.9970414201183432,-1193.9194422707665,-1293.4217683285601,-2495.1626668107747,-52.3971329727456,-37.06779629924641,-114.05340311810328,-166.37887789532226,-170.5505172085646,0.9924528301886792,-29.561454284616588,-27.239803951424033,-64.07982326436674
2019-05-29,2113,2018-05-29,2019-05-29,252,167,-1952.3782724827772,-1965.0877553839186,-3369.9575459576527,-3879.283873377822,-3955.703087727815,0.9970414201183432,-1192.0215767462264,-1265.0313995401916,-2450.08859859471,-56.359167105862646,-46.75630444791187,-110.80766755174984,-133.26370519343976,-141.10241193170853,1.0,-52.646396560485734,-52.614272344309576,-74.08619540183277
2019-05-30,2114,2018-05-30,2019-05-30,252,167,-1957.7637510688728,-1947.9578902442306,-3391.000273917151,-3894.2143123897035,-3969.200662852747,0.9976331360946745,-1194.2011632181063,-1277.0973310043835,-2442.836196440564,-224.75521695809272,-206.90828171952325,-371.23831425329513,-430.7786738722081,-460.6734897877859,1.0,-200.97040409660178,-182.60280028329433,-298.15029495213844
2019-05-31,2115,2018-05-31,2019-05-31,252,167,-1982.693412405534,-1993.6959684298618,-3436.6782890679806,-3912.2678536872604,-4016.118973744363,0.997043169722058,-1210.5610705030078,-1326.9186077839508,-2464.6985593863747,-56.010720950979085,-45.588652683689034,-108.60903082878016,-130.68964867443756,-140.213304083031,1.0,-52.27049973816247,-50.92919557858035,-74.83046493867943
2019-06-03,2116,2018-06-01,2019-06-03,252,167,-1939.1489905411984,-1930.6298300900633,-3357.786604769689,-3826.34951842305,-3914.855113264635,0.9958579881656805,-1181.9070180232434,-1277.9274048579766,-2435.5267324142455,-45.83331715956172,-34.73581687483548,-99.86249873418136,-127.58326234482595,-138.2945094018607,0.9947780678851175,-26.043080588754584,-24.785887074681696,-57.672275988313196
2019-06-04,2117,2018-06-04,2019-06-04,252,167,-1961.596489683945,-1954.5516429544994,-3447.280650895159,-3853.70600410951,-3985.608451761224,0.9964476021314387,-1205.8880440159387,-1310.3690196269124,-2491.948350995731,-55.49824104022599,-45.910908945926195,-106.53229113375292,-129.610194149028,-137.67034547791,1.0,-51.71341291210793,-50.71788818815596,-72.99194486139959
2019-06-05,2118,2018-06-05,2019-06-05,252,167,-1954.1730056794722,-1945.7707819359675,-3423.601575407744,-3841.7466537460123,-3974.0536851735774,0.9970414201183432,-1203.4500979200807,-1277.9099020372958,-2484.2778325669187,-53.577020015370195,-38.51955605520031,-121.19344444277536,-162.41104726278795,-173.18041684131276,0.9949874686716792,-30.26187457115274,-27.58393161960238,-63.30337812048302
2019-06-06,2119,2018-06-06,2019-06-06,252,167,-1952.92132979833,-1946.8447794685082,-3420.422866293826,-3844.82448411654,-3977.639545162856,0.9970379146919431,-1197.827084290802,-1290.090550412949,-2462.200563973224,-50.799171911744644,-43.31130931671591,-93.2881563546208,-110.68974477454313,-120.33851408761122,1.0,-49.56739405701164,-48.622237261350065,-62.94643786551894
2019-06-07,2120,2018-06-07,2019-06-07,252,167,-1949.7178788499177,-1951.0006179143004,-3426.485922564204,-3827.053837244746,-3976.0152314851257,0.997043169722058,-1198.9569539197503,-1280.2797390885823,-2481.456516601235,-51.395171663539635,-37.378271210090354,-115.22361120901826,-144.27470040187308,-157.44318912915156,0.9937106918238994,-29.041990498982894,-25.262970294134778,-65.91953513645949
2019-06-10,2121,2018-06-08,2019-06-10,252,167,-1941.635884834472,-1942.8155200323336,-3414.6542775539224,-3817.397698748235,-3965.3675450971996,0.997043169722058,-1186.0209178800978,-1270.876192958929,-2455.5283184656555,-55.913685828334685,-45.469753534607804,-108.07644152467424,-127.0173701944821,-138.76601351859506,1.0,-52.09677493659097,-51.14305871463736,-73.23144192952716
2019-06-11,2122,2018-06-11,2019-06-11,252,167,-1933.0706304739065,-1917.312406446321,-3392.7347121476337,-3840.615208013292,-3961.0920499699423,0.997043169722058,-1176.9426017537319,-1260.8472025846754,-2453.355504049311,-59.206982641230326,-36.44993544819411,-141.07329392168128,-197.26953818230436,-218.2440272928101,0.9885931558935361,-32.971513607722244,-27.521229449331308,-70.35664527485666
2019-06-12,2123,2018-06-12,2019-06-12,252,167,-1933.997381989616,-1913.407086958174,-3419.4967484216786,-3849.2553101601607,-3985.02058985622,0.9970414201183432,-1189.1572760685701,-1274.5418803825971,-2454.274699511369,-56.609462966551455,-46.823080820962986,-106.82872461685072,-130.49752578288556,-141.35735766186022,1.0,-52.87223112057313,-51.92626433077483,-74.47252953473196
2019-06-13,2124,2018-06-13,2019-06-13,252,167,-1925.8606509114968,-1911.759907143864,-3394.8751077376796,-3830.662437238153,-3945.459767399397,0.9970414201183432,-1181.7886261769197,-1251.8582764174603,-2452.1501393443054,-55.512389578086946,-45.946430709642755,-104.47819990614124,-128.08884015344265,-136.31387850962264,1.0,-51.831215846514674,-51.388605468565295,-73.07813535483609
2019-06-14,2125,2018-06-14,2019-06-14,252,167,-1930.3109783396587,-1912.2391049648336,-3401.384787918924,-3835.9518384500057,-3964.668447227059,0.9976331360946745,-1189.7233184402446,-1281.7807556749603,-2448.0039021814264,-237.73919604957865,-222.67147244702818,-391.5470366061823,-453.17573519494147,-468.72051168606305,1.0,-211.1336457235019,-200.3816293738499,-326.6375947868803
2019-06-17,2126,2018-06-15,2019-06-17,252,167,-1928.7076795778453,-1915.312093942293,-3368.5563815785335,-3802.661574293643,-3916.3272016743645,0.9970414201183432,-1185.2105323738185,-1257.2802931886592,-2466.875354737482,-55.4705159929055,-46.403107137501515,-104.07783042116365,-126.403294988392,-137.468672736857,1.0,-51.77670047637358,-50.72268202616883,-72.8066752516987
2019-06-18,2127,2018-06-18,2019-06-18,252,167,-1937.5303445247812,-1930.716113690874,-3394.3938131452546,-3794.165145219083,-3950.408028791665,0.9964497041420118,-1196.3641845554464,-1265.23442678243,-2437.9440569437797,-48.703129183586604,-36.02769737830866,-107.56344943159912,-139.41989326833487,-149.00396841973532,0.9962962962962963,-28.471079331125967,-25.011552826855606,-59.710597593355295
2019-06-19,2128,2018-06-19,2019-06-19,252,167,-1928.049864313647,-1925.2811944122927,-3370.0444127032133,-3787.8055834648508,-3930.833794701719,0.9964497041420118,-1193.4323187759842,-1281.2533420668365,-2435.19971657753,-48.2692930203169,-35.937536706007855,-106.75934281898748,-134.07903988273728,-145.8646789297181,0.9950556242274413,-28.042636002427265,-24.605771810712728,-59.81728977502645
2019-06-20,2129,2018-06-20,2019-06-20,252,167,-1945.796040333131,-1941.0792716660571,-3379.0672493160428,-3836.8010486870885,-3965.726428724484,0.9964497041420118,-1198.8208223215327,-1284.2621110557736,-2457.8835777216473,-232.2379143992306,-210.56267867612232,-392.8185455691984,-451.16660620047844,-474.12713199053724,1.0,-205.41468823235246,-186.27724897303,-317.26132335797
2019-06-21,2130,2018-06-21,2019-06-21,252,167,-1952.2031609559217,-1936.7357568115485,-3388.0952242909148,-3855.4123123029913,-3981.7574488992827,0.9964497041420118,-1204.80136188065,-1283.762683421058,-2464.092464610876,-49.84564314833204,-37.27671264501936,-113.0553269373552,-140.1900973180144,-152.14632383690028,0.9963144963144963,-29.049700554320896,-26.17599925851196,-61.67517978164625
2019-06-24,2131,2018-06-22,2019-06-24,252,167,-1956.3335984492332,-1951.3671855156756,-3414.9087601177284,-3855.1451484566187,-3990.0072318829393,0.9964497041420118,-1210.122983852675,-1288.4121662714485,-2445.1416804487785,-54.595342077061034,-45.21379083656542,-104.18235237192685,-126.47119360971743,-135.2951646382703,1.0,-50.820075838359344,-49.06627428984488,-72.62390466367876
2019-06-25,2132,2018-06-25,2019-06-25,252,167,-1973.9687835140455,-1961.5957296771162,-3426.0014422553536,-3850.102922261872,-3999.936946043118,0.997043169722058,-1219.2943580587803,-1308.485796884489,-2456.1087910211504,-51.64050103994436,-37.333856951474885,-114.79119076073657,-154.14075318169046,-164.49913770253238,0.9925925925925926,-29.823939072148224,-26.14597402881943,-60.5393289928084
2019-06-26,2133,2018-06-26,2019-06-26,252,167,-1932.2041892821057,-1913.3574064607446,-3361.293532201549,-3830.750342728214,-3941.5160911443436,0.9970396684428656,-1201.1693755865506,-1251.7192056340225,-2405.392884978934,-54.86302270889605,-45.87736116335334,-106.50531315922656,-126.23415845532045,-136.0376598311457,1.0,-50.992892571886024,-49.98863159118179,-71.81416716626886
2019-06-27,2134,2018-06-27,2019-06-27,252,167,-1929.1301875984532,-1926.232092473299,-3353.2233118054596,-3774.9439558948397,-3904.03653227756,0.9970396684428656,-1205.4139268789957,-1264.494860676841,-2412.522836160075,-50.1212835697055,-43.10542998171492,-90.58951596721205,-109.07584116695404,-116.6485600714581,1.0,-48.934070778129836,-48.19999546873184,-61.65079875319989
2019-06-28,2135,2018-06-28,2019-06-28,252,167,-1922.723832798039,-1910.7015812440964,-3358.511901052375,-3741.6563512021326,-3882.838523300358,0.9970396684428656,-1202.1211400033508,-1277.6486474538774,-2403.32195619769,-55.170355120153374,-46.14831149965531,-106.06000311759564,-127.8416091879814,-137.6915431069319,1.0,-51.32962210068984,-49.87541537851223,-72.6165620433075
2019-07-01,2136,2018-06-29,2019-07-01,252,167,-1917.1603342113663,-1918.3606958062542,-3350.6256589774407,-3739.8913487281347,-3861.0150239745262,0.9970414201183432,-1198.3995247525093,-1270.2720441239665,-2427.339741323195,-55.061900048222725,-45.6940653187479,-105.67154104254426,-126.99929804704387,-137.97368133851754,1.0,-51.10511336308939,-49.822383895286464,-72.44846628372163
2019-07-02,2137,2018-07-02,2019-07-02,252,167,-1900.9860203750723,-1903.3254982184949,-3313.9372921052527,-3669.248463192727,-3824.174139476558,0.9970414201183432,-1185.4118154973794,-1259.0818031998406,-2408.8534589806563,-54.8972519088023,-45.84068087694038,-105.13625520465261,-127.19497842175471,-136.83265852508512,1.0,-51.0532713632244,-50.201343495124995,-71.20697160897306
2019-07-03,2138,2018-07-03,2019-07-03,252,167,-1901.0118478876502,-1909.4193666408369,-3329.5855417654484,-3676.5041670949886,-3823.0555992092504,0.9958555358200119,-1186.514734687553,-1255.9393776480697,-2409.175412579602,-213.00212843733956,-200.47111487313276,-340.41583169564984,-391.4954991375101,-404.4854343192267,1.0,-194.27513692830448,-184.02684469956085,-276.0319557790822
2019-07-05,2139,2018-07-05,2019-07-05,252,167,-1895.770487488014,-1896.9953793411744,-3316.877917592673,-3682.3729671021943,-3828.0705100214427,0.9958555358200119,-1190.0851585270777,-1278.1718457923653,-2396.403478985569,-56.09012132579503,-37.778236860793186,-128.0246267060579,-177.8452299362081,-195.90477245525736,0.9938347718865598,-32.46670906476806,-27.02509641149231,-68.0530935508318
2019-07-08,2140,2018-07-06,2019-07-08,252,167,-1890.3705265594974,-1895.656498940837,-3330.9713108913966,-3678.482585332629,-3822.14717312667,0.9958579881656805,-1180.5786416500555,-1257.507063707771,-2393.9177479205036,-223.30894837227746,-200.01818323382653,-376.03539554946303,-449.24594417385373,-468.02600586224867,1.0,-200.0618177876644,-179.21822991170325,-297.84171059866776
2019-07-09,2141,2018-07-09,2019-07-09,252,167,-1892.272076488081,-1892.1340031658563,-3298.3184856613602,-3664.063045224985,-3805.282984008843,0.9958604376108812,-1185.4383238915802,-1254.8652392948807,-2375.0231066318047,-221.40609332414215,-197.09898255324867,-366.27711105373464,-437.30566636772625,-457.51903481150345,1.0,-198.88373061994062,-184.0678597132241,-290.32417963913156
2019-07-10,2142,2018-07-10,2019-07-10,252,167,-1898.681360767859,-1900.8417312398792,-3323.188388353434,-3668.8502627776174,-3827.672528930105,0.9958579881656805,-1187.5886647783689,-1254.8412454907498,-2393.615109797797,-47.20700832872387,-34.10982040697739,-108.54412375984134,-129.17984664319428,-145.49487671478997,0.9937185929648241,-27.023229810887894,-24.53297224471216,-55.40776934326491
2019-07-11,2143,2018-07-11,2019-07-11,252,167,-1894.4433535937467,-1907.0043082599577,-3318.367727626388,-3677.1030699332255,-3818.9836752616675,0.9958579881656805,-1184.945895710924,-1248.469861876579,-2391.4452778269183,-50.28196074059864,-42.905649044741025,-91.53834922278682,-109.96987525627168,-117.99524518093334,1.0,-48.969470401814206,-48.829988425199055,-62.23387971800031
2019-07-12,2144,2018-07-12,2019-07-12,252,167,-1906.456101920919,-1924.5708086328314,-3278.0960812062403,-3693.6694235522373,-3802.0785381215405,0.9958579881656805,-1175.349851101572,-1223.5536558125414,-2442.852393825354,-55.46651259695621,-46.68293732244483,-107.42582441425992,-128.48176799363063,-136.5699393449207,1.0,-51.66093174059015,-50.25891089086855,-72.5893052806257
2019-07-15,2145,2018-07-13,2019-07-15,252,167,-1902.76687246299,-1911.2299017438004,-3313.3062219400667,-3683.471485226177,-3803.401493873902,0.9958579881656805,-1188.3535246656672,-1236.0807181164225,-2444.7028424026134,-46.58426554651043,-35.186593206698,-102.70803671322531,-129.75890307076267,-138.7113994280372,0.9899117276166457,-27.066061340461722,-24.465611644285474,-56.79464179126676
2019-07-16,2146,2018-07-16,2019-07-16,252,167,-1909.767038575459,-1924.0468836081127,-3315.2329510191103,-3687.755522224004,-3809.827306355221,0.9958579881656805,-1174.6263564196722,-1219.2598831866574,-2449.127099540278,-44.85066045245715,-32.543536531399035,-99.75503366053016,-129.04185572015774,-135.57479920814063,0.992462311557789,-25.87449648995264,-23.48479617935075,-53.10950991110148
2019-07-17,2147,2018-07-17,2019-07-17,252,167,-1905.525167942488,-1915.24945386434,-3275.7596778550305,-3662.0955914027572,-3769.7593848458823,0.9958579881656805,-1172.3364596587878,-1209.5279622128255,-2475.9057870199235,-56.08791143777135,-46.65984124740224,-106.67854610992131,-127.13054280101093,-139.48687168001902,1.0,-52.06043511820667,-50.83940120913857,-72.74724281621837
2019-07-18,2148,2018-07-18,2019-07-18,252,167,-1895.0601758412124,-1901.7408290506692,-3274.7483054000254,-3670.225524803992,-3771.737579406334,0.9970414201183432,-1177.033369276469,-1226.9562774842166,-2419.6681305786947,-46.30268466834314,-34.20546373904374,-102.87093399372007,-133.3792187372905,-140.9195226730232,0.9911727616645649,-27.123355971023155,-24.092679547732697,-56.24428041730942
2019-07-19,2149,2018-07-19,2019-07-19,252,167,-1871.4393317312063,-1889.472074359898,-3261.2567380802993,-3623.705307041628,-3743.8220931882875,0.9964454976303317,-1163.5921718173374,-1202.3125515799827,-2365.460597519957,-218.89015879381662,-203.0660618934741,-363.13371030766587,-415.4754287791197,-440.56063877053793,1.0,-198.31726891552904,-185.1251770962604,-296.54358595850164
2019-07-22,2150,2018-07-20,2019-07-22,252,167,-1885.7640368930824,-1897.6752350894615,-3276.4528510360456,-3651.4475056414117,-3765.9934382356323,0.9976303317535545,-1168.5013300609369,-1203.2880540600463,-2376.6444203331066,-50.60945348296949,-38.447868913192266,-110.9871295177186,-133.87588414370097,-149.20805729794705,0.99125,-30.09960184953699,-27.931396012598015,-60.50793069312543
2019-07-23,2151,2018-07-23,2019-07-23,252,167,-1876.7380847703987,-1892.871457531132,-3255.746553431485,-3618.9435344544477,-3734.6026516748802,0.9976303317535545,-1155.9688901463114,-1182.3821246943655,-2382.884820009963,-220.56196127038177,-202.78921816847065,-360.89056048512043,-415.05622836791855,-437.85772971037886,1.0,-199.4847283739412,-185.98356123930137,-295.36354472266817
2019-07-24,2152,2018-07-24,2019-07-24,252,167,-1870.3214843929086,-1881.7781089077937,-3227.509115417144,-3613.597411020155,-3722.198575459834,0.997628927089508,-1157.5110978412447,-1176.1597130435898,-2325.380706371607,-50.468808471305195,-42.884260303797795,-91.92407070722817,-112.57987805421423,-117.66958387980212,1.0,-49.169308193472894,-49.071029301037285,-63.22377588930199
2019-07-25,2153,2018-07-25,2019-07-25,252,167,-1875.1461496357433,-1885.7718151029644,-3218.9779492237476,-3626.7841008189735,-3731.840600094572,0.9976303317535545,-1163.2486014746926,-1185.132813162867,-2319.766378854584,-226.81524963840647,-207.00220250888248,-373.18860762474054,-432.9596988969826,-456.28052781964016,1.0,-203.65201846369158,-191.45020234384364,-295.4879691020687
2019-07-26,2154,2018-07-26,2019-07-26,252,167,-1883.1370775138782,-1899.5535004143198,-3255.9438099711792,-3643.1675254950483,-3778.9118659602595,0.9982227488151659,-1159.266233633165,-1176.6525555900241,-2302.6848737961554,-50.43722719160385,-42.53045332982958,-91.87214829989655,-111.05045216491479,-116.49870022417433,1.0,-49.14518988386399,-48.981376136163306,-62.348276006955444
2019-07-29,2155,2018-07-27,2019-07-29,252,167,-1870.0059960095102,-1870.4769004510063,-3223.0549001289755,-3652.6822218437655,-3762.9914847834852,0.9982238010657194,-1150.492644974601,-1171.1486733422469,-2309.3210153839973,-221.88604328753385,-209.17722975756652,-360.79454521716605,-401.13975828894013,-423.88975278741935,1.0,-199.70595959058264,-184.416157603003,-298.7439003617216
2019-07-30,2156,2018-07-30,2019-07-30,252,167,-1866.5669744554912,-1852.9637972129794,-3250.387812986425,-3639.1981611043393,-3820.889336932143,0.9982238010657194,-1157.3003054721119,-1189.4567880111103,-2294.8486424502225,-49.14980721404173,-37.085850778491356,-107.94177081568809,-132.9370858359671,-150.36394351287154,0.9936305732484076,-29.140705123261675,-27.649723545444758,-56.56346920742658
2019-07-31,2157,2018-07-31,2019-07-31,252,167,-1871.1685466150434,-1865.5311285947741,-3293.7629318772542,-3679.3284396989015,-3824.220056669487,0.999407231772377,-1162.6943643297889,-1234.1813052806947,-2244.9138336707274,-53.66430394007372,-40.042663832264765,-119.47307046038812,-159.38044323624084,-169.47582836179095,0.9912826899128269,-31.95083990417826,-30.669612057855673,-61.73901537879077
2019-08-01,2158,2018-08-01,2019-08-01,252,167,-1871.2932451123245,-1878.2470232092953,-3237.102635099116,-3607.5384750504404,-3753.8225096476763,0.9994079336885732,-1159.7279724692191,-1206.3376479487977,-2322.369767253519,-54.76099149355495,-45.38103656931976,-105.19198526557231,-130.76740795141032,-138.3419749742024,1.0,-50.827472802376064,-49.26748379951848,-70.76077508954151
2019-08-02,2159,2018-08-02,2019-08-02,252,167,-1896.589280902884,-1889.9812658113528,-3248.1952634606955,-3702.0277355093694,-3822.9863138889573,0.9994068801897983,-1163.4963957591765,-1203.8731208890429,-2325.4634008920375,-52.87699120654275,-37.656785607380606,-118.70870756134647,-160.92198868019233,-169.4923192281483,0.9950186799501868,-31.01602752007785,-27.30325124721218,-63.08170292661362
2019-08-05,2160,2018-08-03,2019-08-05,252,167,-1968.6067517443198,-1961.604373740615,-3355.0370057248756,-3787.8226675483065,-3932.953741242012,0.9988165680473373,-1206.8113416081803,-1246.3852015634802,-2444.0014853865864,-49.68460304202036,-42.55120187963818,-88.50162164484607,-107.30619761481006,-114.32538071408402,1.0,-48.50386019684227,-47.73711410531848,-60.32204807551409
2019-08-06,2161,2018-08-06,2019-08-06,252,167,-1967.1931676028014,-1946.2409908288423,-3389.003517108607,-3825.0479903503656,-3965.4596952839383,0.9988172678888232,-1206.7019653114105,-1232.0571814833258,-2394.5630981265044,-222.49849553519857,-214.36966231701706,-345.2583720604396,-392.1836551039709,-408.66542855838907,1.0,-201.06163893294203,-187.76628733103217,-296.190469747385
2019-08-07,2162,2018-08-07,2019-08-07,252,167,-1960.5090756579345,-1941.4744418178727,-3376.9780277009154,-3813.4386670376475,-3953.618304855485,0.9994086339444116,-1206.1550179505239,-1264.594155261619,-2408.159804828433,-50.14013176572477,-42.952112996513705,-89.39127609328992,-108.65121033120636,-116.58222130604103,1.0,-48.8738965657731,-48.95898846854028,-60.777409906429774
2019-08-08,2163,2018-08-08,2019-08-08,252,167,-1984.3047620734253,-1972.0058833737767,-3428.970218800389,-3861.544539613223,-4010.0838127228867,0.9988165680473373,-1218.699682085833,-1260.5904307024216,-2415.6907770652388,-50.38228566036864,-43.14926557179902,-91.53420079615343,-110.19093492803805,-117.99186075263518,1.0,-49.06682273464301,-48.93828989150191,-61.81397569268068
2019-08-09,2164,2018-08-09,2019-08-09,252,167,-1990.8860061995622,-1987.5214862080302,-3448.783240001268,-3853.119950043074,-4030.7200616024043,0.9988165680473373,-1218.2402044182415,-1259.233767984398,-2391.00894699843,-50.10999453475013,-42.869447470912625,-90.11702680297019,-107.73825324701583,-116.30460852000414,1.0,-48.901343200755626,-49.14578142008265,-60.020598115272215
2019-08-12,2165,2018-08-10,2019-08-12,252,167,-1989.520199776921,-2005.6387365427568,-3428.8975799339846,-3841.6463499849447,-3985.751264771499,0.9988165680473373,-1219.6401165799157,-1246.3754736785854,-2433.4613784630164,-235.76800796759892,-214.86918354881306,-392.5835990487668,-455.2055075561283,-480.892889704431,1.0,-208.47378661865247,-187.13544059888946,-322.4612177438395
2019-08-13,2166,2018-08-13,2019-08-13,252,167,-2020.724355300345,-2025.0022370834986,-3478.966292386092,-3893.085195108644,-4065.500507600446,0.9988165680473373,-1246.3780883859336,-1278.267895688957,-2433.9322076242047,-240.09666414070014,-220.0895427209601,-397.4875685676888,-480.9253217333458,-502.4075545320697,1.0,-210.92460672473348,-196.18570707680095,-333.635337179647
2019-08-14,2167,2018-08-14,2019-08-14,252,167,-2037.515717079917,-2028.5972344021498,-3529.0843961154587,-3959.0856436325935,-4134.028102481444,0.9988165680473373,-1265.99644231978,-1304.3500076530247,-2443.1817662069957,-50.13748774762552,-42.531165393938046,-88.69340806504987,-108.28822780419507,-116.6676498357626,1.0,-48.89851431700528,-48.61245142741389,-60.976245461914424
2019-08-15,2168,2018-08-15,2019-08-15,252,167,-2017.8857164010615,-2013.8741008570055,-3498.2811527097815,-3908.1115723484186,-4074.4903039849046,0.9988158673771462,-1254.170646485405,-1281.9173452948437,-2435.2544976452477,-62.8810053703128,-46.38552024568208,-140.42592611959986,-178.67568891769807,-191.65823416926318,0.9937888198757764,-39.287979867416695,-40.348579768619366,-71.37533099897831
2019-08-16,2169,2018-08-16,2019-08-16,252,167,-2025.6222757182045,-2008.4302692605008,-3518.114497928616,-3956.4116570332435,-4102.663191146993,0.9988186650915535,-1263.1537147766558,-1285.670260753674,-2442.282053510159,-63.13617025253996,-44.99431025935286,-141.71142012507283,-181.02294322974336,-202.61812077314562,0.9948612538540597,-39.568398626801624,-39.3100037887304,-75.69776056807322
2019-08-19,2170,2018-08-17,2019-08-19,252,167,-2043.6722575839462,-2020.6284204336694,-3561.8491174640717,-4014.383963512139,-4167.892641798988,0.99822695035461,-1269.6639143556042,-1296.9103597649341,-2464.2755245596672,-59.28753224862048,-43.045883374556354,-132.57243937205575,-165.6065295375308,-183.1955211045593,0.9958677685950413,-36.89820602902556,-36.21379078965126,-69.65007462171846
2019-08-20,2171,2018-08-20,2019-08-20,252,167,-2040.4055344883513,-2033.8714723322112,-3535.411353681846,-3979.184248354048,-4129.913881542817,0.9988179669030733,-1271.4991417435651,-1273.718331176522,-2492.5591291125397,-247.3749629102981,-228.60723539304874,-413.78399839857747,-492.86130856363525,-512.7896923584964,1.0,-218.24112026985355,-209.36492650946494,-315.62332784969806
2019-08-21,2172,2018-08-21,2019-08-21,252,167,-2040.7721167719633,-2029.1037228746216,-3531.863700722313,-3969.1999062839336,-4135.950025237661,0.9988172678888232,-1275.0978195298524,-1288.5182655734718,-2472.187483165031,-63.92068290580524,-46.03690307658108,-141.42974824188315,-179.108798442361,-193.16508035209173,0.9938335046248715,-39.63072373343792,-38.85870143267024,-75.40505376151445
2019-08-22,2173,2018-08-22,2019-08-22,252,167,-2054.7859403636717,-2031.2790816113256,-3539.0353145401054,-4011.0998510763325,-4167.956469143821,0.9982279976373302,-1280.9225048294438,-1311.7894950129737,-2505.387594356129,-60.51704260367597,-46.412744446470846,-133.5797519538747,-165.1007481117564,-180.46662541174277,0.9959058341862845,-37.77421472384703,-37.47019628042366,-71.59999954503552
2019-08-23,2174,2018-08-23,2019-08-23,252,167,-2075.5901349726378,-2041.6860984625018,-3621.894174024415,-4063.8498286592267,-4234.765664913604,0.9982259018332348,-1299.6025462362038,-1345.9435956334721,-2480.714966028053,-247.80079072432258,-232.53738265136948,-412.94295849880467,-492.9807365693596,-510.94616522349963,1.0,-217.388192861657,-197.727507207696,-337.34711311956335
2019-08-26,2175,2018-08-24,2019-08-26,252,167,-2077.464258573741,-2043.52047749443,-3624.318375054861,-4063.31342255208,-4238.057522413569,0.9982259018332348,-1294.7175675911365,-1350.251954914245,-2480.5669759124826,-247.9787228292317,-229.72505117762242,-414.00652929673805,-494.5481521480221,-513.7454262442653,1.0,-217.7828073065013,-198.52232472082963,-343.60030502644537
2019-08-27,2176,2018-08-27,2019-08-27,252,167,-2085.3059169291932,-2056.2414721396785,-3626.190582955906,-4075.3876507007526,-4251.700769274818,0.997043169722058,-1304.7561175667777,-1350.9391744116226,-2475.580215849928,-66.47256326411029,-47.999691037372074,-152.29204250592338,-184.09277615722252,-205.3038982089835,0.9931707317073171,-41.701266452627614,-42.98684288913857,-76.08235395470935
2019-08-28,2177,2018-08-28,2019-08-28,252,167,-2067.8155712420153,-2060.2031940637203,-3600.3068230549943,-4008.5024333138435,-4183.423727477257,0.997043169722058,-1287.0995179103752,-1335.594532361034,-2477.8942013443097,-50.299557480300585,-42.971650913618866,-90.00267067087522,-108.62911431750247,-117.45421027994828,1.0,-48.926277179803,-48.142882546070155,-61.45849515199025
2019-08-29,2178,2018-08-29,2019-08-29,252,167,-2088.5548392333935,-2084.0335201947,-3631.897022622684,-4064.424288650377,-4238.268340424134,0.997043169722058,-1297.6489189777437,-1360.2495598900584,-2503.6557019784996,-50.43374622992755,-43.26075666741442,-89.93832505942144,-111.8489487394317,-118.19257050442398,1.0,-49.00506068103261,-48.52209893707614,-62.0576027798576
2019-08-30,2179,2018-08-30,2019-08-30,252,167,-2085.2214254053692,-2067.5748043549524,-3629.1636103517435,-4017.6602815690094,-4213.601500400945,0.997043169722058,-1292.0560865118389,-1348.5754771866812,-2528.7343072994154,-50.07819899018144,-43.402422833714546,-88.29322383114655,-107.99916474011327,-116.43967155740894,1.0,-48.745384408989814,-47.91860060170348,-60.884782883560874
2019-09-03,2180,2018-08-31,2019-09-03,252,167,-2092.6946870724487,-2098.047895746193,-3611.3829972539875,-4030.3572194783974,-4208.751463654189,0.9970449172576832,-1302.2144325147722,-1362.1217790590965,-2548.0867875712315,-50.074448844299546,-43.05081139937309,-88.22696418775224,-109.70880244086376,-116.03008871875475,1.0,-48.81617562500321,-48.8707561762698,-60.51533807214457
2019-09-04,2181,2018-09-04,2019-09-04,252,167,-2103.1492575247325,-2102.616444024152,-3630.3526314707765,-4096.828190406939,-4247.911794039936,0.9970449172576832,-1316.3567673559814,-1384.878444875566,-2589.602194139755,-244.81072745653032,-222.85131111321527,-416.9027745502434,-486.67156970593703,-511.9518836415185,1.0,-214.3175907304335,-192.40403843362628,-333.2763023706502
2019-09-05,2182,2018-09-05,2019-09-05,252,167,-2136.9579835253094,-2120.1714052979905,-3689.1449664476763,-4165.223816482768,-4334.619539213037,0.9970466627288836,-1318.4027518636442,-1392.6873978385859,-2604.5001634828723,-50.29128270231255,-42.857610065166384,-89.6570881522828,-111.83056280384686,-117.68360398584541,1.0,-48.930185041121575,-48.96877011896178,-62.1101016145134
2019-09-06,2183,2018-09-06,2019-09-06,252,167,-2157.6371586943974,-2146.916547740951,-3698.5550817739327,-4189.320282677016,-4351.518508234868,0.997637330183107,-1331.4072553791816,-1381.6042759678562,-2618.57185305173,-52.466953213361464,-44.62965245174243,-96.7164500029412,-120.53967435435496,-127.85668447829873,1.0,-48.94621342245271,-47.387586621847305,-66.91769619034616
2019-09-09,2184,2018-09-07,2019-09-09,252,167,-2101.9585575506235,-2090.250374559948,-3615.9740183000567,-4143.004563739725,-4262.911051762935,0.9976387249114522,-1288.7440684635721,-1360.4691183911962,-2549.804622235664,-52.49083005122787,-44.72950968012569,-98.68755765724421,-119.03471298853422,-127.47764075974028,1.0,-49.02064747118368,-47.5471474445401,-68.3443812690329
2019-09-10,2185,2018-09-10,2019-09-10,252,167,-2055.001827554046,-2056.1997098981906,-3469.5781685298252,-4019.6753197830503,-4133.57095061252,0.9982290436835891,-1249.9849440248768,-1336.7332289632343,-2517.0990651190896,-52.72288774128088,-44.72718756025351,-98.0189241405562,-119.29217800209092,-127.32863029030173,1.0,-49.28551426901925,-47.41424845948953,-67.59823310061992
2019-09-11,2186,2018-09-11,2019-09-11,252,167,-2048.979478439003,-2041.4575764400406,-3472.6310368294553,-3994.587731673112,-4107.328683935236,0.9988200589970502,-1257.6327438982385,-1334.9114624516783,-2530.419707059671,-50.852510678430065,-43.575639777914674,-90.74104840454812,-112.1299457530271,-118.35085362994378,1.0,-49.424458042397205,-49.599027117844024,-62.01254321950529
2019-09-12,2187,2018-09-12,2019-09-12,252,167,-2040.4410562024862,-2044.6676045941254,-3472.859379773805,-3968.1739841558124,-4095.526468216643,0.9988200589970502,-1250.169968151731,-1373.02731128812,-2499.7000519786416,-235.38230809999885,-212.1693428074683,-387.78850864288364,-464.5351610815508,-493.0076278024973,1.0,-208.61135456380507,-195.65004554585667,-308.4304628428463
2019-09-13,2188,2018-09-13,2019-09-13,252,167,-2048.593895942846,-2058.7426862039665,-3482.0859286009068,-3972.8843122030444,-4097.364291829301,0.9988200589970502,-1249.6444927117477,-1347.1473292844473,-2522.888151633447,-52.46984064443557,-44.779398088597446,-97.24586486669381,-118.20623185266983,-126.30879764417003,1.0,-49.06943050735613,-47.9720613424246,-66.96109709625601
2019-09-16,2189,2018-09-14,2019-09-16,252,167,-2062.493053984091,-2078.4521158654297,-3513.274777115362,-3985.518037834169,-4129.944006200051,0.9988200589970502,-1257.2357769413186,-1346.4523881296846,-2529.505522307936,-65.35510779221069,-49.0897253205743,-143.2614193316439,-180.73441888434326,-200.63379540975131,0.9961501443695862,-41.07378444272818,-43.24278183395604,-75.92049441418698
2019-09-17,2190,2018-09-17,2019-09-17,252,167,-2052.7716872925166,-2068.982025278491,-3480.4073163883963,-3980.4797736141577,-4115.752075204953,0.9988200589970502,-1255.5356737702346,-1345.9404434474231,-2500.16859799962,-66.09544778607754,-48.30087176917892,-146.1915598220614,-188.85125268712045,-203.4399816538909,0.9932627526467758,-41.94000082116272,-42.313311470552875,-76.44143129623795
2019-09-18,2191,2018-09-18,2019-09-18,252,167,-2052.2107552180637,-2043.7533149173005,-3498.230863138241,-3995.9972735754345,-4138.238311043779,0.9982300884955753,-1270.2075247067842,-1357.3660057244042,-2479.8046796333356,-52.95189341089259,-45.30504508096914,-98.99879473065259,-118.30680162277851,-128.45613085728644,1.0,-49.51407399263682,-48.98484167168328,-67.85694717579959
2019-09-19,2192,2018-09-19,2019-09-19,252,167,-2059.7248115066373,-2049.0639724047223,-3483.0231590565218,-4020.217400321302,-4135.285215255375,0.9988193624557261,-1271.141444841745,-1336.0277387959882,-2477.810685763163,-50.746685971371924,-44.22510398885319,-91.41997882571694,-112.06687162708486,-118.8993201035546,1.0,-49.31761868231383,-50.06967277340536,-62.217048500690055
2019-09-20,2193,2018-09-20,2019-09-20,252,167,-2073.0532918948566,-2056.3260374529173,-3500.882131344685,-4016.3692612463838,-4138.243184258787,0.9988193624557261,-1273.468201214195,-1340.6126254202607,-2522.0984280739553,-257.71685927352627,-239.89367218641462,-438.78698105274907,-499.34662641471806,-517.8721196815864,1.0,-224.2874650726092,-206.59394317133322,-348.9830453451424
2019-09-23,2194,2018-09-21,2019-09-23,252,167,-2057.1482460450297,-2050.3763223051033,-3478.713338630443,-3967.9543937361827,-4112.767780328947,0.9988200589970502,-1258.2025865925486,-1298.2325095260596,-2489.5994048860202,-250.829653467378,-236.50379005192815,-424.27366709607816,-479.52702016418476,-496.94345044802196,1.0,-219.76541264929247,-201.55046207533024,-337.99471279417577
2019-09-24,2195,2018-09-24,2019-09-24,252,167,-2060.330404313521,-2057.9326276889815,-3498.1227071718727,-3982.616093330006,-4112.661417441818,0.9982300884955753,-1262.739259380856,-1301.6604049970342,-2503.2949868807063,-50.79472608897965,-44.76130829967301,-90.51785182273917,-110.29964272616928,-118.16990824925422,1.0,-49.33181863264581,-49.35814694658389,-61.307285644870106
2019-09-25,2196,2018-09-25,2019-09-25,252,167,-2084.851181809649,-2083.133030709467,-3509.3755191233313,-4015.4168168472697,-4142.647185443927,0.9982300884955753,-1267.377361888317,-1299.3478830241256,-2547.702786261086,-50.84530131207774,-44.08256816416491,-90.58461856155232,-115.84820295829284,-119.66477512609356,1.0,-49.36001300866215,-49.4716858716463,-61.95776301293482
2019-09-26,2197,2018-09-26,2019-09-26,252,167,-2069.6585748033117,-2078.609784654101,-3523.8509672178043,-3990.9307951191927,-4120.256720422946,0.9982300884955753,-1259.8570152646025,-1308.4930788672232,-2523.8366077893224,-241.5280965042856,-230.5178985640248,-395.6153982565495,-448.5201552851065,-465.3070749809795,1.0,-213.73105903456843,-198.43592616518865,-333.672897475801
2019-09-27,2198,2018-09-27,2019-09-27,252,167,-2085.25634727133,-2084.352299590815,-3540.1205688852165,-4015.2269252609376,-4147.725367850823,0.9976401179941002,-1281.3070368328795,-1312.4908500021306,-2523.8745765928957,-59.737569881877576,-49.210958245756785,-124.09522838006,-152.2771650172206,-171.31306875628547,0.9921259842519685,-37.86698720609302,-36.123301893383726,-68.43050781229374
2019-09-30,2199,2018-09-28,2019-09-30,252,167,-2067.4403670522893,-2050.7602380683484,-3517.745092088506,-3982.4545961493677,-4130.171560294101,0.9976415094339622,-1264.3333833865697,-1300.7155766699898,-2517.913170896214,-238.12714130137613,-218.35456523788446,-389.2142366916695,-451.1262064919253,-470.41285411109175,1.0,-211.70250753025886,-200.53381925848691,-312.4950091928191
2019-10-01,2200,2018-10-01,2019-10-01,252,167,-2087.31226231297,-2053.3422666636507,-3528.750201984559,-4068.139097213328,-4186.576010411849,0.9982311320754716,-1275.5143928580317,-1348.8290324118086,-2544.4565160043117,-52.460621202788644,-44.805243594408125,-97.46702967814606,-118.31048147294554,-125.78822638182625,1.0,-49.05188593347735,-47.97415670874047,-66.43242229645855
2019-10-02,2201,2018-10-02,2019-10-02,252,167,-2098.7401951661222,-2071.791705303199,-3550.810848690264,-4133.01023594629,-4215.425046421994,0.9982300884955753,-1280.7823783665344,-1330.1226578944566,-2513.8004266832313,-236.58726557854655,-214.42202818044942,-389.409660012719,-448.47445072229874,-470.3668178645565,1.0,-211.40653485306342,-199.40354876553687,-321.3189251395988
2019-10-03,2202,2018-10-03,2019-10-03,252,167,-2090.067930083128,-2067.096424514197,-3530.564315832729,-4092.9316061308123,-4192.725831148848,0.9982300884955753,-1270.9895815894904,-1319.87100194744,-2512.5260937195676,-63.40645892044189,-49.14358374877929,-131.78809276763988,-176.25334416119017,-194.37991956169344,0.9943019943019943,-39.423065290716735,-39.885496626232104,-72.57658016909585
2019-10-04,2203,2018-10-04,2019-10-04,252,167,-2080.8847288280717,-2055.138997462738,-3507.656377469221,-4081.9379113995724,-4164.213432779531,0.9982300884955753,-1256.883691186429,-1306.5998520483372,-2517.094457257879,-67.15159369846096,-52.15648406543748,-144.34732235847954,-188.50944615492432,-201.72874947776776,0.9934762348555451,-42.423546452026606,-41.25761771771145,-78.4137656466157
2019-10-07,2204,2018-10-05,2019-10-07,252,167,-2088.965096065774,-2050.848701350068,-3510.9842859351525,-4065.734254899083,-4184.981906155352,0.9976401179941002,-1266.2057933610904,-1318.3755953162868,-2504.5107026054093,-242.43976325850826,-212.0978534037838,-428.7272595402138,-491.6988103658642,-527.1347618790265,1.0,-212.70127213639955,-195.16063668429697,-326.50534953149145
2019-10-08,2205,2018-10-08,2019-10-08,252,167,-2102.3328307644224,-2092.087105558781,-3496.8122539293117,-4106.145826346424,-4206.200408051163,0.9976401179941002,-1276.691943049604,-1326.8069584724608,-2512.3410192502083,-258.5882569249543,-218.32891752139776,-483.02343731045346,-567.2873952932058,-597.4170737116403,1.0,-222.1019767188605,-204.14334830447368,-341.38742222216644
2019-10-09,2206,2018-10-09,2019-10-09,252,167,-2138.788833599106,-2125.477344085439,-3570.385656070885,-4167.871895034433,-4304.287335156152,0.9970518867924528,-1289.974455744829,-1370.071399730211,-2521.6081258964227,-64.2515188679546,-51.20539348549994,-134.52884155788263,-165.8413020072308,-182.9783258011812,0.9945054945054945,-40.75235742150384,-40.3176036514422,-75.34710667282636
2019-10-10,2207,2018-10-10,2019-10-10,252,167,-2163.01397616916,-2175.856795853936,-3655.0616949554965,-4222.5044017914515,-4343.827270694007,0.9982311320754716,-1298.7348989542677,-1395.8665609724246,-2544.0769029244493,-265.0670097494854,-223.82797118684846,-485.07437961119996,-566.0184720809831,-603.3674076330786,1.0,-226.87505127223815,-207.71407252175794,-368.3807277735229
2019-10-11,2208,2018-10-11,2019-10-11,252,167,-2122.2582456877844,-2055.0001553147567,-3614.461485585961,-4172.77786652139,-4322.157132459912,0.9982300884955753,-1276.0551924591236,-1354.791120716769,-2482.108138529211,-287.3287852595925,-237.789901365464,-558.443851539449,-660.5212797995061,-718.8755314071115,1.0,-239.6109087408605,-220.71807742465597,-378.0987357865235
2019-10-14,2209,2018-10-12,2019-10-14,252,167,-2135.2954700766977,-2108.0945272076997,-3621.238133260754,-4129.07654751263,-4312.68387542762,0.9976442873969376,-1281.5389582660837,-1379.0891481284393,-2532.9157035232197,-289.14984380055,-241.6214900465672,-554.8519363275719,-645.342517528379,-691.4981616109936,1.0,-240.6680452987883,-215.88533396196652,-384.7698117295649
2019-10-15,2210,2018-10-15,2019-10-15,252,167,-2143.9572421530656,-2118.831147784055,-3625.2490774745693,-4127.8995569733515,-4315.670326958502,0.9982332155477032,-1285.4068592638057,-1393.8501212143963,-2530.0086655663085,-51.46799292928216,-44.094808708835515,-93.28608331148614,-115.93241412448424,-123.24226842305536,1.0,-48.127887792328565,-47.237221437879896,-65.12420858328791
2019-10-16,2211,2018-10-16,2019-10-16,252,167,-2140.0909768864713,-2110.696913608349,-3607.002062328562,-4090.464802698993,-4288.034108790602,0.9982332155477032,-1281.4335848197231,-1367.6904353071402,-2531.326341194059,-50.053489857969176,-43.04696980867879,-87.6115675945716,-109.14368522824061,-115.61500822635963,1.0,-48.565088073397,-48.95899885107245,-60.73719849710009
2019-10-17,2212,2018-10-17,2019-10-17,252,167,-2165.9159170581534,-2125.7101259372375,-3658.2861161815113,-4193.625811937439,-4365.403180554225,0.9982321744254566,-1292.3652198167924,-1419.980071233081,-2553.6652776383357,-64.2764186549542,-49.54462613505622,-139.8137205038737,-171.2240001496561,-196.60797470665685,0.9931305201177625,-38.88386328200963,-36.68675587655723,-75.76421924524648
2019-10-18,2213,2018-10-18,2019-10-18,252,167,-2163.1597698516157,-2123.7315892554557,-3642.5637453570403,-4177.761869012923,-4378.225234302763,0.9976428992339422,-1285.6158305318795,-1368.3999470029464,-2578.820956858296,-51.3686778965435,-43.72372631156529,-95.3782715021497,-114.72121199528173,-124.07665076375801,1.0,-47.84120158709631,-47.61041910560542,-64.80055387443284
2019-10-21,2214,2018-10-19,2019-10-21,252,167,-2144.7340139379357,-2107.0768036807085,-3622.670420223473,-4142.579672649463,-4310.376402423199,0.9982311320754716,-1279.3083583610335,-1388.2189468255467,-2543.970850745575,-65.55135782748962,-48.11079337891711,-148.34427749785573,-190.64225171148507,-211.17558743298693,0.9940828402366864,-39.48615271407329,-37.49565118626597,-76.85586268944135
2019-10-22,2215,2018-10-22,2019-10-22,252,167,-2147.5355595544543,-2106.668634819858,-3658.9140599166185,-4202.291792030926,-4360.272810512175,0.9976442873969376,-1281.0943064003181,-1383.716860374157,-2524.949581547968,-63.696218244643696,-48.44979622465853,-137.0377219730774,-176.78583959590935,-199.4060551782182,0.9940711462450593,-38.641220671558955,-39.91153474687531,-72.01779011436643
2019-10-23,2216,2018-10-23,2019-10-23,252,167,-2186.1498544884703,-2155.512855085141,-3719.956363683811,-4225.382229165608,-4397.669903698066,0.9976442873969376,-1295.0757260074336,-1424.7242095648844,-2574.7849881771476,-267.42260663039025,-237.57946920147683,-475.7490368042398,-555.1864083642294,-573.9258375315692,1.0,-229.61427771516787,-205.37834913264473,-383.87180822115545
2019-10-24,2217,2018-10-24,2019-10-24,252,167,-2156.605613761514,-2118.4916139887837,-3686.388111312362,-4191.604163176905,-4353.408688528135,0.9976428992339422,-1282.5761862610934,-1368.6391637398501,-2541.0340314613095,-256.69507640671816,-225.49504292260195,-457.7879904333242,-531.121206568442,-560.7925872042399,1.0,-221.89013696238854,-195.84610630731203,-360.3560076289308
2019-10-25,2218,2018-10-25,2019-10-25,252,167,-2132.8068792550525,-2108.390957301913,-3655.5327681877134,-4202.109102819266,-4327.7199440563345,0.998234255444379,-1265.8321859330301,-1370.1872167170811,-2526.5666736775916,-57.20134520174399,-41.335944028991925,-123.75414495966433,-165.7253431995379,-184.30736001294233,0.9923747276688453,-33.25466632580427,-30.480345668944718,-68.86768146745815
2019-10-28,2219,2018-10-26,2019-10-28,252,167,-2117.451678412349,-2055.170573733679,-3706.4089310908566,-4241.094343952947,-4409.465624116797,0.9976456739258387,-1266.9297599260433,-1394.4504965710591,-2576.3517200001706,-240.24351239861966,-228.69038219902814,-394.3989728885865,-452.82232132270684,-460.9518104965646,1.0,-212.8451288064852,-196.08086879102643,-336.44932272584583
2019-10-29,2220,2018-10-29,2019-10-29,252,167,-2133.384589540019,-2047.164091177805,-3693.099709810086,-4287.898146484004,-4444.169974241876,0.9982352941176471,-1266.8686044990736,-1391.4517831352803,-2492.7225741726,-50.97412360849214,-43.3779108204632,-94.86309683683368,-116.61094557563273,-123.16350410385799,1.0,-47.63082964337109,-47.06231484660934,-65.61554145166161
2019-10-30,2221,2018-10-30,2019-10-30,252,167,-2141.5223076683037,-2029.44495142487,-3727.9124421962742,-4296.916368511927,-4480.032451965374,0.9982363315696648,-1270.8293195114607,-1389.4496944363905,-2465.7960092621306,-50.771980107102586,-43.23881710399013,-94.39970783121416,-113.10373801825943,-122.40756436634246,1.0,-47.436989344796714,-47.1864831102977,-67.01840804521696
2019-10-31,2222,2018-10-31,2019-10-31,252,167,-2128.764635511187,-2082.6238542329893,-3685.233681828697,-4216.838482807665,-4386.439939538535,0.9982373678025852,-1271.2102083701595,-1338.947943665959,-2519.8780835288053,-50.75166787300391,-43.107211439250605,-93.44300326192216,-112.93949486712492,-121.68289339861317,1.0,-47.399129727680155,-45.36123602014132,-66.88216243311703
2019-11-01,2223,2018-11-01,2019-11-01,252,167,-2122.7619844319347,-2054.941005500711,-3692.0538478668277,-4226.750408510381,-4380.089783713594,0.9982373678025852,-1253.7767426283729,-1342.7264266842785,-2499.1197445848466,-49.607504582241944,-42.62131968676458,-88.63580479607293,-107.12011964310223,-114.77519901038066,1.0,-48.00502012034669,-48.209637192570234,-60.32693898053241
2019-11-04,2224,2018-11-02,2019-11-04,252,167,-2093.624383315325,-2039.7136967576403,-3639.9552964296113,-4182.856196011942,-4338.281133229727,0.9988249118683902,-1261.7823419191552,-1329.8960170855128,-2430.443080654017,-238.72222787143,-216.94297157486466,-404.6833451204154,-453.90225548345984,-483.89336844423207,1.0,-212.49616230818586,-195.29333380574042,-316.0196733323547
2019-11-05,2225,2018-11-05,2019-11-05,252,167,-2105.704568407895,-2040.0319351279882,-3690.1845247751726,-4241.52490651109,-4377.894523153415,0.9988249118683902,-1260.8945138072793,-1359.6866774891005,-2478.43044688191,-50.83079278151327,-42.78393305213242,-94.73823421246384,-114.85766948308977,-125.08721898867262,1.0,-47.305632237993194,-46.65989225099446,-66.8027386415947
2019-11-06,2226,2018-11-06,2019-11-06,252,167,-2106.0835824744,-2012.5146003595987,-3704.084169738195,-4241.652814583135,-4383.666512991939,0.9988242210464433,-1266.148746974577,-1343.2168242719554,-2436.9103789734263,-62.86217697792182,-48.033042041270576,-134.8474381865795,-173.15008204051577,-192.54994460813333,0.9938080495356038,-37.61029315094458,-36.388824202554105,-75.6608339892332
2019-11-07,2227,2018-11-07,2019-11-07,252,167,-2105.8410945658193,-2040.3907334265293,-3704.298781853145,-4224.25216854648,-4368.882297176159,0.9988242210464433,-1262.2923187825975,-1384.5731861753445,-2461.826616113842,-246.10342901081205,-216.2032471920953,-435.1699391262857,-523.0872316154813,-557.6758705752374,1.0,-216.6882265723957,-199.90313308214766,-323.9846279796834
2019-11-08,2228,2018-11-08,2019-11-08,252,167,-2087.8536532674816,-2024.5633832458916,-3684.0212650552826,-4208.082454840427,-4361.327454599582,0.998234255444379,-1257.0461590989244,-1326.9296036826486,-2418.9154093428738,-231.82150513897346,-210.1626890676579,-388.94720537358563,-448.9082509384251,-475.62356348617874,1.0,-207.12561363734406,-196.0956442263257,-303.36482828790264
2019-11-11,2229,2018-11-09,2019-11-11,252,167,-2105.5024073321088,-2058.99154291952,-3702.567749494078,-4227.668052270291,-4388.567771539949,0.9988242210464433,-1266.646396951672,-1338.577596745498,-2462.159807763538,-49.77657961478796,-43.540680714981576,-88.73375954684795,-108.33805983936199,-115.35220544674488,1.0,-48.26691603346779,-48.842267095416545,-59.883953812836985
2019-11-12,2230,2018-11-12,2019-11-12,252,167,-2095.9103091443867,-2063.4009599997175,-3697.739574479506,-4233.292904382609,-4361.593541986751,0.9982332155477032,-1262.586453631043,-1318.0936790477679,-2425.554992220269,-49.585230509721946,-43.34263733983172,-87.31637945354791,-110.67889061390144,-115.02671855280201,1.0,-48.07319129130152,-48.57798210196657,-60.151536334301724
2019-11-13,2231,2018-11-13,2019-11-13,252,167,-2068.19495291256,-2007.7525028076045,-3621.9358932159084,-4174.20126061538,-4337.038281585473,0.9982332155477032,-1251.5748769902316,-1329.554368412662,-2387.4433228794833,-52.1009304616815,-43.514711651801946,-97.42547426692707,-118.912394588459,-129.67454935722344,1.0,-48.30410342063443,-47.17173859027518,-67.97748939399959
2019-11-14,2232,2018-11-14,2019-11-14,252,167,-2059.0946848554318,-1991.4941744568016,-3617.9066125152412,-4180.66034014429,-4322.843878930757,0.9982352941176471,-1245.765970633285,-1301.2031384338293,-2405.0322126827855,-234.81474582709046,-211.32573648861302,-395.5033407525512,-454.099231225248,-487.3177151208304,1.0,-208.24909320661556,-190.15358372813347,-312.7360647659939
2019-11-15,2233,2018-11-15,2019-11-15,252,167,-2050.057485443633,-1988.088177291725,-3614.5049288919663,-4107.541642464204,-4277.976223350662,0.9982352941176471,-1217.2620349346937,-1266.388007070642,-2399.675167890529,-52.00086706053967,-43.8056657441663,-97.90585934689702,-122.03145767677518,-131.14274652872695,1.0,-48.09107396831894,-47.18249469208305,-67.85966299176137
2019-11-18,2234,2018-11-16,2019-11-18,252,167,-2051.227625627699,-1998.0109219494625,-3629.798242782534,-4167.221136680278,-4286.4301271956065,0.9982332155477032,-1221.483201837881,-1244.7179698266164,-2431.762213877889,-237.25547961100048,-210.6967865371135,-414.6979300400541,-485.6957334443983,-514.0507516760317,1.0,-209.53864958282148,-192.9550651416413,-308.25598742171127
2019-11-19,2235,2018-11-19,2019-11-19,252,167,-2046.5906099148108,-1980.1251304355976,-3616.5069614161066,-4140.674292068374,-4296.577966478198,0.998234255444379,-1211.6446477839718,-1225.616273605695,-2410.795111496126,-236.23542415955959,-211.8688435334971,-399.73909721751284,-486.0456566633686,-502.4040690720738,1.0,-208.93394410898784,-192.87369140192243,-315.94513810671475
2019-11-20,2236,2018-11-20,2019-11-20,252,167,-2059.351005219807,-1974.5474536316447,-3616.9947389483086,-4133.365946875647,-4316.257815859689,0.9982332155477032,-1212.5547435228382,-1260.1176065497764,-2431.486435253138,-235.55127493746022,-207.24996669936877,-404.7914095095823,-479.8916653408875,-504.7782308385529,1.0,-207.63235772715998,-191.5206579636854,-315.3209020787781
2019-11-21,2237,2018-11-21,2019-11-21,252,167,-2036.1797921646073,-1977.345226937773,-3634.7809205152957,-4077.390745818969,-4245.462174721347,0.9982352941176471,-1212.0172437320475,-1267.240844078013,-2396.899459588812,-50.711213953233575,-43.44560549497609,-94.98474066189661,-116.20794954448046,-125.18850545537252,1.0,-47.3668371071822,-46.88335387825271,-64.60086932598912
2019-11-22,2238,2018-11-23,2019-11-22,252,167,-2052.2402593859997,-1981.316023907545,-3628.669712351976,-4136.379090746869,-4292.995631633367,0.9982352941176471,-1238.7708241945295,-1298.6675176403967,-2430.7562819059626,-49.058434209827496,-42.241432440307044,-86.89306435106032,-105.22723789385276,-112.99320215133946,1.0,-47.55330588084988,-47.31535906969352,-60.03158913501738
2019-11-25,2239,2018-11-26,2019-11-25,252,167,-2053.4891938370665,-1996.9638685191958,-3623.7936643007965,-4102.380950249874,-4259.796014121106,0.9982352941176471,-1236.8052485643066,-1301.6275134542996,-2414.94665127018,-51.50206638764885,-43.846064517595394,-95.29351915834427,-118.83773733647571,-128.0622754744266,1.0,-47.91827886930065,-46.986289962522726,-66.62524366578812
2019-11-26,2240,2018-11-27,2019-11-26,252,167,-2025.7443602534936,-1964.1494627395339,-3600.980640374484,-4092.611638385638,-4217.103666613878,0.9982363315696648,-1226.8358835718252,-1275.3693830911088,-2421.3884230919675,-51.365593670421575,-44.36782234317184,-94.39084683952086,-117.36713399561361,-126.879301183905,1.0,-47.92814578222033,-47.301577820414934,-67.18878467855595
2019-11-27,2241,2018-11-28,2019-11-27,252,167,-2042.428019415705,-1976.3988469819644,-3611.1101134059654,-4094.402411255314,-4253.427361514443,0.9982363315696648,-1239.3811597753077,-1306.6105344377384,-2426.0192949092198,-235.03026531044398,-204.77706712680688,-415.122693350231,-486.1287882897545,-510.5375392032431,1.0,-206.35996049482475,-186.1807452455269,-316.1346864422867
2019-11-29,2242,2018-11-29,2019-11-29,252,167,-2027.8706783323212,-1985.5442142241768,-3567.736263341111,-4071.295805245156,-4210.282774300079,0.9982352941176471,-1229.2858448452828,-1261.4553825350881,-2488.83046869768,-230.598377207225,-203.42477551300686,-416.40969736604023,-464.9806972544451,-502.4310651843324,1.0,-203.09519192148443,-190.03649440342934,-295.8367247647664
2019-12-02,2243,2018-11-30,2019-12-02,252,167,-2043.1024189741938,-1991.206638233225,-3592.886394368512,-4092.4279290481936,-4251.975744021794,0.9976484420928865,-1244.3044527865711,-1285.5415878874746,-2515.3312735524532,-52.4899536783701,-43.51574480634149,-98.5403627696069,-123.31843326108535,-131.75244294184006,1.0,-48.646207166589775,-47.65166709594772,-66.42042020386691
2019-12-03,2244,2018-12-03,2019-12-03,252,167,-2032.263004795554,-2001.4743645761696,-3595.8289638648284,-4065.4591286607642,-4236.829281768924,0.9976470588235294,-1237.3631159138363,-1247.5335732312212,-2482.3271721477954,-236.88379274432378,-209.75592998947266,-413.6690421000197,-478.77262229263215,-508.76116667776427,1.0,-208.7064759930424,-190.40839303358794,-314.69591791042865
2019-12-04,2245,2018-12-04,2019-12-04,252,167,-2030.3368962558966,-1989.155926639836,-3601.6028445648576,-4071.9732026164093,-4253.461217975183,0.9982332155477032,-1235.3372716672818,-1256.467752960156,-2481.4123170572107,-53.09510407570775,-44.65353378877056,-99.22757917670437,-125.31042425131578,-133.43216438791794,1.0,-49.21776502051251,-48.6668592121008,-67.48094969754281
2019-12-05,2246,2018-12-06,2019-12-05,252,167,-1901.667324044682,-1875.5296262258285,-3420.1068973676797,-3803.2777073403313,-3956.8999586660543,0.9982321744254566,-1154.5328360191627,-1179.4954104099124,-2329.9909520877186,-232.92351477617066,-216.05359071118448,-391.0465002290078,-457.56113858427716,-477.27846443556683,1.0,-206.23701000970317,-185.41988543399503,-313.9425196277851
2019-12-06,2247,2018-12-07,2019-12-06,252,167,-1934.6705551257255,-1928.7090139617444,-3437.3775664033906,-3814.7285287834497,-3981.000219722042,0.9982321744254566,-1181.1356782252499,-1190.7383801618976,-2361.4522041987684,-55.96707976226823,-41.86299195701963,-124.90890850640544,-159.7667767089167,-172.45975644298792,0.9927884615384616,-32.48415089919417,-28.611170831892583,-66.20341747301308
2019-12-09,2248,2018-12-10,2019-12-09,252,167,-1895.8053404580558,-1882.5115264829694,-3402.434532808835,-3801.303986364183,-3955.3902746233425,0.9982311320754716,-1156.9114543555554,-1162.5015673934336,-2335.4827396803403,-240.6698052072383,-218.47502633386762,-402.87639526478836,-472.1133456466062,-502.03783369578355,1.0,-211.80916455379574,-192.12847148951678,-326.52118876550674
2019-12-10,2249,2018-12-11,2019-12-10,252,167,-1914.3913547722432,-1905.755072388394,-3436.2900081899606,-3836.2648344946106,-3996.7352484473768,0.9982321744254566,-1163.5936237099877,-1163.9417592076616,-2354.5638387267254,-50.2204033865712,-43.4398241570006,-89.564837091116,-109.40144887509493,-117.14230773001859,1.0,-48.58558958887395,-48.35885595868283,-61.21916542898738
2019-12-11,2250,2018-12-12,2019-12-11,252,167,-1909.6089869640432,-1905.249829294944,-3404.7608003965706,-3795.4258773924025,-3962.4835104499307,0.9982300884955753,-1154.275781336279,-1158.3550711040893,-2336.8889885958606,-50.25437357849839,-42.95730224984371,-89.66286601335396,-109.46566689729246,-117.81317940353868,1.0,-48.53273409332055,-47.90992298969211,-61.8739123884308
2019-12-12,2251,2018-12-13,2019-12-12,252,167,-1929.4955011524844,-1903.0700746440796,-3427.652077405812,-3842.5720655103755,-4018.209111146887,0.9982311320754716,-1167.8441903268588,-1189.0971253247264,-2368.387632698176,-53.94872670968017,-45.94247919914129,-102.11089809336083,-128.868159569345,-136.90994017040518,1.0,-49.984783655102376,-48.77410401595113,-68.71882070696174
2019-12-13,2252,2018-12-14,2019-12-13,252,167,-1894.5125089125863,-1877.878334113251,-3376.4452410370277,-3761.202923882039,-3917.917884395125,0.9982311320754716,-1141.7991510871675,-1122.3647996745294,-2351.4743207094193,-228.66345763625094,-214.0113367460782,-379.0354049894642,-442.65391243836586,-466.9690352991775,1.0,-203.57524960352006,-192.284702368694,-303.8738902671287
2019-12-16,2253,2018-12-17,2019-12-16,252,167,-1907.1540169321418,-1912.4043882509632,-3370.7130341243046,-3806.2047958077296,-3923.7598107158137,0.9982300884955753,-1145.3355876147884,-1103.5747295619817,-2361.836905915465,-224.5507376464461,-214.68126852339188,-360.8713832722383,-412.88417827887525,-429.9206831546718,1.0,-201.1714072502457,-187.63261957508314,-302.7161991859881
2019-12-17,2254,2018-12-18,2019-12-17,252,167,-1929.3546939280582,-1943.15579644102,-3389.3258652155673,-3849.5263881588935,-3979.2891655183103,0.9976456739258387,-1145.3479742347763,-1086.0495740263423,-2364.686692021456,-223.59452189060627,-211.0376427942593,-362.67657497485095,-421.03692311199706,-446.4469498852547,1.0,-200.62866557315257,-185.88794418474097,-298.37549074449464
2019-12-18,2255,2018-12-19,2019-12-18,252,167,-1922.1901689646882,-1928.2397257313105,-3399.466228815817,-3839.0102411417524,-3976.9183896220843,0.9964685108887581,-1145.6829415283883,-1132.0439367416081,-2361.903200207842,-55.46813328945385,-46.45915125281735,-104.90181354127293,-132.77610794279406,-143.25837902663736,1.0,-51.319784264003914,-51.06002368396929,-69.73848638828431
2019-12-19,2256,2018-12-20,2019-12-19,252,167,-1896.2604687178898,-1909.880167198701,-3327.30889775983,-3768.1032603344606,-3915.1499715366135,0.997055359246172,-1138.5233584780644,-1158.0223166155295,-2318.8243197423735,-50.28329510654132,-43.43814663539445,-88.02046077977381,-108.94123616302058,-116.61309777549162,1.0,-48.61105286073435,-48.24687061378153,-60.9799651812259
2019-12-20,2257,2018-12-21,2019-12-20,252,167,-1907.2411389213862,-1910.3623041010392,-3351.2844121664725,-3811.112838050425,-3932.5498545763803,0.9970570924072985,-1133.7124401735975,-1092.6297721763465,-2364.615786521594,-233.38479697224378,-211.5148471691433,-394.6868561651019,-461.46923210718023,-495.85750035953504,1.0,-206.7992731543611,-190.91607854044125,-301.8799574409113
2019-12-23,2258,2018-12-24,2019-12-23,252,167,-1889.4009013502637,-1901.4702122876702,-3328.0816363951617,-3779.951747183364,-3889.5816072189455,0.997055359246172,-1126.2851994613688,-1057.2906898852812,-2351.9462666682134,-50.15644389946727,-43.56201034002759,-86.43021009384694,-105.3717119227879,-114.52139978710485,1.0,-48.507663109677765,-48.08041084084606,-61.8706180679912
2019-12-24,2259,2018-12-26,2019-12-24,252,167,-1935.133799699942,-1949.734887155813,-3374.120936426532,-3816.74450260201,-3950.134228574583,0.9970588235294118,-1135.2851237512373,-1091.9631589481166,-2357.3249691655783,-50.21143257134914,-43.24409297623211,-87.56827106814,-107.06747356594953,-115.84567532322473,1.0,-48.485492815268984,-48.237370839584166,-60.21656696578069
2019-12-26,2260,2018-12-27,2019-12-26,252,167,-1845.772633370456,-1834.7107468138565,-3231.857770998595,-3690.9602604639085,-3823.4509982913187,0.9970536240424278,-1075.7122820141717,-969.8982661520025,-2318.1646281833764,-243.02534139996888,-220.85308603598926,-411.9853676803992,-491.0583261965699,-523.2150382812246,1.0,-212.56693202250437,-195.3696648138027,-334.6119463430235
2019-12-27,2261,2018-12-28,2019-12-27,252,167,-1848.2514741919376,-1836.2980398469845,-3224.60966536501,-3706.7642362308975,-3838.4976841350026,0.9964622641509434,-1077.5772851165882,-987.2423729168804,-2303.1811781788856,-50.41323708923362,-43.60676994007289,-87.36042314503914,-108.05600723155933,-115.47939952330914,1.0,-48.68474322687909,-48.34708098670119,-60.545548665806216
2019-12-30,2262,2018-12-31,2019-12-30,252,167,-1839.281822990977,-1828.9271315217502,-3223.587631552527,-3690.251919498979,-3814.289139455799,0.9970518867924528,-1071.4637203230773,-984.1876357099003,-2305.1779908505337,-64.68460868843063,-53.407413103941444,-125.96024506073032,-161.6432317960263,-173.41205164438654,0.9993979530403372,-58.93251274465265,-57.828782391048556,-82.62722912320703
2019-12-31,2263,2019-01-02,2019-12-31,252,167,-1832.0857592675575,-1825.5169591409476,-3209.832026107408,-3679.2890235796144,-3798.0139509411665,0.9964622641509434,-1068.419783730302,-974.8397321686311,-2298.5057127703676,-50.47770480865301,-43.59018953002111,-88.58436402927265,-107.72503920832767,-116.31598358160021,1.0,-48.66933906423779,-47.41006053035429,-60.97197266193524
2020-01-02,2264,2019-01-03,2020-01-02,252,167,-1873.3099221592322,-1855.5664086770444,-3286.0688629961687,-3792.1394962038144,-3888.351942265302,0.9970518867924528,-1091.2352727127181,-1068.885300595645,-2286.285538435244,-64.81535145315293,-52.28665021373484,-126.0156641557578,-157.07657407460277,-174.64117326024146,1.0,-58.86897780333848,-55.60807067746922,-86.02505848761655
2020-01-03,2265,2019-01-04,2020-01-03,252,167,-1846.5240656672026,-1828.2385176099697,-3275.6440309113987,-3766.5684286344003,-3894.7224355916733,0.9976428992339422,-1074.9824008546977,-1007.0926164872898,-2249.358191511969,-66.88324854655747,-54.133026172343776,-131.45420336845478,-168.0178109551271,-185.76194503026173,0.9987944544906571,-61.21878971791297,-59.02100912859728,-85.91049405019439
2020-01-06,2266,2019-01-07,2020-01-06,252,167,-1750.1523613614456,-1712.546937661565,-3139.6946697329763,-3581.676251620839,-3734.028049712576,0.9970536240424278,-1024.1130857367148,-903.5345160110611,-2145.335636280251,-62.65923177070208,-51.387287116436994,-120.83302124600017,-151.76545877364583,-167.10035964899689,0.9993819530284301,-56.859442330741295,-55.611186424536534,-82.71673889730558
2020-01-07,2267,2019-01-08,2020-01-07,252,167,-1740.8031890455472,-1702.173374221201,-3120.051139069473,-3601.259928514771,-3724.5467365123036,0.995872641509434,-1010.9232299423269,-904.3713683793086,-2150.330767195103,-50.13159015196092,-43.43002748701019,-87.88355892272948,-108.41158176811697,-115.30290922432201,1.0,-48.44784054908826,-46.99442427509541,-62.76503667828857
2020-01-08,2268,2019-01-09,2020-01-08,252,167,-1760.0684343337653,-1731.801586531486,-3155.675228960172,-3666.7848291630676,-3791.6435420469415,0.995872641509434,-1022.3046223853372,-920.5237673517269,-2154.6015700031385,-50.17755361399945,-43.19342935173047,-89.01485399421517,-108.18729435806013,-115.28431976642936,1.0,-48.451159215605436,-47.75306170593439,-61.49561929824813
2020-01-09,2269,2019-01-10,2020-01-09,252,167,-1746.1637249060084,-1698.6115097258557,-3142.0195902852747,-3631.9953202182546,-3766.6364872388335,0.9964622641509434,-1017.9942356528994,-914.353604329466,-2150.564763692992,-49.900986760317814,-42.816444765134435,-88.39412163709237,-106.45180130239598,-113.33849600687445,1.0,-48.317972166999084,-47.599951114800575,-61.85123218254907
2020-01-10,2270,2019-01-11,2020-01-10,252,167,-1761.9404339266634,-1716.5445470663312,-3145.543444998154,-3629.5520408712264,-3784.148370445183,0.9964622641509434,-1021.5421511820491,-953.8048959309149,-2168.19281462629,-50.08882782137339,-43.1359992118027,-90.0989934700114,-106.58339552779721,-113.64853992392541,1.0,-48.43181833588158,-47.23502645809379,-62.27015139665638
2020-01-13,2271,2019-01-14,2020-01-13,252,167,-1759.816257760707,-1718.5988085757704,-3148.8458352773578,-3650.0888542879484,-3779.112842654108,0.9964643488509134,-1027.7068767026772,-942.2100087263669,-2164.9675307163625,-50.13518326482334,-42.98052712068221,-89.93605508236408,-105.8374220516267,-114.20822718541024,1.0,-48.48581527376652,-47.67763788961609,-62.3090243750882
2020-01-14,2272,2019-01-15,2020-01-14,252,167,-1767.8076862446708,-1729.4036297179036,-3164.1562045445908,-3651.170417774466,-3788.394247641652,0.9964622641509434,-1035.1694886535506,-969.9627699844654,-2178.996248562715,-50.02097446301968,-42.909888772639384,-87.61486552883082,-105.32425674198862,-112.93590132307737,1.0,-48.38915885978263,-47.31055923065123,-61.45789860037141
2020-01-15,2273,2019-01-16,2020-01-15,252,167,-1798.1334979585297,-1749.8045236353696,-3193.231357259251,-3702.919021196742,-3876.784176422038,0.9964601769911504,-1054.205507865706,-975.6759748076664,-2192.8008759678887,-50.31015117749962,-42.99478473038923,-89.41323155376723,-107.01181601695043,-115.59225087686922,1.0,-48.57885494166778,-47.53261278580419,-61.43054513177042
2020-01-16,2274,2019-01-17,2020-01-16,252,167,-1797.8931007215094,-1739.424552171599,-3229.0944011751903,-3755.753794661725,-3890.9720867434357,0.9964601769911504,-1052.5078553065962,-978.3976021089196,-2212.8014925024786,-233.34388304894037,-217.1278141590711,-388.2965927274162,-437.3771734023456,-457.19724615562524,1.0,-208.00476718064215,-199.00532433390717,-307.76291299086256
2020-01-17,2275,2019-01-18,2020-01-17,252,167,-1789.8937515024818,-1723.258429228213,-3187.6034062926788,-3729.5052297500106,-3890.904719551799,0.9964580873671782,-1048.1240492397594,-984.5527657731932,-2207.4693311502456,-231.0085421747041,-211.4446770073586,-388.5098546225618,-429.75862237205615,-452.4583586218436,1.0,-206.82827480742003,-197.40320309561494,-297.15321757871453
2020-01-21,2276,2019-01-22,2020-01-21,252,167,-1775.4139865226769,-1716.2772141220798,-3172.59945713503,-3737.3243088349627,-3884.1804510631455,0.9964580873671782,-1036.9531826209943,-946.8439444556881,-2208.263203579931,-62.457058556697454,-51.69240029345047,-121.2557679963531,-156.30347839240562,-165.70215585102827,1.0,-56.84351769559307,-54.96713901255363,-82.17561974616764
2020-01-22,2277,2019-01-23,2020-01-22,252,167,-1771.7458425881143,-1710.0779926988976,-3204.4780121077833,-3708.6605526629537,-3905.2156425532967,0.9970484061393152,-1032.0098831276416,-990.8934782500248,-2125.569290557323,-51.09040094734702,-44.232151060869384,-90.08422544234347,-109.546835482194,-117.39271710050733,1.0,-49.07961598848347,-48.02027228332687,-62.98540688720546
2020-01-23,2278,2019-01-24,2020-01-23,252,167,-1809.1063578134158,-1776.0873624188062,-3257.920114762437,-3758.581492662091,-3927.909289683395,0.9970484061393152,-1051.8027581615893,-978.527669076177,-2237.5578192944713,-51.81504127618846,-44.703478616545674,-91.51497692717963,-111.81873077329766,-119.5530880474493,1.0,-49.60457792790238,-48.19229807123661,-62.562686115403295
2020-01-24,2279,2019-01-25,2020-01-24,252,167,-1782.1004323437219,-1717.0958073968118,-3207.61233705126,-3765.399062957698,-3913.0076827647495,0.9970449172576832,-1040.2991032970265,-953.221420696453,-2177.2033997100784,-64.76486930614638,-53.25994276205939,-126.83515751892384,-166.30087598510508,-178.3150373337432,0.9993909866017052,-58.51704731129872,-55.235582811216915,-84.35092876216426
2020-01-27,2280,2019-01-28,2020-01-27,252,167,-1801.6743106625268,-1765.4098544451772,-3213.8358886473093,-3772.2948461980245,-3901.778235712431,0.9970466627288836,-1049.868019695979,-969.1544241183361,-2227.0674309878286,-51.41319699136118,-44.14721761297,-91.65409506011262,-109.91586514845866,-118.45145233937909,1.0,-49.21200556680571,-48.24963423620482,-62.97964546661863
2020-01-28,2281,2019-01-29,2020-01-28,252,167,-1849.7275400228868,-1791.7817894124678,-3276.3500654380155,-3872.4609313789165,-3988.196173815771,0.9970518867924528,-1089.3619829745503,-1042.8112916937027,-2268.2702397237663,-51.2678606045423,-44.45186264247248,-90.74550350900601,-110.05527631174853,-118.08173454970542,1.0,-49.21633507708268,-48.4303088142768,-62.84659533555912
2020-01-29,2282,2019-01-30,2020-01-29,252,167,-1883.1888541599167,-1847.6152476889338,-3337.5418704379517,-3853.59143172049,-4027.336395511906,0.9970484061393152,-1098.7897834747007,-1072.9316028275596,-2328.313920944406,-51.478281196557106,-43.85478647433122,-93.25124605226372,-111.8695821514784,-119.25809894617419,1.0,-49.351778904464815,-48.30963540616896,-63.06887586124201
2020-01-30,2283,2019-01-31,2020-01-30,252,167,-1864.8865190388294,-1815.22721397057,-3338.7221061785967,-3878.7742790405027,-4017.5096836458565,0.9970466627288836,-1077.330874408347,-1032.6597878107318,-2324.709036019553,-63.37515421451197,-53.329307506996656,-125.83402960662352,-155.23322221683392,-168.99267764116337,1.0,-57.462265246887114,-55.46819924890319,-80.30226411061747
2020-01-31,2284,2019-02-01,2020-01-31,252,167,-1920.1449738620336,-1877.0988083707105,-3405.616024972342,-3885.165109876008,-4063.702949967583,0.9970501474926253,-1110.7084562132432,-1088.7573392991278,-2359.3040419622016,-66.692766865322,-53.907901052295585,-131.02863236357618,-169.33730894516356,-183.26052864365002,1.0,-59.96639610670569,-55.43981767894724,-88.31196094422648
2020-02-03,2285,2019-02-04,2020-02-03,252,167,-1905.0600233742434,-1863.8719223676628,-3393.507541560488,-3881.176310376556,-4061.9655302086826,0.9970501474926253,-1114.619773166756,-1036.471005970204,-2293.7870270716526,-260.270511498817,-237.23267032955687,-452.48309620255264,-525.5659880434458,-558.6205171628089,1.0,-223.94115107974775,-198.28298409037518,-359.45013104185693
2020-02-04,2286,2019-02-05,2020-02-04,252,167,-1954.6018653813287,-1920.5653112239547,-3429.0060437520233,-3988.3408582258826,-4152.251062291884,0.9970484061393152,-1139.6802832904477,-1157.714955441379,-2316.102248997885,-51.15443703304711,-43.748022109630924,-90.75920330012694,-109.98005330857525,-119.22044449237433,1.0,-49.05036347755164,-47.849330770218636,-62.89062341633856
2020-02-05,2287,2019-02-06,2020-02-05,252,167,-1979.245955138135,-1926.208123741032,-3507.1804092537127,-4027.9905316391555,-4194.450215552776,0.9970501474926253,-1147.9162865241728,-1124.568328114429,-2332.6641888009945,-50.54266429850764,-43.630014956798945,-89.66730937136457,-109.08162722836649,-116.15712237640781,1.0,-48.6751567627287,-48.07253658991983,-62.4631311872084
2020-02-06,2288,2019-02-07,2020-02-06,252,167,-2001.4977718714351,-1947.5012870029827,-3558.000093493497,-4024.622508440709,-4226.619681969807,0.9958677685950413,-1148.457631322138,-1129.249812149171,-2315.6788349201115,-67.08044821272438,-54.96411649973312,-130.71053122005495,-167.73656772186695,-179.98182932908264,1.0,-60.64438465414877,-57.067291951946714,-90.98663349991932
2020-02-07,2289,2019-02-08,2020-02-07,252,167,-2004.4744714156948,-1937.6899635265847,-3566.748109899092,-4064.2607569108927,-4280.043729731826,0.9964601769911504,-1154.7212366365532,-1156.1835105351527,-2331.131999472176,-43.1188385956749,-27.85286151529096,-101.37286471021861,-133.25432285335947,-147.4182684483301,0.994535519125683,-19.771359420700534,-9.116734453997157,-49.97860967913502
2020-02-10,2290,2019-02-11,2020-02-10,252,167,-2007.1295910493725,-1948.090028992422,-3537.8648912115327,-4066.4348468526,-4258.9009367362605,0.9964622641509434,-1167.6271888219237,-1190.681782179989,-2374.9420276621313,-62.02645852427764,-51.84679889019484,-124.06901453028159,-148.58096248238968,-164.03476817478665,1.0,-56.02159847237949,-53.078307626023964,-80.2104508588222
2020-02-11,2291,2019-02-12,2020-02-11,252,167,-2001.6834853195755,-1943.606747030487,-3556.563282507319,-4041.3851200137287,-4246.208477461726,0.9964622641509434,-1149.0912470920173,-1115.706033394483,-2342.586283225647,-43.54851009682477,-28.607796832231806,-106.68786624265577,-131.77485232993288,-146.43618597339514,0.990990990990991,-20.236207644103132,-10.711970415547512,-48.69805392088875
2020-02-12,2292,2019-02-13,2020-02-12,252,167,-1987.6881023302217,-1923.753706907512,-3543.9261282712364,-4048.58138118425,-4243.0740147224,0.9964622641509434,-1141.0563640293717,-1106.8983945820319,-2353.6907633948886,-50.60779841169645,-43.45394736826326,-90.32742564285878,-109.81462794702752,-116.72201719817348,1.0,-48.663675705667636,-47.59066658940054,-64.27670570256495
2020-02-13,2293,2019-02-14,2020-02-13,252,167,-1970.949591632329,-1905.1958296186085,-3515.0173684134957,-3989.4293995892544,-4174.452222672219,0.9964622641509434,-1121.940731087192,-1059.258332945883,-2356.072414292982,-61.2346185919105,-50.429024633311144,-118.5178759316866,-149.67496521216145,-160.88267953706867,1.0,-55.44048480780651,-50.545088150990566,-83.41286514990598
2020-02-14,2294,2019-02-15,2020-02-14,252,167,-1952.2595145214395,-1875.6931187105888,-3481.382375019428,-3992.6066518411703,-4139.629912308065,0.9970501474926253,-1117.2159379778097,-1057.8656604351856,-2382.6672809433157,-40.461960995668065,-27.67218559547039,-96.9774746272912,-121.37166270118432,-132.346531671759,0.9889705882352942,-18.55684058620962,-9.368814862498706,-48.62368852367933
2020-02-18,2295,2019-02-19,2020-02-18,252,167,-1933.8572231800058,-1874.3204783574108,-3476.116878234757,-3924.7772407791954,-4146.879139835676,0.9970518867924528,-1111.9760697100617,-1041.1333739260217,-2313.4733698320792,-51.172887316775004,-44.38747417819904,-91.40348505307821,-111.92250214927145,-118.90756808084078,1.0,-49.0443680619208,-47.97955932817057,-65.21081967353842
2020-02-19,2296,2019-02-20,2020-02-19,252,167,-1934.0725380828649,-1872.8292034852038,-3459.894600476178,-3939.1867219258315,-4142.483967363651,0.9970518867924528,-1106.4964578469414,-1050.31537919902,-2349.7742768633284,-229.31557198776815,-210.23239047058513,-388.28038640916213,-446.6384732025699,-469.49058226763213,1.0,-203.79233715771593,-192.71300323076076,-303.47367386225017
2020-02-20,2297,2019-02-21,2020-02-20,252,167,-1918.581972746804,-1879.367491465293,-3418.9356724318295,-3879.2567258221893,-4093.464454170737,0.9964622641509434,-1090.5788080170935,-1031.949631248972,-2310.84973046676,-43.48301040738921,-28.503930067100747,-101.56920402743404,-127.71553994282701,-143.85318600784422,0.9890510948905109,-20.328136806487237,-12.047167238423915,-52.148668850450726
2020-02-21,2298,2019-02-22,2020-02-21,252,167,-1916.6649998268665,-1853.6320593798764,-3392.331122032089,-3923.959152850857,-4115.387709409785,0.9970518867924528,-1091.8629172085587,-1048.6771089910735,-2321.6217646552223,-65.36124390120662,-54.324702007080695,-128.24439749098698,-158.5009125609445,-170.25593945649155,0.9994011976047904,-58.94938376531791,-54.668582659840254,-84.25629050036581
2020-02-24,2299,2019-02-25,2020-02-24,252,167,-2027.9899401502826,-1943.6152274994724,-3530.785225686185,-4106.660839063584,-4292.345760795902,0.9964601769911504,-1151.1666337802,-1170.2726982004203,-2388.503770954398,-50.86540572411993,-44.3079322860424,-90.38936152250193,-109.5177808280346,-116.14513668560939,1.0,-48.9386911347404,-48.19918286168897,-63.90065373654219
2020-02-25,2300,2019-02-26,2020-02-25,252,167,-2116.5559722650073,-2041.5917245088556,-3729.168827160266,-4242.324253031155,-4470.021991676526,0.9964643488509134,-1199.878885757713,-1196.5381783884925,-2563.6783257563748,-51.61154515167677,-33.60540121077077,-124.85585561337643,-155.17181622068688,-168.23951656242548,0.9938176197836167,-25.11524896984806,-15.842409093008737,-61.395876122217715
2020-02-26,2301,2019-02-27,2020-02-26,252,167,-2120.8279430077446,-2043.409358716357,-3691.809968127149,-4273.322791182237,-4518.811366237908,0.9964622641509434,-1200.07724635508,-1196.9796994009412,-2548.9265261533537,-50.7827732560764,-43.5595217076835,-90.42789380772007,-110.25968786891416,-117.02596814259395,1.0,-48.949313149018515,-47.949760809448854,-63.54881848359421
2020-02-27,2302,2019-02-28,2020-02-27,252,167,-2110.7034142207713,-2018.4574512289205,-3697.5652170153558,-4355.043219666148,-4562.957493685345,0.9964580873671782,-1253.147635804577,-1310.9665312083766,-2631.0239068412016,-58.00706781953688,-36.99450938108981,-137.8510051674265,-173.03482000821805,-187.14190708799845,0.9919137466307277,-30.471404013784184,-23.206970171530454,-66.75445002020136
2020-02-28,2303,2019-03-01,2020-02-28,252,167,-2046.9615483618231,-1939.975964048399,-3644.402283448925,-4308.417505008375,-4528.576530077516,0.9958628841607565,-1225.2276120891854,-1257.5908548308694,-2584.473744638041,-60.38367573128208,-38.779092914873445,-139.36034750942179,-182.14740788581452,-198.21639883599934,0.9920106524633822,-32.72661227834333,-27.716770583601882,-72.73439081489624
2020-03-02,2304,2019-03-04,2020-03-02,252,167,-1983.2689731250837,-1852.0565088983133,-3636.9331505582904,-4233.612197778903,-4535.891715225233,0.9952885747938751,-1254.0066879915316,-1364.8436235977222,-2563.400407104471,-67.99261605462885,-44.43189569270206,-166.48569446306155,-214.28526687580376,-228.20453893202546,0.991725768321513,-39.75879533580926,-34.17780632095521,-80.44842940029702
2020-03-03,2305,2019-03-05,2020-03-03,252,167,-2068.4747464743696,-1898.9043374361208,-3842.419152978688,-4456.373893653441,-4806.3092737387005,0.9952857984678845,-1300.582168589513,-1381.204330128741,-2661.1142908469556,-258.28741297479934,-234.1811033465761,-437.7394296937953,-522.1967719134508,-562.809465809117,1.0,-223.35609610057668,-205.8572440803506,-337.7496350650712
2020-03-04,2306,2019-03-06,2020-03-04,252,167,-2008.8145963805898,-1860.7837067490807,-3771.646806729575,-4331.729341518332,-4668.298404282881,0.9946996466431095,-1295.442850012703,-1472.4236927883906,-2512.4332557131947,-247.8834257803315,-222.48072070786046,-424.89950787406855,-510.606220201683,-541.4579335169075,1.0,-216.53931530381914,-198.25718444771024,-335.0986581070772
2020-03-05,2307,2019-03-07,2020-03-05,252,167,-2131.4979224372883,-1996.723524359663,-4009.61887357316,-4656.940754371769,-4915.00060827034,0.9947027663331371,-1385.075501354932,-1593.5655473206093,-2698.1831935595833,-67.63923923098851,-50.86254174663063,-150.60531598448307,-181.73800170635946,-198.53987134018877,0.997020854021847,-42.1369136933049,-44.89933742911464,-80.95202644831842
2020-03-06,2308,2019-03-08,2020-03-06,252,167,-2154.069506413275,-2014.0522766013146,-3998.1158855809244,-4564.804573576486,-4920.718693071741,0.9946996466431095,-1372.7791104210205,-1580.1134242734556,-2687.9472378879414,-49.62816913600263,-42.84128117532039,-87.11282509966554,-107.59274522295787,-114.20368766993859,1.0,-47.97439328593416,-46.55513166988808,-62.89548679980993
2020-03-09,2309,2019-03-11,2020-03-09,252,167,-2600.834426939563,-2407.818646126254,-5018.083098701607,-5570.704185692518,-6128.488482401622,0.9947183098591549,-1685.6260274829808,-1932.1753794747378,-3257.026570200963,-89.2808896649758,-68.21600876296257,-199.16774108163398,-243.80996824426848,-260.7789373343968,0.9985347985347985,-61.286793482337124,-60.769103238136395,-113.9438902935412
2020-03-10,2310,2019-03-12,2020-03-10,252,167,-2747.3237506291202,-2565.911570113596,-5165.207994294742,-5865.145951835686,-6326.443396987812,0.9947183098591549,-1761.5954357299527,-2049.6481788147325,-3469.3219824268554,-49.876235493510286,-42.83653910050097,-90.4622352242979,-111.10760468670632,-117.13130051033927,1.0,-46.157700859236016,-44.882651040836464,-66.29641071622716
2020-03-11,2311,2019-03-13,2020-03-11,252,168,-2880.587067750574,-2749.83547006746,-5365.66428992419,-6114.873783845553,-6547.726625214092,0.9953379953379954,-1865.559946887541,-2162.318759817007,-3676.6213080400553,-97.49081639229541,-73.81168129502237,-204.29451708121505,-259.5228863867329,-278.62039110333706,0.9987429289754871,-69.35794701737412,-68.75945531615811,-124.71844605548951
2020-03-12,2312,2019-03-14,2020-03-12,252,169,-3046.190100778525,-2774.8661331194025,-5809.975684387554,-6547.6749382933185,-7031.134381959002,0.9965257672264042,-2009.1031873931026,-2290.6031565060935,-3702.98715144521,-70.16974961531314,-58.6382251447805,-136.84632833916513,-171.70691417887082,-180.5560020285771,1.0,-54.63101283425203,-54.350641596548144,-84.55178177408615
2020-03-13,2313,2019-03-15,2020-03-13,252,169,-3201.15213436655,-2841.2843306665136,-5908.33154374269,-6769.820045796564,-7238.617084094668,0.9959443800695249,-2033.6262718097744,-2388.432997163248,-3625.77864549912,-240.0226624043749,-216.25831986364304,-394.7528048874834,-491.37071386029766,-513.3128682715436,1.0,-213.15389158704767,-201.18560549797715,-314.33684048639515
2020-03-16,2314,2019-03-18,2020-03-16,252,169,-3482.4659747543033,-2913.898025420308,-6721.044956539445,-7585.574528876021,-8090.450901817866,0.9953810623556582,-2521.3407926995815,-2690.9782713675677,-4246.735091577961,-234.05122641247752,-213.0174325799008,-381.99423962654527,-463.3500467136868,-482.9304646428711,1.0,-209.2203254758075,-198.16283583060624,-296.3269463363012
2020-03-17,2315,2019-03-19,2020-03-17,252,169,-3259.8049558952202,-2789.763192518035,-6330.755478463441,-7898.917239000853,-8222.622089026543,0.9953676896352056,-2416.667356881756,-2488.5756742000704,-4065.80315439786,-225.27298083655018,-211.24302280303596,-354.0220199059225,-430.90024102697464,-444.1496850119104,1.0,-203.34019881018992,-195.99906678586242,-277.9427383095069
2020-03-18,2316,2019-03-20,2020-03-18,252,169,-3061.0534369084417,-2778.9690400193463,-5669.701979139846,-6396.382175363192,-6787.236862623986,0.9965317919075144,-2186.6169871162724,-2334.328282296571,-3815.6305486029896,-229.88479400909512,-210.47175678892296,-371.8008889624181,-456.7504462845629,-486.7868380859958,1.0,-206.40512327251963,-201.64846949700058,-283.50196294190476
2020-03-19,2317,2019-03-21,2020-03-19,252,169,-2919.6548268231336,-2507.761408240888,-5319.029547690437,-6064.138216448344,-6454.406843800601,0.9965277777777778,-2112.9504811983725,-2283.341014862007,-3850.395541375522,-240.6580389286463,-218.10092077110033,-403.8637657252248,-476.98833244161773,-507.4732841882216,1.0,-213.27268225950058,-202.80740596081975,-304.14059662406424
2020-03-20,2318,2019-03-22,2020-03-20,252,169,-2830.9335227150905,-2394.7888061952044,-5240.487770900657,-6065.121266689576,-6471.164609892463,0.9965257672264042,-2006.2036972744095,-2097.8075709434943,-3594.096645295734,-248.44829803416553,-225.20609187102446,-431.6475169699954,-491.9712277658095,-529.7454661943062,1.0,-219.05927668379863,-203.66471846322048,-311.0710721522909
2020-03-23,2319,2019-03-25,2020-03-23,252,169,-2856.338239196071,-2492.622410719945,-5409.319948654313,-6116.769924427698,-6556.723582613318,0.996523754345307,-2014.644905351851,-2148.474173284778,-3686.992258055526,-249.96638320976984,-226.16559497744313,-436.9459882209042,-507.99947676748343,-541.1755744225898,1.0,-219.2198223201781,-197.04923816541617,-320.33234216790567
2020-03-24,2320,2019-03-26,2020-03-24,252,169,-3142.52018251723,-2890.96819256259,-5796.592790401186,-6600.122020101176,-7093.120742711438,0.9971064814814815,-2238.239798153663,-2343.108505610686,-4371.548853157422,-242.91615409767573,-220.70645016280474,-417.4760224025853,-486.4146494452231,-525.3980416470018,1.0,-214.07395185562868,-194.56872430009557,-320.12491085460067
2020-03-25,2321,2019-03-27,2020-03-25,252,169,-3161.1419207727895,-2859.490350176813,-5931.974996044564,-6732.519614484771,-7218.68285250101,0.9976851851851852,-2270.0957498122057,-2349.272548939294,-3925.867613910106,-247.84776986337573,-218.71171158174653,-439.46181482877614,-534.3286718498958,-569.8834215210034,1.0,-216.69116697092508,-198.6544419941464,-331.2284839201169
2020-03-26,2322,2019-03-28,2020-03-26,252,169,-3169.56386595707,-2905.917277155825,-6056.220353670919,-6747.816817706545,-7290.823505385622,0.998262883613202,-2330.8274743288084,-2377.8475508379292,-4468.754746399299,-238.00594943388862,-213.70877749250303,-404.84553018482154,-494.2885995653454,-524.061161296585,1.0,-209.84986451206166,-190.7681650513932,-325.55320451423
2020-03-27,2323,2019-03-29,2020-03-27,252,169,-3202.443899327695,-2977.2446170868934,-6018.195553006639,-6845.163272321695,-7366.4799922357115,0.9982618771726536,-2294.172001072584,-2421.355772480333,-4310.365630684399,-232.37498288141,-211.89544098602812,-391.87504227134747,-452.161084988104,-483.69351444606053,1.0,-207.04270259095003,-190.50407656202424,-310.77442613900394
2020-03-30,2324,2019-04-01,2020-03-30,252,169,-3138.673645979754,-2882.831153704033,-5942.479427751319,-6727.308195943051,-7240.940569652393,0.998262883613202,-2281.9707757514266,-2382.7932917811477,-4385.82318953412,-233.10251948072306,-210.0404985191367,-407.2775714131207,-478.73792713812327,-504.45121627198375,1.0,-207.0437356358158,-193.09730701825424,-313.93485611684804
2020-03-31,2325,2019-04-02,2020-03-31,252,169,-3200.1873080738887,-2955.3237167771317,-6170.108383921531,-6904.505352594372,-7442.195183330802,0.9982638888888888,-2355.254899256488,-2430.61645767893,-4465.217327910572,-230.08446886597034,-209.55895806352447,-379.00816510959163,-447.2289855583455,-480.23763762738423,1.0,-206.11814846438568,-193.8503513159527,-304.75011821867275
2020-04-01,2326,2019-04-03,2020-04-01,252,169,-3279.4594549910194,-3109.749141826374,-6119.372048986834,-6911.919021242714,-7471.105163453922,0.9982638888888888,-2401.3232966996597,-2416.0407216163826,-4538.883350822511,-223.27956565839108,-209.3772614230208,-354.5895045970005,-412.46245418551854,-426.4364843132159,1.0,-202.32377760581275,-190.99343439328285,-303.0566752689301
2020-04-02,2327,2019-04-04,2020-04-02,252,169,-3295.3671879610133,-3163.607292560655,-6206.9698626106365,-7025.250613693125,-7555.589438108784,0.998262883613202,-2425.3615268012495,-2468.6759441642903,-4553.1645618081175,-223.26838100418846,-213.0222798544392,-353.2201179788935,-398.6463134818589,-413.5116601064724,1.0,-202.8900516856043,-194.44234297390432,-295.9473591056445
2020-04-03,2328,2019-04-05,2020-04-03,252,169,-3298.0182234663494,-3186.8900890287637,-6243.033249431734,-7049.253950295359,-7585.500831236314,0.998262883613202,-2438.9845865035754,-2473.9417142111183,-4621.903082664558,-218.70231374978513,-208.39406657224885,-344.1936950286172,-386.2456216258811,-406.6037472554611,1.0,-199.45006097289533,-190.5933054578076,-298.7702121092461
2020-04-06,2329,2019-04-08,2020-04-06,252,169,-3435.158451200194,-3241.96383845787,-6381.621504619127,-7286.839384212617,-7780.859166765,0.9976865240023135,-2551.552999137014,-2608.1795741875953,-4642.641102227883,-215.52659421780302,-202.84536914737873,-341.58581629321725,-393.05583180577554,-408.03137084148403,1.0,-196.38004380741774,-187.9217020049891,-300.5238708563344
2020-04-07,2330,2019-04-09,2020-04-07,252,169,-3408.300534108733,-3149.6968116780995,-6335.00084328762,-7090.051729718234,-7681.898395104816,0.9982668977469671,-2533.9539105035146,-2568.792452406257,-4654.020073339858,-227.53854967681792,-207.0633323920312,-363.00805509856355,-432.5712358235113,-467.5478903847203,1.0,-203.64808825417853,-199.14408133691725,-293.9044711963534
2020-04-08,2331,2019-04-10,2020-04-08,252,169,-3485.368346595467,-3224.6883400697498,-6502.117186564471,-7329.917429378663,-7883.687497197043,0.9982668977469671,-2607.865344659156,-2628.7891221735645,-4896.451755356863,-224.9896631462932,-207.65835033577946,-360.39831403019105,-412.04622009746396,-440.83826970329346,1.0,-202.2856872219217,-199.85989930070878,-279.53815580458473
2020-04-09,2332,2019-04-11,2020-04-09,252,169,-3482.1358659609614,-3176.664622522919,-6563.425394567293,-7402.96554017432,-7936.861665885564,0.9976878612716763,-2553.762713509324,-2646.0261575614722,-4878.656632232117,-226.55055266110176,-208.57912255859299,-368.64927552063494,-431.1324424806767,-460.1990510941409,1.0,-203.1261077629377,-192.51072532395682,-290.91635923217825
2020-04-13,2333,2019-04-12,2020-04-13,252,169,-3477.204789227058,-3176.9681370775857,-6524.119417815134,-7393.477071029672,-7930.710535097488,0.9976865240023135,-2545.142184447992,-2619.012121791663,-4679.870011937154,-227.4718585296492,-208.6451957497891,-371.06768571651804,-431.3296893595011,-460.72719127592165,1.0,-204.57811374908036,-200.31745612895634,-290.3618260207594
2020-04-14,2334,2019-04-15,2020-04-14,252,169,-3374.0562615917747,-3128.612157676892,-6247.451744335314,-7139.7991905388535,-7620.242862699265,0.9976878612716763,-2412.466986072568,-2526.8101699270896,-4237.206769614046,-219.5094426320736,-197.6323986234781,-363.67975131583864,-417.3579236669312,-449.06224017471544,1.0,-198.60266049298687,-191.23847022854812,-276.5773443576355
2020-04-15,2335,2019-04-16,2020-04-15,252,169,-3404.7895428901975,-3169.272011244836,-6286.591786192695,-7182.883857514216,-7675.006759434327,0.997689196995956,-2410.4081038802237,-2561.7428520473286,-4294.9143738871335,-223.527326001666,-198.91698782230702,-365.62167416364105,-444.6009120024714,-466.82291622493227,1.0,-201.2233263713333,-190.69043580663205,-289.650665229326
2020-04-16,2336,2019-04-17,2020-04-16,252,169,-3389.4294076315527,-3174.3376163565226,-6250.84606001306,-7168.16115193191,-7649.8982460618045,0.997689196995956,-2378.962071715362,-2517.373110706693,-4170.52489129615,-228.41172424956747,-202.81864270919283,-386.6470152565195,-452.10311064305694,-479.75925670725735,1.0,-204.79108347104602,-190.4127994355384,-293.1567073712346
2020-04-17,2337,2019-04-18,2020-04-17,252,169,-3401.810288177858,-3251.797683622217,-6331.513059415382,-7232.166585219557,-7710.01000351698,0.9971081550028918,-2372.755971487933,-2428.4741727393593,-4152.137102542977,-48.596716026585185,-43.51449097607589,-82.80061174430128,-96.32268743189408,-101.85296406384904,0.9994082840236687,-42.51872210159306,-41.86797731779649,-60.79604974977153
2020-04-20,2338,2019-04-22,2020-04-20,252,169,-3355.7910830804617,-3158.6281720748993,-6205.679275484102,-7138.532032626297,-7573.184936983015,0.9971098265895953,-2364.1959596169063,-2382.7516108759974,-4307.699788182508,-47.721984007756745,-42.41775776604527,-83.64518034385513,-98.72786683769925,-103.58405961517222,1.0,-45.64071333252971,-45.78088710741943,-57.57725232251356
2020-04-21,2339,2019-04-23,2020-04-21,252,169,-3346.2549805578965,-3127.8363625052707,-6164.709692174819,-7128.995651648478,-7528.405118102384,0.9971098265895953,-2353.8336837499883,-2364.2851120600694,-4268.066777508729,-206.49307841481837,-194.89181243629957,-320.1613529648596,-356.5222229216216,-368.6172868168875,1.0,-190.8274925095161,-180.49387056572027,-271.6186539166861
2020-04-22,2340,2019-04-24,2020-04-22,252,169,-3347.5129338043093,-3141.0636263242964,-6179.530262892176,-7051.1231622124415,-7535.81950288467,0.9971081550028918,-2349.8989629167077,-2408.152954848672,-4266.192545502771,-209.28737490609672,-198.386485359498,-325.8743600537522,-366.1717820134883,-379.0905664344704,1.0,-193.1613042801584,-186.13624880873914,-270.58620459682425
2020-04-23,2341,2019-04-25,2020-04-23,252,169,-3334.6572348560317,-3119.386309243559,-6200.871872538605,-7138.708029345768,-7568.147683509235,0.9965277777777778,-2349.062271208932,-2384.797235092273,-4218.907814192965,-209.3132234477037,-198.9180635584607,-321.96431569199643,-370.0118785407602,-380.64521906710706,1.0,-193.2658736398413,-186.96579178774243,-265.20357031325716
2020-04-24,2342,2019-04-26,2020-04-24,252,169,-3330.504131952793,-3203.187268675782,-6086.761871293518,-7037.698594035075,-7463.264608878387,0.9965277777777778,-2311.233888219643,-2365.9536345001397,-4274.129032539907,-207.37865835136333,-198.7889763370585,-319.41345201451725,-352.9534192365552,-367.8073037303638,1.0,-191.7840000644705,-182.1497290833598,-269.75388605762123
2020-04-27,2343,2019-04-29,2020-04-27,252,169,-3351.0596478645316,-3203.338939566533,-6227.296795796435,-7169.457163249985,-7595.535831418938,0.9965277777777778,-2328.0153123697432,-2408.4142361483628,-4279.5145986599955,-210.27027935333194,-201.4521646281308,-330.3570651537188,-364.93421650942753,-380.51524433218464,1.0,-193.58715574831518,-182.72141282971901,-285.9263197948729
2020-04-28,2344,2019-04-30,2020-04-28,252,169,-3364.5548845720486,-3214.5596427986407,-6319.635135814858,-7263.824074847663,-7680.147685287462,0.9965277777777778,-2355.0350033909854,-2419.2130738774063,-4328.902549627963,-207.7729954222286,-197.4388654788553,-323.0332913411759,-363.07744578230324,-377.5139152393221,1.0,-191.54001113177685,-184.0292004969214,-270.5225396680599
2020-04-29,2345,2019-05-01,2020-04-29,252,169,-3367.5259611436654,-3235.5933287633643,-6279.7516754282215,-7178.919931636972,-7642.692835385751,0.9965317919075144,-2372.8728333809945,-2467.876010798179,-4291.506046541521,-209.04473316248715,-197.04308471396837,-327.79578857681685,-372.24990004869176,-386.98747202162485,1.0,-192.8636745289013,-183.52231309790906,-270.85677080525556
2020-04-30,2346,2019-05-02,2020-04-30,252,169,-3367.7546850928334,-3195.682840780597,-6278.318180434631,-7181.218906651808,-7643.93200051539,0.9976865240023135,-2367.3085197755327,-2444.2735021012027,-4214.772751316752,-207.5492164077053,-194.33882903577802,-325.129497693427,-373.1066646988356,-386.4107684506083,1.0,-192.0980028205089,-183.81565423176002,-269.06907200259667
2020-05-01,2347,2019-05-03,2020-05-01,252,169,-3369.687863333651,-3262.7124934287094,-6138.552085485251,-7089.304243198318,-7540.284550914888,0.9976878612716763,-2354.8566957054104,-2468.667303757505,-4244.993856846983,-210.7829574736404,-197.2520785456556,-335.30122932833024,-388.0797776255888,-397.7532766243159,1.0,-193.62047912532228,-179.73436724945398,-276.44680810696855
2020-05-04,2348,2019-05-06,2020-05-04,252,169,-3364.1580632888804,-3231.0946577579443,-6223.112400846186,-7111.126573631247,-7570.301879666086,0.9976878612716763,-2366.4578515125113,-2470.4519537389074,-4240.042889709017,-217.83504109637283,-195.63031546476185,-361.8535808424658,-420.11688390063887,-441.23152453034476,1.0,-198.02402583956768,-188.6489980133592,-283.3684663798677
2020-05-05,2349,2019-05-07,2020-05-05,252,169,-3358.6637882730056,-3198.7545599366777,-6120.59151832707,-7099.307211739571,-7519.464031075209,0.9976878612716763,-2353.1830361049583,-2474.3235830439394,-4262.941089578415,-223.54523060441915,-197.54862794299646,-385.141768405788,-453.27392338052323,-474.2602921452846,1.0,-201.29756797191567,-190.83616528291117,-296.04365633955086
2020-05-06,2350,2019-05-08,2020-05-06,252,169,-3353.7027947306397,-3184.1031108573834,-6121.66021934367,-7021.556912584166,-7508.343575347273,0.9971098265895953,-2306.9894009806276,-2413.4078722168642,-4217.0437329786655,-221.17314938572608,-202.837988434613,-366.52235268106955,-417.5811766284351,-435.8325094134021,1.0,-199.93605729770442,-183.33121492310323,-297.77518251701304
2020-05-07,2351,2019-05-09,2020-05-07,252,169,-3339.027077238644,-3195.067463586346,-5917.283833322849,-6961.534482085807,-7369.534834806805,0.9971098265895953,-2310.134830294474,-2408.958260158644,-4327.529510340786,-225.97542051822518,-203.3278626291309,-383.1229991449761,-428.87031439851086,-453.10558804709444,1.0,-203.3333375638602,-187.70125123940522,-289.44666032734295
2020-05-08,2352,2019-05-10,2020-05-08,252,169,-3349.7760378723397,-3222.2172795373185,-5928.994527899927,-6973.740509883266,-7393.953200725852,0.9971098265895953,-2292.4233593703248,-2394.4898203125927,-4217.710449277139,-227.6253435761771,-205.8529658571082,-388.1383678298829,-445.3804298235175,-469.09920603740403,1.0,-204.41577651487006,-189.87969847528652,-295.5778094431102
2020-05-11,2353,2019-05-13,2020-05-11,252,170,-3360.9146572515433,-3255.491673902863,-5921.248922949615,-6921.72487879916,-7385.5001168541885,0.9971264367816092,-2283.2552191419936,-2403.745625950119,-4132.134921372306,-229.79645419228953,-209.8702206193243,-390.1515229061979,-447.6826780576587,-478.0835572524508,1.0,-204.99419302614072,-193.29882649537302,-294.7127217464566
2020-05-12,2354,2019-05-14,2020-05-12,252,170,-3378.1330863162684,-3324.5185509051,-5858.654822878958,-6901.955452453744,-7365.615671947832,0.9971297359357061,-2294.6375870773372,-2458.3008985022516,-4197.553339159775,-222.31983725196332,-202.98507862775654,-371.67070402830655,-419.1431016834091,-444.38326683326966,1.0,-200.46980547694855,-184.25522927172796,-277.0707853601896
2020-05-13,2355,2019-05-15,2020-05-13,252,170,-3408.6946882699617,-3338.424210476077,-5958.795241800039,-7020.822313711923,-7439.960242121432,0.9971280873061459,-2300.08636173564,-2495.2005733550723,-4114.28278132303,-223.2145357501548,-207.18065868578037,-364.6723959247275,-415.9642496751543,-437.02786976329634,1.0,-201.21410959471464,-186.70787435894766,-294.99871950706176
2020-05-14,2356,2019-05-16,2020-05-14,252,170,-3362.282519558476,-3310.89459977348,-5869.349250912033,-6960.088655911598,-7333.8979836093,0.9971264367816092,-2275.5100186967375,-2464.552328397397,-4136.660727814871,-211.33006997721228,-196.50664147557688,-337.9258669612919,-381.51058502659424,-404.51811823251126,1.0,-193.79044616469662,-182.79591465993371,-273.24181019931086
2020-05-15,2357,2019-05-17,2020-05-15,252,170,-3366.726698806522,-3296.9913735320147,-5922.4551553079,-7006.277060806885,-7349.810587557539,0.9977024698449167,-2262.6029504407506,-2442.716024912229,-4096.497396909586,-221.61057157928343,-201.6902021747734,-367.3993304773912,-423.957109600462,-447.3065483428577,1.0,-200.17592518585315,-189.66153903912695,-304.0473356624589
2020-05-18,2358,2019-05-20,2020-05-18,252,170,-3403.6433381785455,-3381.1133673917525,-5903.708464940497,-7013.821286029021,-7390.785489816816,0.9971280873061459,-2252.0334684663912,-2501.0474306372435,-4098.838288990224,-221.3507352959055,-201.7547888470715,-364.62769062049426,-425.1636163286036,-445.9538671336029,1.0,-199.5643583611356,-187.216470363987,-301.08772748112153
2020-05-19,2359,2019-05-21,2020-05-19,252,170,-3433.701882968539,-3434.9032048571607,-5927.812426009232,-7110.5890477896855,-7461.06676397041,0.9971280873061459,-2253.70870177493,-2521.2722523262064,-4139.937074364474,-224.2411329439064,-207.738396085489,-370.2411386056866,-426.1250990254784,-450.4626762577917,1.0,-201.37920833038208,-192.1923034830328,-300.12443041628
2020-05-20,2360,2019-05-22,2020-05-20,252,170,-3411.1349693817087,-3396.9776369295223,-5926.956217527858,-7077.381801399576,-7428.478098179475,0.9971280873061459,-2245.902137231711,-2511.732548136887,-4088.2431159996368,-231.07607026380904,-214.45731054582362,-378.0785825070976,-448.3574232640864,-466.2315561911579,1.0,-206.89506198083495,-194.44396200366674,-302.59431355463687
2020-05-21,2361,2019-05-23,2020-05-21,252,170,-3432.461783092944,-3442.0629320405014,-5898.618931299875,-7103.967982489905,-7447.676491397047,0.9971280873061459,-2226.288839596686,-2535.799387059802,-4069.980703422396,-235.9660252797327,-219.28227710714805,-387.14330847046335,-455.38084141464935,-473.2203028033502,1.0,-210.4231937769296,-197.25162619220706,-304.0534212946676
2020-05-22,2362,2019-05-24,2020-05-22,252,170,-3444.6579661381306,-3445.263052355204,-5984.850081280837,-7100.857575242912,-7504.341585098909,0.9971280873061459,-2285.032878606054,-2597.9084497027698,-4092.5839327614995,-233.87663494705154,-209.5020137480827,-399.73886548135994,-459.4244855454575,-487.6386110430149,1.0,-209.12450400595793,-196.3296244929509,-298.78172165227664
2020-05-26,2363,2019-05-28,2020-05-26,252,170,-3413.6715470246613,-3383.293936882851,-5952.060621131991,-7072.850590809814,-7477.271553978883,0.996551724137931,-2224.985837655917,-2488.9105346673623,-3961.785518948041,-249.60903676063413,-221.31397759701633,-436.73690622437374,-505.18521523697507,-539.4173286556794,1.0,-217.67853396131963,-199.07487045546225,-321.2169609951693
2020-05-27,2364,2019-05-29,2020-05-27,252,170,-3374.952921095079,-3354.3557412343303,-5912.918512619346,-6926.756311579826,-7400.287524532817,0.9965556831228473,-2169.0838657255235,-2442.2273620333754,-3909.734144373311,-49.37619441636825,-44.60499915870791,-82.4535372253433,-96.90532230706576,-103.7193251714915,0.9994117647058823,-42.974125787356925,-42.38443579938439,-61.97630964924354
2020-05-28,2365,2019-05-30,2020-05-28,252,170,-3389.13808910017,-3358.9535116366333,-5920.974239414501,-6946.458077709781,-7428.340124622539,0.9965556831228473,-2188.4352227859235,-2439.5363334291405,-3885.522082168893,-247.13631906859985,-222.12611165576942,-433.4542551436088,-511.92228250178243,-536.6901929337721,1.0,-215.418711263087,-194.8597622103841,-330.6319161225897
2020-05-29,2366,2019-05-31,2020-05-29,252,170,-3365.048010703372,-3341.8219947261646,-5894.3111109830315,-6914.539060862227,-7385.539763488583,0.9965576592082617,-2172.7069690442067,-2368.0066198558056,-3871.881687063098,-247.17722143539845,-221.45665162574778,-440.9978104009963,-519.4150133208011,-541.5880712493797,1.0,-215.9968216301485,-198.29281160389672,-314.16819592243104
2020-06-01,2367,2019-06-03,2020-06-01,252,170,-3375.2003576165266,-3372.8119702343465,-5930.163393870425,-6990.952829867162,-7413.680418977477,0.996553704767375,-2198.162558337417,-2406.711863048704,-3877.381897075712,-250.16109804561847,-224.1295680651801,-438.21884924772996,-528.6022042558495,-554.5899806413073,1.0,-217.51581336411246,-193.96984312065666,-329.9094583441079
2020-06-02,2368,2019-06-04,2020-06-02,252,170,-3388.3605806901046,-3405.854491165364,-5906.793698062907,-6990.989977068534,-7421.722119802584,0.996553704767375,-2190.8108550756665,-2429.3277239089884,-3976.9629640854732,-243.20520970884155,-219.6093724718238,-417.877007531158,-510.25373224168163,-534.370596562516,1.0,-213.05634405612628,-191.89620778598248,-337.21381184372916
2020-06-03,2369,2019-06-05,2020-06-03,252,170,-3404.000474035483,-3416.4990808813623,-5960.830977656074,-6991.405371846156,-7465.678287477784,0.996551724137931,-2214.275603444019,-2427.1643836448457,-4051.889390728905,-249.45387199928166,-222.32671927994278,-432.30495151458285,-512.8150516718422,-546.8634655582706,1.0,-217.86012621969576,-198.8271469998634,-334.923789565733
2020-06-04,2370,2019-06-06,2020-06-04,252,170,-3387.711328584614,-3400.926546418911,-5996.883803254848,-7021.625283082021,-7453.79180382149,0.996551724137931,-2197.8012587342723,-2429.2340743568793,-3853.598799461857,-49.31890722077244,-44.86592217568909,-83.4039926042375,-98.55302482548827,-104.75482028988759,0.9994117647058823,-42.855713327655394,-42.31957189233799,-61.481393331569734
2020-06-05,2371,2019-06-07,2020-06-05,252,170,-3384.978863607024,-3394.023499460164,-5870.714655127473,-6975.210268649078,-7422.197354208054,0.9959746981023577,-2199.5214870705054,-2436.3565451392774,-3953.7543034430028,-250.48102679841892,-224.42141281896434,-436.66680841043865,-508.3890014871442,-539.6194859552721,1.0,-219.41684659036264,-200.40656284014835,-324.9374460876645
2020-06-08,2372,2019-06-10,2020-06-08,252,170,-3410.09872590068,-3355.970973454006,-6062.276133325104,-7097.224742530445,-7530.902031362799,0.9959816303099885,-2212.7032737063705,-2432.645705295905,-4050.9932372253006,-245.09357457523438,-216.50255909074104,-423.59255150659385,-517.5409397536514,-545.7166022198707,1.0,-214.96056074736126,-198.64111701249197,-323.10223757018986
2020-06-09,2373,2019-06-11,2020-06-09,252,170,-3407.1342258528357,-3366.6346357185794,-5966.473360369498,-6957.434228007861,-7480.763556270349,0.9959816303099885,-2193.9589055128868,-2455.033894458568,-4059.4034023702457,-49.22961545523963,-44.89462793451467,-82.56845734263929,-97.1822702621658,-103.81242347053634,0.9994117647058823,-42.915652257446354,-42.126475526917346,-60.226954694534726
2020-06-10,2374,2019-06-12,2020-06-10,252,170,-3377.0647274674247,-3284.8293683618376,-5855.1064183796825,-6897.40800898798,-7387.5001755617095,0.9965556831228473,-2167.6910551489755,-2429.7577569694186,-3940.1442761941435,-244.64872824931572,-217.13291434409126,-424.8170313140626,-528.807115439647,-555.2458434650316,1.0,-214.1559152666327,-197.0275642959216,-323.59653259846993
2020-06-11,2375,2019-06-13,2020-06-11,252,170,-3435.6647958086255,-3421.1431300731697,-6001.0750852408255,-7059.902676701902,-7527.458103769812,0.9971280873061459,-2237.0250127625663,-2486.904720900464,-4077.1431822943823,-244.60759210582052,-217.14752359321702,-424.02488058609146,-500.15273933688286,-528.8402657062039,1.0,-214.13603817183167,-195.1174564252338,-333.27316312392867
2020-06-12,2376,2019-06-14,2020-06-12,252,170,-3427.62454445637,-3446.222890693617,-5998.334160666573,-7074.78733044385,-7513.904590633597,0.996553704767375,-2230.8516980503896,-2478.95075831372,-4024.1628530408675,-241.9923795114757,-213.19677524826952,-429.13091504802895,-497.5799438774123,-520.823597240549,1.0,-212.42533217486232,-193.82536969786986,-343.39004094646805
2020-06-15,2377,2019-06-17,2020-06-15,252,170,-3428.2505077744804,-3440.2242224342085,-6023.5388700375615,-7105.3531236191,-7540.990134989725,0.996553704767375,-2237.7627533105106,-2490.6632306911697,-4031.386623253548,-238.62749122571535,-212.30825869093786,-422.44237747587704,-488.7889914418919,-509.37555377204757,1.0,-210.0360816156944,-189.79324261272058,-333.6227528683718
2020-06-16,2378,2019-06-18,2020-06-16,252,170,-3444.37120744379,-3465.6664100384296,-6055.112591390766,-7168.428590373341,-7576.156152419334,0.996553704767375,-2263.3639714340966,-2505.3441763515884,-4060.465365519444,-241.43079454428104,-209.82015906725735,-437.0694623518059,-521.3011758621658,-542.0090467180557,1.0,-211.3890292968723,-190.02979410882222,-343.6432410804067
2020-06-17,2379,2019-06-19,2020-06-17,252,170,-3439.1649254008885,-3472.8160545193123,-6055.963052015927,-7092.357528008032,-7557.68116503348,0.996553704767375,-2259.669822500667,-2470.73115530823,-4043.7530278291647,-240.19455051789197,-208.92157525207017,-438.0696575244868,-514.2711202590119,-542.4228763662946,1.0,-210.5397403147376,-187.38388009377235,-340.4534465654667
2020-06-18,2380,2019-06-20,2020-06-18,252,170,-3438.8523293604326,-3462.683907743932,-6081.130385226151,-7093.2902107673235,-7555.901829924679,0.996553704767375,-2258.095932030605,-2449.7490430348425,-4048.3636058071725,-243.6525837335607,-209.37951606141027,-455.7718286508496,-515.2921641472487,-555.867653966775,1.0,-212.8822667847057,-188.89806267847362,-337.8558689789684
2020-06-19,2381,2019-06-21,2020-06-19,252,170,-3442.0943155451278,-3453.6341240350143,-6118.865906350492,-7196.101565302085,-7585.726008354896,0.9971280873061459,-2253.87772176043,-2407.4123031255394,-4037.9809175491496,-236.7313158355572,-207.54885052615103,-412.64407997876594,-476.35283090478333,-501.431041779514,1.0,-209.20372755235962,-189.8431270380832,-340.72991132346993
2020-06-22,2382,2019-06-24,2020-06-22,252,170,-3457.5775318092115,-3454.1669926042673,-6135.998755021502,-7201.950050012553,-7614.1562073396835,0.9959793222286043,-2264.258494796877,-2460.3486314203924,-4117.039815542036,-234.83341983834404,-208.31976548060013,-403.92423902757616,-483.907768328529,-506.73239607238645,1.0,-207.7497438281125,-182.8669754852694,-334.7629777625008
2020-06-23,2383,2019-06-25,2020-06-23,252,170,-3440.5938511305685,-3405.9910243612685,-6111.31082888547,-7148.4326491340935,-7583.191182458577,0.9959770114942529,-2231.6986808275997,-2443.6711827600425,-3930.24449425584,-236.01139673653464,-205.86095229838395,-424.65240031740706,-495.7129075027435,-524.0474909590489,1.0,-207.45962229730478,-184.03292570984382,-323.0948498558306
2020-06-24,2384,2019-06-26,2020-06-24,252,170,-3443.2807631170617,-3497.9368056436615,-6074.051063349035,-7148.845443199697,-7539.171871645661,0.9954075774971297,-2237.0995549321474,-2457.333479845258,-3968.8457167522884,-235.64413126448844,-204.58793859731702,-420.11751834209576,-486.95068189006423,-518.2260614041666,1.0,-207.10748171822746,-186.3198139789439,-315.3273238094895
2020-06-25,2385,2019-06-27,2020-06-25,252,170,-3473.646368998793,-3532.303859404122,-6083.519935592132,-7120.441844705192,-7567.722071974067,0.9954022988505747,-2246.8923806198313,-2497.577860736601,-4032.8735992778716,-235.71950404955922,-208.12900697234917,-410.9593333551503,-485.0860392870978,-513.4539000047715,1.0,-207.289230284808,-185.97686588815552,-315.6203184803261
2020-06-26,2386,2019-06-28,2020-06-26,252,170,-3483.92300736493,-3504.250791210191,-6100.673949941124,-7153.6142604180395,-7583.292578935214,0.9954022988505747,-2250.4728501149493,-2503.839809804989,-4065.490467425138,-233.49995619493865,-208.74593470463003,-404.14115985437275,-477.3477517527897,-501.01638841841486,1.0,-206.53584027331794,-187.22333562506333,-317.1194077996421
2020-06-29,2387,2019-07-01,2020-06-29,252,170,-3468.508178483217,-3523.2381157647865,-6010.602536611057,-7107.874425310832,-7518.339267774436,0.9948275862068966,-2239.184431866166,-2509.955647115145,-4069.8266252399426,-229.86552357116906,-205.237687920397,-390.6146321571112,-462.7910763444154,-489.61746547730667,1.0,-204.41971249670823,-185.91993818687925,-312.9680773773559
2020-06-30,2388,2019-07-02,2020-06-30,252,170,-3467.2282719407303,-3508.584935959003,-6011.943448392439,-7129.242151209866,-7518.162814787404,0.9948275862068966,-2235.2672053699143,-2503.6526405142604,-4071.590661087246,-232.69155891316854,-209.84131897885112,-393.5648529796374,-459.0383875602444,-483.52203646093506,1.0,-206.38385449515943,-186.23278390886634,-315.71321919054833
2020-07-01,2389,2019-07-03,2020-07-01,252,170,-3445.098686413511,-3501.4222333446264,-5998.662937127824,-7103.118269445536,-7459.069292528972,0.9954049396898335,-2243.498928119756,-2486.8744986152005,-4074.4492300221605,-232.03402383950964,-212.30982422776157,-385.54295200936883,-448.38324348853234,-472.9585321442556,1.0,-206.63562593021356,-187.07650187559693,-322.88938141638437
2020-07-02,2390,2019-07-05,2020-07-02,252,170,-3441.5431562786666,-3499.7901430724805,-5989.147492206195,-7075.684384702094,-7438.821170447547,0.9954022988505747,-2257.0393613406277,-2489.7183093780814,-4080.950342249546,-48.77206420076799,-43.784330561052286,-82.9278954443026,-97.74246915751453,-102.74067812853608,0.9994117647058823,-42.377261069180356,-40.920975995386,-60.432360396937675
2020-07-06,2391,2019-07-08,2020-07-06,252,170,-3430.726840431006,-3457.868486805365,-5994.381315455097,-7082.619220787559,-7435.139116363696,0.9959770114942529,-2236.5360376662206,-2471.061658629846,-4008.9236913686914,-228.70940415626944,-203.86609482339708,-391.74312791676573,-454.7418945552615,-480.098753564266,1.0,-204.3296991585661,-185.33190395476683,-309.55351985086185
2020-07-07,2392,2019-07-09,2020-07-07,252,170,-3434.8582595457733,-3474.5454843883435,-5995.742322920157,-7030.384977816716,-7420.1722491655255,0.9959793222286043,-2235.4625352293583,-2446.8449744190434,-4058.13232524321,-232.69388953562918,-203.41629523472355,-394.0831416863956,-474.986496504788,-497.3304996710493,1.0,-207.70202681082995,-185.33984698148944,-314.49288199103677
2020-07-08,2393,2019-07-10,2020-07-08,252,170,-3437.2255781559384,-3453.4701309817956,-5998.013552371681,-7070.520003989187,-7435.089735055586,0.9959793222286043,-2248.537066296193,-2451.0318497340295,-4095.5618146325123,-220.60419788829373,-201.6475151090175,-353.0858280749908,-405.7125244305322,-427.65635428535734,1.0,-200.90399484900982,-187.69649299174847,-290.13402987065683
2020-07-09,2394,2019-07-11,2020-07-09,252,170,-3458.9777944336183,-3475.4777234169696,-6060.899064905167,-7122.080362547442,-7501.814185364595,0.9954049396898335,-2254.2201361495577,-2456.6858055782623,-4133.498323979357,-226.68920740649628,-204.00194730574222,-373.1384788546052,-425.3339457529201,-449.66050328265493,1.0,-205.63555725311195,-189.61745134685694,-299.0614506562284
2020-07-10,2395,2019-07-12,2020-07-10,252,170,-3479.4179784972725,-3533.574585946605,-6150.44563482814,-7231.404258402194,-7601.024408494016,0.9954049396898335,-2236.0794003157343,-2462.2679345801853,-4022.558314408907,-222.87019478911142,-205.39605989812168,-359.0510087700939,-408.1404433412688,-429.8727708165289,1.0,-202.3308259458401,-191.49098056163967,-293.6850114395888
2020-07-13,2396,2019-07-15,2020-07-13,252,170,-3477.2313583113546,-3455.1853745097033,-6191.792277357634,-7193.2545909367545,-7640.320781813699,0.9954049396898335,-2247.192712033251,-2450.847489296746,-4062.6433600561018,-228.49216998034575,-207.95210540244,-372.13219733379634,-426.1161054993407,-450.72854189262347,1.0,-206.0536295564883,-193.7112707077302,-298.0058723166753
2020-07-14,2397,2019-07-16,2020-07-14,252,170,-3470.8392526279663,-3524.455284389134,-6156.745798748288,-7210.489170467064,-7619.749674608494,0.9954049396898335,-2254.2319302214455,-2485.067975482705,-4007.8505684496135,-223.88630967434855,-205.77411172048238,-360.423227126005,-417.9625830293595,-438.94513565084225,1.0,-202.82815839960125,-188.74483143757732,-298.00206546951046
2020-07-15,2398,2019-07-17,2020-07-15,252,170,-3523.2968436638657,-3560.4239022421875,-6243.798661577364,-7345.112246610665,-7740.164035571949,0.9959793222286043,-2279.595809111059,-2502.8558455076045,-4039.273667065016,-221.59194332108822,-200.85018326379375,-360.947308070577,-420.0840339611272,-439.4488429571668,1.0,-201.73110884975708,-192.03735431992246,-290.4187008682547
2020-07-16,2399,2019-07-18,2020-07-16,252,170,-3481.565047406069,-3470.4490936279212,-6121.2289077665,-7159.301030214079,-7577.157013813841,0.9959793222286043,-2240.7046994203665,-2506.689738787187,-4005.3840428173685,-223.37286145560898,-207.04640844734416,-357.96968604483726,-416.1134590567627,-435.8373862333257,1.0,-203.57308981912107,-189.89113749894238,-281.85686355447694
2020-07-17,2400,2019-07-19,2020-07-17,252,170,-3477.8091627447825,-3504.3987141957923,-6175.92770482286,-7212.050068321068,-7644.626573873341,0.9959770114942529,-2253.242678570016,-2467.6794746268815,-3994.103544758895,-218.88307860911357,-205.32817711805714,-342.5762994758981,-393.79842091316726,-416.204077204985,1.0,-200.54535960121268,-192.02205046590962,-277.4959873036331
2020-07-20,2401,2019-07-22,2020-07-20,252,170,-3506.9095884533326,-3505.4525172999033,-6204.966429890176,-7185.996356251789,-7697.052781944303,0.9954022988505747,-2271.4732396608965,-2533.1392245965035,-3979.7929322539035,-223.46535032423327,-210.78496168589936,-345.72848667535237,-405.75962393322027,-424.7353764959145,1.0,-203.4076923936872,-193.09401580391727,-286.2374822797979
2020-07-21,2402,2019-07-23,2020-07-21,252,170,-3516.1918680363165,-3505.268293752197,-6265.054340087408,-7276.793256298732,-7749.560602083783,0.9954022988505747,-2276.7193712413186,-2511.392121731952,-3986.705527755518,-223.17560998627306,-211.23123539049445,-353.8474855971439,-405.73671554482183,-429.84892517538566,1.0,-203.00605351054094,-195.66895367375008,-295.003462467372
2020-07-22,2403,2019-07-24,2020-07-22,252,170,-3483.0633037970347,-3459.817355220397,-6142.005153563569,-7160.245475459446,-7626.518762740633,0.9954022988505747,-2250.773040923573,-2511.1232777674645,-3935.5329362122175,-226.80468062103407,-213.83417872728998,-355.2920853374816,-396.7873685231045,-432.8150198356459,1.0,-205.9331123546876,-198.24437255382807,-294.1407722504659
2020-07-23,2404,2019-07-25,2020-07-23,252,170,-3497.951181357816,-3453.4270877184545,-6216.5217124281735,-7214.94175611658,-7678.179012921668,0.9954022988505747,-2277.182431812578,-2553.515223806381,-3932.4566524025213,-225.70174619304146,-213.34925102623995,-363.818399980004,-402.7144737516492,-427.3894719915646,1.0,-204.97423380658216,-194.62574895365387,-300.16106846519926
2020-07-24,2405,2019-07-26,2020-07-24,252,170,-3491.0798240614413,-3484.9630373115233,-6206.271905818718,-7213.653973839378,-7654.198083261039,0.9959770114942529,-2271.2419941514636,-2538.1374597845884,-3943.5568869788754,-219.30686910134366,-205.98618642731702,-345.20218242341986,-390.64723977723276,-410.19012033157395,1.0,-200.33544568773252,-190.56400964881584,-297.5903068847776
2020-07-27,2406,2019-07-29,2020-07-27,252,170,-3455.3807076244716,-3403.4513647727545,-6117.133124824557,-7103.086232990335,-7549.997551982055,0.9959770114942529,-2223.8061229043947,-2445.1764012290314,-3919.132005968928,-219.43308880229083,-200.4583370991761,-356.7858392996332,-414.3492323080429,-442.507947135596,1.0,-199.9217654867337,-186.34822289877064,-279.9201281441882
2020-07-28,2407,2019-07-30,2020-07-28,252,170,-3487.262261055907,-3438.5749800529948,-6222.634081973275,-7135.137601073666,-7647.7499172829985,0.9959770114942529,-2240.647952658341,-2463.683726753292,-3943.7937675436297,-214.42133712371808,-198.51084255617997,-338.89042510518334,-396.8745387977429,-415.01696137778754,1.0,-195.94721122978723,-183.70255574286907,-271.31398079098415
2020-07-29,2408,2019-07-31,2020-07-29,252,170,-3454.9053968411085,-3442.367366842774,-6041.060671222258,-7058.1230453114085,-7504.171451261899,0.9959793222286043,-2193.886710012566,-2430.911694791492,-3847.239868216751,-219.83960279540995,-205.86826151400126,-344.1251926068696,-404.9009571996439,-425.2091791669981,1.0,-199.92106303380453,-186.96367321489186,-283.0316715099949
2020-07-30,2409,2019-08-01,2020-07-30,252,170,-3433.218946847552,-3337.958676421868,-6029.619166440721,-6982.165934638571,-7458.333425005941,0.996553704767375,-2193.967165609495,-2435.130343521401,-3852.5971105474464,-213.59631616104457,-196.7551218163411,-339.40178784964854,-393.685043974801,-413.715789073254,1.0,-195.0610100670573,-179.71495946046315,-276.9937658175161
2020-07-31,2410,2019-08-02,2020-07-31,252,170,-3460.693548005479,-3422.409437100926,-6068.793601634105,-7008.704470619748,-7495.623727966296,0.996551724137931,-2204.513458618958,-2430.522359068166,-3902.1592689279014,-222.6115778306131,-209.73641379247158,-358.2343998126087,-414.6082598386727,-426.76791173505876,1.0,-201.10791322828274,-179.74421073468542,-300.7964063834017
2020-08-03,2411,2019-08-05,2020-08-03,252,170,-3465.8725891660088,-3480.1816585382053,-6033.758250284155,-6958.108416609996,-7457.832614304546,0.996553704767375,-2187.541592907192,-2420.6310815339066,-3889.931614300714,-225.38332089989245,-209.23420399228547,-363.810473855665,-415.96211398905825,-439.53454508286785,1.0,-203.45724585366793,-189.78008577946906,-305.02159415387536
2020-08-04,2412,2019-08-06,2020-08-04,252,170,-3491.4844492089123,-3495.0102334389753,-6145.451471946351,-7105.457786356825,-7573.403415730037,0.9959793222286043,-2240.8984460675974,-2485.051206439982,-3987.646852868297,-222.93862497926614,-207.37023194608685,-366.1927900279037,-420.173282498243,-443.37011344718246,1.0,-201.4499778754479,-186.9263081612172,-292.53775675532364
2020-08-05,2413,2019-08-07,2020-08-05,252,170,-3458.2161614783386,-3444.8649792624615,-6101.6528783279955,-7100.990640699408,-7505.390691131008,0.9954022988505747,-2193.1684233995256,-2415.832316864503,-3928.2072141563126,-228.94739663825357,-211.33837619948184,-371.3906271194999,-422.85880703208306,-455.56693316478993,1.0,-205.1879880240563,-190.73654150790236,-300.32041127208106
2020-08-06,2414,2019-08-08,2020-08-06,252,170,-3509.628815026249,-3551.4082177663095,-6213.114090746499,-7176.997223240841,-7631.167407248172,0.9954049396898335,-2272.657838401348,-2450.5622909121903,-4001.816542401894,-226.22446989413598,-206.11635273880347,-371.8210737718343,-441.50446987960623,-467.0066210231573,1.0,-202.8766842073392,-197.44482193572452,-289.45783914923743
2020-08-07,2415,2019-08-09,2020-08-07,252,170,-3506.1736930794764,-3556.0946214177907,-6158.418302755472,-7226.251815025863,-7592.570854818607,0.9959793222286043,-2277.0604366083317,-2480.726304497073,-4047.7655738955036,-229.5707972364172,-213.04939316958232,-382.69587239325756,-435.6047827309245,-464.7577042832883,1.0,-205.48434209692272,-197.22990954431015,-296.1854654372705
2020-08-10,2416,2019-08-12,2020-08-10,252,170,-3511.3251002094476,-3575.7241177286114,-6214.59295904355,-7161.2340962382195,-7638.910151321852,0.9959816303099885,-2275.1164556922595,-2493.652103154707,-4036.350468781758,-228.7221349603603,-214.6944755591261,-365.33695012772955,-431.1502217833214,-456.0948476981306,1.0,-204.65718432193654,-196.50841968869997,-294.0467115960971
2020-08-11,2417,2019-08-13,2020-08-11,252,170,-3487.063341277999,-3531.4176284299747,-6153.825227963884,-7084.507078986654,-7556.957696544829,0.9959816303099885,-2256.250464614908,-2450.864928717191,-3982.8020823236393,-229.17311342195424,-212.6187124526345,-372.7443322891835,-441.53221600202545,-461.72619135432643,1.0,-204.63417309176438,-187.7412260494028,-298.48923552194213
2020-08-12,2418,2019-08-14,2020-08-12,252,170,-3474.2462309657094,-3561.460855548314,-6078.057721441256,-7036.2357225375845,-7514.161405960149,0.9959816303099885,-2247.707710799695,-2450.7539121379896,-4041.696233898342,-230.2098127369206,-212.19497998364642,-375.4749985855367,-432.6372744340724,-457.77419186676696,1.0,-205.54674420980314,-187.82101967066927,-312.0617483668738
2020-08-13,2419,2019-08-15,2020-08-13,252,170,-3469.0390737067905,-3533.4034540544035,-6049.33488275614,-7095.346184757532,-7499.688364924517,0.9959816303099885,-2246.561831008569,-2467.823858167263,-4027.0700167871305,-50.26332072851907,-45.37225139980651,-85.9150465574029,-103.17219172897993,-108.04257170811687,1.0,-43.36525669338791,-43.025894964947724,-65.2480065790261
2020-08-14,2420,2019-08-16,2020-08-14,252,170,-3450.1666176884632,-3529.285504048783,-6035.107763304269,-7040.803667288159,-7474.4821128950025,0.9948305571510626,-2188.01048802549,-2388.945191954149,-3899.360226211316,-231.44398347786296,-222.56011180163802,-373.516206036395,-419.04972633261104,-440.5320498754673,1.0,-205.77672227486735,-191.98453564192556,-301.7511739147658
2020-08-17,2421,2019-08-19,2020-08-17,252,170,-3454.0859409502764,-3540.200166451884,-6055.882000995833,-7039.268938643534,-7473.643540607119,0.9954049396898335,-2196.457782223884,-2377.247417687079,-3966.6312423388717,-229.13993705004475,-214.74538353079674,-378.6387197636834,-438.50082197528116,-462.85409913841517,1.0,-203.19971258559903,-183.44556592893187,-308.5841032575113
2020-08-18,2422,2019-08-20,2020-08-18,252,170,-3470.2004984571454,-3559.346619522839,-6046.363479688131,-7098.327773132607,-7516.771497785199,0.9942594718714122,-2201.9298834901633,-2404.8968128296847,-3970.1010994801186,-230.2923240100852,-215.95125520680466,-378.3145579226485,-435.0747202416345,-456.3531855651763,1.0,-204.00325048035867,-188.06714832824065,-316.29715939613726
2020-08-19,2423,2019-08-21,2020-08-19,252,170,-3467.473719271557,-3562.6742805870645,-6049.310904201587,-7095.583298601584,-7512.588821911345,0.9942594718714122,-2199.0011233787054,-2398.1328935934816,-3977.113677228768,-241.9905993560712,-220.2981981019761,-414.98137442826726,-470.605443025221,-499.2133379982608,1.0,-211.3529501625068,-193.17821305382824,-339.00506029830194
2020-08-20,2424,2019-08-22,2020-08-20,252,170,-3465.754758236546,-3571.8897441496615,-6032.232082157931,-7094.309856710756,-7496.358700990628,0.9954075774971297,-2221.5601098015786,-2446.194972295104,-4036.414944885134,-241.41931225478262,-221.51684597716397,-405.8840177622117,-467.80300504034994,-489.8480092912128,1.0,-211.65708018844379,-194.8114839493272,-327.2721892623055
2020-08-21,2425,2019-08-23,2020-08-21,252,170,-3469.419967926093,-3556.2842345063714,-6110.639424800812,-7157.7924474884985,-7538.787015312624,0.9954049396898335,-2227.150742039396,-2446.7243766840666,-4022.4805429153735,-237.78158789880368,-223.57006510299715,-396.3309030024543,-444.21637330304236,-465.9529794054414,1.0,-209.66091766743978,-184.19718809920144,-333.77355855913333
2020-08-24,2426,2019-08-26,2020-08-24,252,170,-3484.373705263987,-3571.837041938323,-6031.256292748074,-7122.591822494553,-7525.013759637478,0.9954049396898335,-2221.6419337815214,-2445.2010325020156,-4021.3957887068195,-237.89942763630842,-223.00188424251684,-397.05420116876087,-455.5451242435517,-475.4059248279745,1.0,-209.8025489925473,-189.83209498412793,-321.1095955466195
2020-08-25,2427,2019-08-27,2020-08-25,252,170,-3486.7843096287747,-3559.7591531088865,-6104.958219865361,-7154.175228643302,-7558.304337579222,0.9959793222286043,-2233.5682384676957,-2467.2203261421673,-4023.5184045217634,-50.16012176530588,-45.327373434656664,-85.84818161304504,-103.73198727410919,-107.6540123955994,1.0,-43.377081687897466,-42.66046820547997,-64.04839739867634
2020-08-26,2428,2019-08-28,2020-08-26,252,170,-3480.3081834318523,-3567.377932196597,-6035.59721054904,-7092.684022423472,-7515.239408305112,0.996553704767375,-2220.8252039856184,-2458.695400676387,-3975.574210183252,-238.95822544555097,-225.7731736753992,-397.03399273925015,-453.85710948495614,-472.26726738132777,1.0,-211.03822503190793,-197.903550077445,-333.49876298011117
2020-08-27,2429,2019-08-29,2020-08-27,252,170,-3474.648719857153,-3579.8133371190984,-6019.544679483322,-7126.711872618621,-7503.759014473157,0.9954049396898335,-2212.8349995712497,-2432.524655992337,-3970.9101866156475,-237.4676824833969,-216.80069892495214,-400.0658074768625,-455.67975106404793,-477.4439423844092,1.0,-210.59551319786715,-196.21294388023915,-324.82268164301433
2020-08-28,2430,2019-08-30,2020-08-28,252,170,-3475.1139600860274,-3581.5895950636286,-6016.54145191841,-7096.671883922481,-7503.024105086876,0.9954049396898335,-2194.906601544396,-2401.62446646803,-4009.8283759438505,-246.69061442296865,-227.2042498407562,-420.46951009300267,-479.6564249782387,-505.02641012792384,1.0,-216.78197676021415,-203.39415471490355,-326.0001634035942
2020-08-31,2431,2019-09-03,2020-08-31,252,170,-3481.4071548772063,-3579.1628056195723,-6020.207772318924,-7098.707196705632,-7525.288414786268,0.9954049396898335,-2225.954497556506,-2443.9037962639427,-4067.0840538580132,-247.1798638505242,-230.64645440439537,-412.83663877524936,-480.9260138723756,-502.74768330614035,1.0,-217.05568744890977,-203.21245690377037,-331.9864795936574
2020-09-01,2432,2019-09-04,2020-09-01,252,170,-3472.826502515486,-3566.47962339283,-6023.214913405222,-7019.974769096191,-7497.62621828786,0.9959793222286043,-2229.227515222005,-2469.526839754445,-4041.0361790024895,-50.08302084797015,-44.938264346055064,-85.96651090639268,-102.47260271934594,-107.83328148702124,1.0,-43.08902821858416,-42.90220749951423,-63.94632669855595
2020-09-02,2433,2019-09-05,2020-09-02,252,170,-3485.0931666985175,-3611.3928518155617,-6030.056083059775,-7078.631060623311,-7523.470893903725,0.9959793222286043,-2234.2316332515206,-2479.1557221967782,-4067.2262035746985,-257.22663090741264,-231.12941208457087,-455.8467270021456,-539.1123114118262,-565.894233467422,1.0,-221.01327516248097,-201.61689116342333,-345.2216439957561
2020-09-03,2434,2019-09-06,2020-09-03,252,170,-3481.8076844926395,-3555.3075953876596,-6070.92449188832,-7124.675125638816,-7522.916812316134,0.9959793222286043,-2231.9227600289237,-2412.0266563056416,-4033.4880514553283,-261.2626866714221,-236.92316516577904,-456.9222875306002,-542.634399360118,-571.3825334185609,1.0,-223.6592582685272,-203.81131210707957,-348.42433530910097
2020-09-04,2435,2019-09-09,2020-09-04,252,170,-3476.8496864373265,-3552.154558535226,-6071.367095065971,-7136.413938945701,-7517.227148402379,0.9959793222286043,-2228.225076799333,-2386.896653704956,-4030.5754580491666,-269.59083670329204,-239.26626780435686,-486.82517038056045,-576.0829858958496,-611.4074898327245,1.0,-228.91429371984066,-201.89436104747222,-372.1312706723849
2020-09-08,2436,2019-09-10,2020-09-08,252,170,-3486.13717978531,-3544.805109412136,-6083.958747645131,-7156.683581977085,-7536.956978880156,0.9965556831228473,-2247.8512261130722,-2408.1757516560256,-4102.777396052382,-267.87049358377794,-236.67723880628014,-488.0257939890766,-575.6181039371369,-610.5553725859301,1.0,-227.86615629071068,-205.21735363222217,-359.91257971100833
2020-09-09,2437,2019-09-11,2020-09-09,252,170,-3483.512286361458,-3492.151843790809,-6086.4122577338185,-7054.198797102039,-7519.049956419804,0.9965556831228473,-2250.5843176606472,-2395.657535483604,-4133.7733221117,-263.2157424025763,-227.23126303029125,-474.85702161427406,-554.7419750486438,-590.9056859053923,1.0,-225.1789899505894,-202.55424594415595,-356.77127337493204
2020-09-10,2438,2019-09-12,2020-09-10,252,170,-3472.6413675485496,-3523.5454313292876,-6015.099063156591,-7099.503318904548,-7484.732474232359,0.9965556831228473,-2243.5902228152604,-2384.150882178251,-4130.722840650172,-263.3195643462585,-231.21215642634985,-479.0762192456,-556.1905773878601,-590.4848510676634,1.0,-224.80697622037422,-199.09085284079802,-347.90986543450464
2020-09-11,2439,2019-09-13,2020-09-11,252,170,-3456.7929954479555,-3498.578702641388,-6002.733735413762,-7043.834280723345,-7437.454592045868,0.9965556831228473,-2222.8616485695293,-2364.9141483022195,-3938.853522808942,-272.4000718502229,-225.7368437352162,-518.5431171543171,-622.3770764666106,-662.8517259736924,1.0,-228.5119313645811,-201.28140384629626,-378.35794949004827
2020-09-14,2440,2019-09-16,2020-09-14,252,170,-3466.3719296814593,-3503.132740726949,-6068.933417779491,-7138.652531035857,-7469.387665121101,0.996553704767375,-2227.7984221252755,-2365.900555578377,-3955.8515893548933,-269.00621874744985,-224.86019895139395,-509.41418802468604,-614.3164985810241,-651.707047085834,1.0,-227.30853198192156,-203.31318303845768,-363.60052652310327
2020-09-15,2441,2019-09-17,2020-09-15,252,170,-3443.860953695029,-3469.7023278218057,-6066.044824316207,-7078.926154652804,-7436.9988850460995,0.996551724137931,-2211.72454558042,-2362.4548467395243,-3916.6735671120687,-257.9117367465269,-228.26010965476735,-453.5561483591443,-547.7501360911882,-580.3201033484901,1.0,-221.87667817283983,-203.60665912382478,-338.72852818566474
2020-09-16,2442,2019-09-18,2020-09-16,252,170,-3471.7546281165,-3477.349756872929,-6224.648983423663,-7163.0767565521155,-7523.219714008916,0.9965556831228473,-2264.927136124338,-2364.8633584893055,-3924.7325203606715,-257.3857453636706,-226.24204757066968,-448.27442003456457,-542.6741744882484,-571.471736299373,1.0,-221.7392662131683,-202.1233001532643,-332.7083242503813
2020-09-17,2443,2019-09-19,2020-09-17,252,170,-3494.9420581661375,-3499.139202117534,-6332.731800153119,-7281.017702092565,-7644.497092444213,0.9965576592082617,-2282.1010055778847,-2400.371293924616,-3970.76374609553,-259.74028290859405,-229.90260782133413,-451.090974538927,-544.9998642651442,-563.917279180071,1.0,-223.63176470621897,-195.94144568691553,-355.80135632936003
2020-09-18,2444,2019-09-20,2020-09-18,252,170,-3464.1879904696366,-3507.551337887298,-6072.754648241701,-7062.590142602348,-7457.329542387357,0.996553704767375,-2261.1920361361276,-2403.537266346677,-3938.6630446335216,-257.3543145197575,-235.35601014398105,-443.44605954295037,-519.805448883341,-543.0856201388507,1.0,-222.20327946545498,-198.07435333550364,-360.2471253790451
2020-09-21,2445,2019-09-23,2020-09-21,252,170,-3490.291070265347,-3478.036273787828,-6210.38831116784,-7281.242900992928,-7590.84052725742,0.996553704767375,-2286.8132895495833,-2402.165456208503,-4041.456945874459,-49.83456415726249,-44.10437906648877,-84.54660814057178,-102.52617556242376,-107.88335354420444,1.0,-43.17449921659462,-42.48737060831632,-63.6953210737763
2020-09-22,2446,2019-09-24,2020-09-22,252,170,-3460.456559856353,-3454.665326906182,-6115.944652337821,-7086.146197791952,-7471.674683796654,0.996553704767375,-2257.612995438058,-2390.746685806823,-3956.0207343176835,-257.05707467204513,-226.94960913481245,-457.1015706247081,-535.7615310184625,-558.4991979433078,1.0,-222.40159127750564,-199.86228841225125,-344.9507326956976
2020-09-23,2447,2019-09-25,2020-09-23,252,170,-3485.518235063615,-3465.2744499762102,-6226.875759834284,-7253.5840748803375,-7569.218256330029,0.996553704767375,-2274.600315831103,-2405.65987505702,-4025.463955116725,-49.47218893830028,-44.475036755258316,-83.88476295357802,-101.81262055868594,-106.34592405655631,1.0,-42.94016877821235,-42.393261881119074,-62.46163720572582
2020-09-24,2448,2019-09-26,2020-09-24,252,170,-3503.724877141846,-3443.4729456248347,-6321.783975718175,-7321.979305089955,-7641.731521834019,0.9965556831228473,-2285.510801104993,-2442.0430456175345,-4003.6150731967005,-235.8123524624857,-205.6996207071581,-410.2096695045569,-483.0860924902748,-508.3748840237074,1.0,-207.9450864333962,-194.0999720131637,-296.0978309319508
2020-09-25,2449,2019-09-27,2020-09-25,252,170,-3497.0466314093455,-3454.5508858021726,-6241.290121991031,-7244.4099739561,-7606.945828706572,0.9971297359357061,-2284.854708155074,-2458.5698715364624,-4061.808105231653,-49.7734725566571,-44.94372925766359,-84.30066267886492,-102.69343394640079,-107.49605689970693,1.0,-43.13654948725951,-42.80768809495842,-62.32441468386086
2020-09-28,2450,2019-09-30,2020-09-28,252,170,-3509.219360712578,-3467.5690691504965,-6264.08188291237,-7250.032622888816,-7622.935293644575,0.9965556831228473,-2294.6277585832695,-2499.7115838195045,-4067.618834771378,-50.01070938151438,-44.899970377001935,-85.59326890387261,-102.28047975633851,-107.88288201983354,1.0,-43.25874856875768,-42.28881829362551,-61.95336874412385
2020-09-29,2451,2019-10-01,2020-09-29,252,170,-3486.3296272765415,-3463.12051918806,-6119.908398770793,-7103.951882645831,-7501.743980166675,0.9965556831228473,-2277.2818266904346,-2483.079827787419,-4008.5824603197107,-223.45554016471047,-211.4382643783229,-356.08247163398465,-415.44320809125134,-430.62991087306625,1.0,-202.13237753675622,-193.19346501822247,-286.8221807271964
2020-09-30,2452,2019-10-02,2020-09-30,252,170,-3535.9843919441228,-3502.121256629589,-6296.182779317691,-7249.470804535742,-7667.649192018775,0.9965556831228473,-2320.6540362713313,-2490.2749355775068,-4074.3517933525413,-220.74633664049912,-207.1668275399261,-350.0256138526982,-398.87048945488675,-415.3823817266797,1.0,-200.3234207669193,-191.54834104781844,-275.108808219162
2020-10-01,2453,2019-10-03,2020-10-01,252,170,-3497.1012082391962,-3489.405670568098,-6262.835693450196,-7236.232479283768,-7596.296664496729,0.9971297359357061,-2267.8646293781026,-2434.1903679603647,-4083.3851828075385,-223.17212697173812,-213.91952438714674,-340.08067218641975,-397.92199782706217,-415.01999224146806,1.0,-201.92870308348057,-190.18776840646862,-286.8083671643628
2020-10-02,2454,2019-10-04,2020-10-02,252,170,-3497.4706589476623,-3488.8913984227042,-6240.590743679497,-7246.95064145146,-7602.141050318601,0.996553704767375,-2268.3485371855404,-2433.595373023132,-4059.483380302505,-223.30111364700647,-214.1275386300843,-345.64911444338367,-391.84708148581757,-414.84707682445196,1.0,-202.72441777378862,-195.2245063187607,-285.7706133902946
2020-10-05,2455,2019-10-07,2020-10-05,252,170,-3498.594572424311,-3480.393228931598,-6271.349846744465,-7256.288430409755,-7600.196220497345,0.996553704767375,-2278.675111420123,-2441.385472868875,-4021.6277391476146,-223.52691048591248,-214.65977537814146,-343.77151884055326,-392.4691017949918,-411.135693638538,1.0,-202.91679013960922,-193.5756431967597,-285.2711293870289
2020-10-06,2456,2019-10-08,2020-10-06,252,170,-3502.3497233745597,-3488.5829730363203,-6272.34571894876,-7260.73569288058,-7609.634035945384,0.9965556831228473,-2297.051660881475,-2468.8214714800597,-4022.3105912865753,-221.38878031742726,-210.14426618068177,-344.90123599974964,-394.304153330329,-409.03060524303436,1.0,-200.83398943519774,-191.85959402437658,-292.8871364961113
2020-10-07,2457,2019-10-09,2020-10-07,252,170,-3480.7626809644466,-3455.0535996053823,-6170.57638778822,-7231.017385795866,-7551.3720791501855,0.9971280873061459,-2267.154021704602,-2419.657576028616,-4045.010388298148,-49.630721195828684,-44.25346277134804,-85.2498248707252,-102.6732837524248,-107.81799484477027,1.0,-43.07883145730218,-42.51276790156437,-63.247790405773046
2020-10-08,2458,2019-10-10,2020-10-08,252,170,-3484.1838828700397,-3444.327452468462,-6220.998298386777,-7237.939917397575,-7583.062643651111,0.9971280873061459,-2277.7945373984376,-2436.696776141843,-4012.6865475502295,-217.6114883184223,-205.7100695951555,-336.5264323115269,-386.6742564344471,-407.7688886780501,1.0,-198.20930950645695,-188.0326163347392,-274.8581983335854
2020-10-09,2459,2019-10-11,2020-10-09,252,170,-3488.785042369056,-3472.962823779383,-6238.252969134391,-7252.681246720403,-7589.120395322632,0.9971280873061459,-2263.8427143599592,-2437.332567821055,-4045.4146015335377,-210.64793534986183,-204.54418146130416,-318.0728723542274,-354.1205102443067,-370.454647735965,1.0,-193.26280787777355,-187.5578098971988,-271.5729618407596
2020-10-12,2460,2019-10-14,2020-10-12,252,170,-3489.9875226297045,-3466.1425392872816,-6202.4181547492035,-7168.451198707118,-7569.8324798823905,0.9971280873061459,-2255.612646908487,-2473.795363329071,-4009.7921960148437,-207.75344312147286,-202.25421566123703,-313.65601464062183,-347.1127391123082,-362.10740344002005,1.0,-191.46630633570308,-185.10382391992295,-267.7183222957948
2020-10-13,2461,2019-10-15,2020-10-13,252,170,-3488.1337730034693,-3450.629540842873,-6212.498439234722,-7163.47015053589,-7560.713743770846,0.9971280873061459,-2256.280792672214,-2466.5396014405596,-4023.399361619945,-218.12626198791057,-203.87395061663892,-353.05636734032794,-413.5285326739461,-430.84610067567553,1.0,-196.80774973865192,-189.21300996494273,-285.90287334582393
2020-10-14,2462,2019-10-16,2020-10-14,252,170,-3486.2644579457155,-3450.158416599038,-6215.310519204556,-7149.7101275221585,-7556.255833408082,0.9971280873061459,-2255.9529574142894,-2466.1781848262813,-4020.374923477544,-217.5973393112187,-204.72721398576493,-346.1876898937538,-400.69787930511586,-419.2723811624264,1.0,-197.05118811837661,-186.76749603469528,-279.36318371244914
2020-10-15,2463,2019-10-17,2020-10-15,252,170,-3491.1447234920624,-3445.185618583758,-6214.647420223299,-7216.017860556187,-7576.905941924368,0.9965556831228473,-2255.9735687164602,-2462.612222969753,-4003.056263714851,-218.7419325335871,-203.78309949225627,-354.5967189636759,-400.8910921928844,-422.86568868055554,1.0,-198.0289586228663,-188.1022227650801,-296.57602154623964
2020-10-16,2464,2019-10-18,2020-10-16,252,170,-3497.4812973722183,-3442.3387374727045,-6191.994455352381,-7133.845073229511,-7565.290675021546,0.9965556831228473,-2265.409791986271,-2479.9244193151562,-4010.524824967476,-223.50512464187426,-205.54658656060656,-368.36225775897645,-413.7857036205314,-434.84970036345305,1.0,-200.8526983501969,-188.65271675550042,-303.0588825474079
2020-10-19,2465,2019-10-21,2020-10-19,252,170,-3495.3252818186384,-3453.340818017737,-6176.557587575109,-7208.736494560524,-7557.505051772245,0.9965576592082617,-2266.9150998956516,-2445.3266118903157,-4057.0087617543136,-218.47200761679125,-204.19368562551404,-355.84831546162354,-404.8742758080044,-417.86893577760645,1.0,-197.8196355375931,-187.72382792983962,-296.0938578649275
2020-10-20,2466,2019-10-22,2020-10-20,252,170,-3491.1408970816847,-3451.6352314530036,-6196.722651360794,-7204.838460813186,-7565.615902371245,0.9965576592082617,-2271.4767803347113,-2437.815234536499,-4055.7695582225315,-217.540373232489,-203.02622885689345,-352.3132299069994,-397.6559472452301,-421.73501065314457,1.0,-196.75993425727074,-190.40351065716146,-288.74708844799386
2020-10-21,2467,2019-10-23,2020-10-21,252,170,-3484.452970382012,-3435.1563560802615,-6161.292862956603,-7146.962889582077,-7538.141618171592,0.9965596330275229,-2255.6770547366864,-2437.0513240549317,-4118.0721372519965,-214.54197441263096,-198.0171756972971,-346.75236059067817,-399.32444586677207,-419.1538848388317,1.0,-194.23942040161037,-182.57793244570354,-280.5519951480005
2020-10-22,2468,2019-10-24,2020-10-22,252,170,-3486.122370867531,-3436.7746334906906,-6178.894082378893,-7174.840077691025,-7523.952216701712,0.9965576592082617,-2251.594438790068,-2427.5125162384356,-4091.1081620888767,-208.85304070705055,-198.72803994917058,-334.6494628714807,-378.6418610605681,-395.2114234427173,1.0,-189.92026194183333,-181.95310711407666,-266.02990779723814
2020-10-23,2469,2019-10-25,2020-10-23,252,170,-3474.1179789147473,-3437.120768870165,-6101.731299194377,-7119.87113569554,-7483.146886957516,0.9965576592082617,-2274.81853703466,-2463.8946491204388,-4230.507033229331,-50.129846674310315,-44.11704156511813,-86.13254170145295,-103.49892811996286,-108.68779071807407,1.0,-43.54066379537072,-43.15611173585512,-63.63195479707951
2020-10-26,2470,2019-10-28,2020-10-26,252,170,-3483.72911937376,-3438.187266769283,-6111.300731186476,-7132.214831988887,-7520.351637282543,0.9965576592082617,-2267.724050724421,-2455.0616695616577,-4158.340556691356,-211.58207114024714,-199.14110437708462,-336.8595195174188,-381.2738875283661,-400.3839133876458,1.0,-192.9671270138238,-188.18397432383028,-272.11897705489145
2020-10-27,2471,2019-10-29,2020-10-27,252,170,-3511.2601988196775,-3444.1210751253975,-6203.328184776399,-7243.709042957672,-7618.653073109854,0.9965596330275229,-2283.1525262623586,-2464.4957635328965,-4131.954241981477,-208.476413160804,-197.5396358347492,-325.3209194517188,-367.34648788034184,-385.2434093352814,1.0,-190.51341577471027,-185.03021630143084,-271.69618739860726
2020-10-28,2472,2019-10-30,2020-10-28,252,170,-3475.3238839233286,-3414.677394578356,-6118.553502025416,-7144.164418126234,-7496.294415311646,0.9965576592082617,-2229.521379405966,-2420.1505065197152,-4053.4028962328757,-219.65109753911477,-210.01270039964882,-351.95761380118336,-399.2270490583457,-414.53500956354657,1.0,-198.00081805852756,-189.8702584891385,-289.0219567598824
2020-10-29,2473,2019-10-31,2020-10-29,252,170,-3485.49749864075,-3421.9401288959602,-6115.709866048644,-7108.997487825303,-7519.543381922881,0.9965576592082617,-2223.027033633582,-2419.782646987878,-4038.1943911615253,-219.05822679246296,-211.8786159091935,-348.1023395468938,-390.36100462206053,-407.69938598015307,1.0,-197.97171185731372,-191.6768864526999,-288.2941824103503
2020-10-30,2474,2019-11-01,2020-10-30,252,170,-3507.4372791277815,-3441.893066529798,-6144.336358494995,-7203.920816223486,-7563.832149063053,0.9965556831228473,-2226.19407926322,-2430.5764009042678,-4002.382008692876,-218.69494756028902,-205.7353361203318,-354.368149319103,-399.9126268852139,-419.04177939822256,1.0,-197.4170220182599,-190.04039762428425,-291.8426982500732
2020-11-02,2475,2019-11-04,2020-11-02,252,170,-3515.23242769666,-3438.438392136555,-6196.866253142933,-7134.7562990920305,-7595.1544372197795,0.9971297359357061,-2238.9961978109695,-2465.920175723272,-4053.385675368505,-48.90269891290795,-43.359628794903934,-84.50282414974902,-99.43998521742371,-105.20804491530357,1.0,-42.495906254039205,-42.69757205244321,-60.55318390415949
2020-11-03,2476,2019-11-05,2020-11-03,252,170,-3549.8378042275126,-3442.9201122992754,-6261.996527128936,-7247.641365643803,-7686.455923752261,0.9971313826735514,-2284.9907648739263,-2476.595767672918,-4139.142462420526,-220.03490070004153,-209.42404828939462,-354.8571366259692,-398.9195646936246,-418.6699791073246,1.0,-197.71226310278493,-187.8064778292973,-301.42544191794457
2020-11-04,2477,2019-11-06,2020-11-04,252,170,-3513.2009663151402,-3400.726495837941,-6173.287441658485,-7128.753472842098,-7594.165810846764,0.9971297359357061,-2259.0257284811255,-2487.927159475428,-3955.216269588799,-217.63830526086588,-203.5146867822162,-350.1722096823925,-401.453897529117,-424.0059082850511,1.0,-195.67056077991583,-181.7957758209837,-286.67963560846505
2020-11-05,2478,2019-11-07,2020-11-05,252,170,-3479.1667292202587,-3376.705685211378,-6066.3831583024385,-7120.915280564435,-7484.846782801627,0.9971297359357061,-2206.080505704907,-2414.9330650311545,-3908.113217625471,-213.0211305970815,-201.10997140723921,-340.72593613715037,-379.92842753973656,-397.43907994308626,1.0,-193.85372599259418,-180.41903195834718,-276.5740647064877
2020-11-06,2479,2019-11-08,2020-11-06,252,170,-3456.4301047811086,-3343.7038766110754,-6058.242000884827,-7074.833015284029,-7498.127757687031,0.9971264367816092,-2200.458717046146,-2397.756549648519,-3927.5108019907884,-223.31836070181657,-210.18108026948312,-359.7493337871901,-405.75129403965417,-429.78314828457525,1.0,-200.21241816472514,-189.4374771457953,-297.8682251464553
2020-11-09,2480,2019-11-11,2020-11-09,252,170,-3362.7707150777637,-3318.964850752134,-5935.470534426229,-6917.730563708862,-7262.867807382599,0.9959746981023577,-2090.9477649845753,-2310.4544718066218,-3744.6698791959248,-227.7414621445967,-212.3300852180053,-371.43454552358884,-437.99790590258834,-457.8526112662386,1.0,-203.15863655116203,-189.88900986895817,-302.1074882863685
2020-11-10,2481,2019-11-12,2020-11-10,252,170,-3362.130214758533,-3301.6270368009505,-5882.762063087894,-6837.609088653128,-7236.89864446557,0.9959723820483314,-2090.61038183986,-2317.882918431502,-3748.765490208032,-229.86214820109387,-210.61859005626098,-381.12330154939013,-450.3626959546535,-481.5029192964506,1.0,-204.66091490216417,-194.94342683254624,-307.7948212780349
2020-11-11,2482,2019-11-13,2020-11-11,252,170,-3369.2512388688688,-3311.823776381999,-5881.199723121985,-6884.976184109153,-7241.842673447505,0.9959723820483314,-2091.847421015276,-2321.2376330079233,-3746.580797791908,-228.1783254338587,-210.7940690622763,-374.9511130738694,-431.4135298520115,-461.4460607025139,1.0,-204.15203102876703,-189.5338790056112,-300.6158506990899
2020-11-12,2483,2019-11-14,2020-11-12,252,170,-3382.5454686564044,-3329.636179107825,-5952.065799320677,-6925.720154993485,-7261.932937037864,0.9959723820483314,-2100.5746804204223,-2330.191916029362,-3794.3553956368455,-227.6051075854778,-212.77396920803503,-371.96541046224365,-428.1197181528715,-450.04228032689775,1.0,-203.7454428680085,-191.3230146383231,-299.92927416492523
2020-11-13,2484,2019-11-15,2020-11-13,252,170,-3390.812634625151,-3332.880869738878,-5974.433381144363,-6914.165329448146,-7295.996188624668,0.9959700633275763,-2112.1291240323703,-2332.6096116350527,-3832.479697824152,-222.10629992091194,-206.41331555464538,-362.1271978247907,-412.54765933822125,-439.08705172968575,1.0,-200.19240927025098,-190.6497569859814,-286.57013000956493
2020-11-16,2485,2019-11-18,2020-11-16,252,170,-3382.2853860821847,-3376.8365483455063,-5847.811812919272,-6807.495171019922,-7223.268930178263,0.9959723820483314,-2106.7368087082755,-2338.0497162420215,-3818.2572958531996,-233.44508708208662,-215.50249733550504,-380.23466979600653,-437.2742804507438,-459.62752596459984,1.0,-208.0583264084287,-195.49250743173144,-314.05075959439677
2020-11-17,2486,2019-11-19,2020-11-17,252,170,-3373.9673569913443,-3342.764178588066,-5857.036730849021,-6814.5356248986745,-7220.960979721683,0.9965497412305923,-2104.9361429942887,-2313.268537231438,-3874.608934953144,-235.565451674452,-216.94993132229092,-390.7406236893059,-455.4060784712801,-476.9983541118565,1.0,-209.55618057882958,-198.24018031453795,-306.62350963661993
2020-11-18,2487,2019-11-20,2020-11-18,252,170,-3363.148221144527,-3311.1739717326827,-5852.69507726933,-6786.986013654774,-7216.558890875378,0.9959746981023577,-2100.4939369738104,-2304.6361897411525,-3875.4640325475666,-238.5460580293268,-222.03851801397747,-391.26384872986813,-460.6986912159559,-477.4556234849001,1.0,-210.7530274472417,-199.2605371698957,-311.9295478332196
2020-11-19,2488,2019-11-21,2020-11-19,252,170,-3366.130575331535,-3298.7875177933697,-5924.627549733175,-6810.952859669218,-7250.62288771248,0.9959723820483314,-2104.3041509270142,-2331.6920426161196,-3829.024694381077,-239.20247726028086,-219.19896344857324,-404.83003031430184,-479.80858295948343,-499.3319425497099,1.0,-211.43248478495036,-191.11090476141692,-320.5447882278486
2020-11-20,2489,2019-11-22,2020-11-20,252,170,-3360.919747912425,-3290.0138688632733,-5929.464873476618,-6809.682696581844,-7246.153220451025,0.9959746981023577,-2097.16329212412,-2334.4204769622474,-3829.039687678566,-241.7627765685513,-221.47788739308157,-406.9647644889853,-467.018397536765,-494.5896309228413,1.0,-213.54299529385358,-191.9466937340291,-334.75770870920667
2020-11-23,2490,2019-11-25,2020-11-23,252,170,-3358.3417318008405,-3303.491430649021,-5943.638215687133,-6805.270626085178,-7257.17881600793,0.9959746981023577,-2101.635828734845,-2307.0993959558973,-3824.9954552741274,-248.3654615401945,-225.22309509070053,-425.7445662040165,-487.3369393885692,-518.2742136129041,1.0,-218.1122780343579,-199.40985480483297,-314.87149025771157
2020-11-24,2491,2019-11-26,2020-11-24,252,170,-3353.3976249360544,-3328.5066641486974,-5829.61103803857,-6814.510039324077,-7185.472885510199,0.9959770114942529,-2084.669450985615,-2312.489281639034,-3877.4378576737927,-49.69174491719909,-43.95098329072076,-85.47391905989369,-101.98648873424402,-108.38027851741606,1.0,-43.127481191444936,-42.576545535485536,-60.737033618127086
2020-11-25,2492,2019-11-27,2020-11-25,252,170,-3360.510775859037,-3281.556102654061,-5900.738284705152,-6831.436171711678,-7241.31815361174,0.9959770114942529,-2095.9815785580604,-2322.687274681596,-3853.337514635503,-251.61406060873958,-234.59912922194044,-422.46887129779196,-486.14295590413417,-508.92144596601804,1.0,-220.92180067020797,-193.7122506536814,-351.1862780430021
2020-11-27,2493,2019-11-29,2020-11-27,252,170,-3352.6492168813056,-3275.272254504751,-5881.320398538304,-6787.8001704395865,-7233.704312635753,0.9959770114942529,-2080.135820531422,-2313.530000419046,-3786.463674717778,-261.529381808593,-241.45569731907804,-449.79562522968047,-509.55357060851253,-534.6684039935536,1.0,-227.68171210134022,-210.16651060167877,-360.5015362762225
2020-11-30,2494,2019-12-02,2020-11-30,252,170,-3348.836938992304,-3274.8111035845186,-5859.231424757695,-6821.267166270045,-7188.6099832878845,0.9959793222286043,-2065.6986158817363,-2307.711539458118,-3776.96365113847,-249.833254768463,-234.07433910958196,-419.1079756609902,-472.60575146790103,-502.5098862297239,1.0,-219.06497492455202,-202.2952116477423,-335.96136483105664
2020-12-01,2495,2019-12-03,2020-12-01,252,170,-3352.1805950102753,-3274.4055081358565,-5876.795068522538,-6890.5611575083185,-7225.134664225909,0.9959770114942529,-2073.9113680698138,-2301.535194211556,-3779.7738304206205,-49.41226521012913,-44.10689424804639,-84.70781671611965,-99.70142919745709,-105.92198067564865,1.0,-43.04210265849325,-41.87786124185874,-60.95407148607518
2020-12-02,2496,2019-12-04,2020-12-02,252,170,-3366.4583899229647,-3285.603767975519,-5926.686974104394,-6880.426885424245,-7245.557551789643,0.9959770114942529,-2072.0311380798476,-2338.3890896668972,-3777.3440177406032,-247.0383704200328,-230.05939824485074,-417.7323957727188,-479.123374877288,-505.61144780638875,1.0,-216.3933133085588,-200.45036178779225,-352.4651607872701
2020-12-03,2497,2019-12-05,2020-12-03,252,170,-3367.8249779121306,-3269.9630941460264,-5935.856415553314,-6878.174298978806,-7236.808644599768,0.9959793222286043,-2073.917914372498,-2336.360609476039,-3777.8476178867754,-248.43750163049293,-231.8798917206576,-415.0684732222504,-481.0383779551925,-502.46524623610185,1.0,-217.96586849100328,-201.82907595792778,-347.9229548106145
2020-12-04,2498,2019-12-06,2020-12-04,252,170,-3372.884641909068,-3282.0067744254834,-5944.780841604979,-6896.312013510735,-7239.939962901587,0.9959793222286043,-2071.118447249238,-2330.8373183984168,-3773.424038383243,-251.99319825742708,-237.2267826175855,-426.34790454235423,-482.9633517577734,-511.38783033110633,1.0,-220.0439666249588,-204.8716904841088,-350.0538634911404
2020-12-07,2499,2019-12-09,2020-12-07,252,170,-3376.178064181178,-3286.4080449584753,-5934.384186196924,-6895.796010337391,-7249.025009147314,0.9959770114942529,-2076.525330768343,-2328.729402861676,-3778.6971655170746,-248.88150951456933,-230.36151693395206,-422.1409883037238,-484.1978028552046,-513.6922960777292,1.0,-217.28556800670407,-203.31069826754276,-343.76917428840954
2020-12-08,2500,2019-12-10,2020-12-08,252,170,-3368.9853238466267,-3283.967908722537,-5895.581088736427,-6884.808822964394,-7221.699918646153,0.9959770114942529,-2082.2271882088603,-2339.0358847882035,-3831.7352364548633,-243.75623440729817,-229.55695589943838,-411.0475514571052,-477.5500784138762,-495.3801277777175,1.0,-214.00450976855265,-197.72494573987558,-337.8640754252412
2020-12-09,2501,2019-12-11,2020-12-09,252,170,-3374.7404596104457,-3308.770849689034,-5921.187155638779,-6883.473302685625,-7230.143008641316,0.9959770114942529,-2086.7461495092793,-2337.076711846662,-3832.7182620343683,-247.59672502816082,-226.91396017862286,-425.5312268927352,-491.3414369502853,-517.6365727443919,1.0,-217.2821921478569,-200.678795002252,-329.38392979360964
2020-12-10,2502,2019-12-12,2020-12-10,252,170,-3381.456378076691,-3303.3103658078285,-5978.750206375421,-6876.352098483309,-7266.934883789935,0.9959770114942529,-2093.1421809217463,-2360.237851167338,-3756.7974710339886,-244.88202318305116,-222.60640568646664,-414.7937579774088,-492.4405107848547,-514.7016844273708,1.0,-215.17208296714247,-197.13211219367366,-325.36985392155015
2020-12-11,2503,2019-12-13,2020-12-11,252,170,-3385.202139312866,-3307.6432250609378,-5939.2436137593195,-6868.062019827643,-7266.874268478077,0.996551724137931,-2090.4556224476314,-2351.337919882262,-3777.335437237833,-245.91493204533108,-223.92488976136366,-419.22698365888573,-481.6311010478865,-512.8929191942192,1.0,-216.08265095317822,-195.61539791490526,-330.1447260820476
2020-12-14,2504,2019-12-16,2020-12-14,252,170,-3372.7783909974983,-3315.097763786527,-5962.855144107001,-6879.642208562028,-7258.724980575001,0.996551724137931,-2085.467126080075,-2301.502642615478,-3763.4183277914694,-49.41160215585097,-44.033582567789026,-84.92776622921372,-99.71543713926177,-106.68508198262202,1.0,-42.96803110553961,-41.68691085520361,-62.576164849095385
2020-12-15,2505,2019-12-17,2020-12-15,252,170,-3356.874804171237,-3300.937856424741,-5914.075534074506,-6848.983070881924,-7217.355784934258,0.996551724137931,-2070.796010569045,-2297.191285805775,-3703.744984496748,-242.0852492541354,-221.8699443441135,-405.7618097275707,-465.63873492497044,-495.07401970372524,1.0,-213.07275181402437,-192.26555200654917,-331.8568226111139
2020-12-16,2506,2019-12-18,2020-12-16,252,170,-3361.6343865506856,-3279.8419994560136,-5924.042835209312,-6848.823795593616,-7228.146945106196,0.996553704767375,-2073.6599156144466,-2302.281267331049,-3703.666383948944,-245.44868835639554,-228.96213736737616,-411.9575789046151,-470.05045729944527,-496.125725193698,1.0,-215.90816602986087,-192.18832502589424,-333.85749062901164
2020-12-17,2507,2019-12-19,2020-12-17,252,170,-3360.562880131223,-3289.0686793952564,-5926.057989786939,-6834.102318043694,-7217.971341260238,0.9971264367816092,-2071.6735357851126,-2300.7562163770654,-3755.73273296553,-242.39171280674475,-222.94945256894084,-409.0700651354921,-466.24607650404175,-495.3816580172531,1.0,-213.27636999936556,-200.84890997693975,-325.4919618143414
2020-12-18,2508,2019-12-20,2020-12-18,252,170,-3348.2440542040645,-3273.1865665158757,-5900.2023056119515,-6792.335475585081,-7191.675168704731,0.996551724137931,-2057.3977953221547,-2301.285683539729,-3751.209448975467,-242.27259220687733,-223.1140781523925,-407.5990460353536,-460.3707887498353,-486.5302326309642,1.0,-213.03922906804038,-188.84934062669873,-328.2869972956599
2020-12-21,2509,2019-12-23,2020-12-21,252,170,-3324.62837304787,-3227.377807479932,-5862.9252035200625,-6765.637959880849,-7137.305440136511,0.996551724137931,-2051.862090761122,-2272.493543846559,-3748.2795922576515,-253.4355509947397,-227.0775791403072,-443.6158373511965,-522.1911010220986,-559.7859345609387,1.0,-220.05112354069115,-196.32070656594766,-338.2787392496402
2020-12-22,2510,2019-12-24,2020-12-22,252,170,-3331.0856589017476,-3229.662501161866,-5881.260819449948,-6775.879976483776,-7151.508843905744,0.9965497412305923,-2055.760131252654,-2268.1090030257465,-3742.7151013513767,-259.70663882672216,-228.79082467727494,-450.7344300757866,-560.3951848174611,-596.2082329084237,1.0,-224.24630689678537,-206.65425990003007,-338.0086598385194
2020-12-23,2511,2019-12-26,2020-12-23,252,170,-3335.277254002566,-3249.3841985159324,-5920.941060969854,-6773.405765916526,-7158.789724170586,0.9965497412305923,-2060.5189764834217,-2269.066199218645,-3745.893863530266,-266.5146253416938,-232.79926966079069,-471.44050306920906,-579.6880830431012,-625.3802602325316,1.0,-228.89200240636197,-208.9091582678072,-346.4799097657696
2020-12-24,2512,2019-12-27,2020-12-24,252,170,-3324.8148126528727,-3240.687902897205,-5905.05285159167,-6773.298340352549,-7146.66580124598,0.9965497412305923,-2051.3352635687675,-2262.3904750745164,-3741.901532339665,-264.4539492575793,-232.8288136267302,-463.5212202546883,-556.4270169954042,-616.9027842173743,1.0,-227.96721304976776,-208.03158802816458,-345.1753035115616
2020-12-28,2513,2019-12-30,2020-12-28,252,170,-3321.4670445793795,-3233.686408304361,-5883.558224426797,-6741.517986723803,-7130.914723985246,0.9965497412305923,-2048.385571553282,-2262.8333051287523,-3741.401602222626,-255.05509465685859,-224.59868915293077,-448.3599236933557,-528.4402807293053,-558.0554047187677,1.0,-222.30188083114933,-198.75943956413133,-318.0061356520053
2020-12-29,2514,2019-12-31,2020-12-29,252,170,-3322.837086381218,-3239.300264093863,-5883.293316191835,-6732.294472655276,-7132.362437836311,0.9965497412305923,-2049.2512573135605,-2262.173592016262,-3741.8617916632948,-255.78613988828764,-226.6707654369399,-453.96100593994737,-542.1547474512303,-579.6045194024252,1.0,-221.81874016873738,-197.4669883417696,-329.7288844545254
2020-12-30,2515,2020-01-02,2020-12-30,252,170,-3330.2580295172706,-3249.9771826654805,-5910.872343974345,-6732.416756002677,-7154.683488612399,0.9965497412305923,-2052.7881153215053,-2265.388521957959,-3742.3392001203993,-247.80923544677879,-219.76561630571408,-428.05485323744614,-508.87994337359095,-536.2915630158508,1.0,-216.23506590569167,-204.9404620630965,-316.26478498965184
2020-12-31,2516,2020-01-03,2020-12-31,252,170,-3340.667483515226,-3248.3593433495066,-5950.170663233363,-6821.810879566485,-7197.870595705502,0.996551724137931,-2061.0291141339694,-2274.790303661369,-3723.101421413086,-245.6817093325208,-222.5777161308199,-419.95395240561453,-491.384462605113,-520.5472770809337,1.0,-215.89157702604683,-200.31118315798636,-317.5263951052015
2021-01-04,2517,2020-01-06,2021-01-04,252,170,-3356.869733262847,-3261.051939374166,-5968.401126814212,-6822.557324057323,-7213.5423403217765,0.996551724137931,-2073.023332276705,-2305.3932316672376,-3770.761200126035,-248.190731999205,-218.0353941907548,-440.8497941001946,-508.40433047717937,-541.5081831253003,1.0,-217.3028644673045,-198.03151467688588,-322.76632306380156
2021-01-05,2518,2020-01-07,2021-01-05,252,170,-3346.706459953796,-3238.878453477806,-5947.838937861656,-6818.200350946327,-7202.6254447402935,0.9959770114942529,-2055.4862895710853,-2305.03576946646,-3767.177065566647,-49.59008058895125,-43.93959039863255,-85.85334045726357,-99.75974505244548,-106.3177926280263,1.0,-42.96303547305603,-42.015182558473995,-61.58549315235757
2021-01-06,2519,2020-01-08,2021-01-06,252,170,-3332.950203630456,-3247.518675283128,-5907.023636756588,-6785.60980351219,-7157.02806524712,0.9959746981023577,-2020.9892493022749,-2273.844575548866,-3798.4740399857596,-253.70809186481296,-225.93619274560172,-440.93164112602204,-524.5538638651014,-550.2819823880731,1.0,-220.919150442379,-206.1914229303436,-335.3554158790264
