date,window_start,window_end,n_days,n_assets,corr_diff_gamma,corr_diff_tmix_proxy,corr_diff_pi_min,corr_diff_lambda2,corr_ct_mean,corr_ct_median,corr_ct_q10,corr_ct_q90,corr_mfpt_mean,corr_mfpt_median,corr_mfpt_q10,corr_mfpt_q90,prec_diff_gamma,prec_diff_tmix_proxy,prec_diff_pi_min,prec_diff_lambda2,prec_ct_mean,prec_ct_median,prec_ct_q10,prec_ct_q90,prec_mfpt_mean,prec_mfpt_median,prec_mfpt_q10,prec_mfpt_q90
2018-01-24,2017-01-25,2018-01-24,252,165,0.014940927862027165,881.1655948405788,0.00019156921070679188,0.9850590721379728,1776.6078426868676,915.7123571715322,225.64513072541726,4827.097970217288,888.3039213434337,292.31474053351707,87.3657584235158,2693.4026776084097,0.10160249292300927,104.77172516551617,0.0023818011812722006,0.8983975070769907,411.33570184309883,395.47186126634256,319.48877018693366,526.832504972891,205.66785092154942,191.41198096275724,144.49383403799987,284.12779892465016
2018-01-25,2017-01-26,2018-01-25,252,165,0.011998343890756824,1097.7155197058646,0.0001905495840261234,0.9880016561092432,1903.0863093482146,972.692291114429,223.39282946223588,5665.217250117383,951.5431546741073,290.6185776307168,86.84112070685114,2679.288519319121,0.10204181969988069,104.30201733907579,0.0023863328550560777,0.8979581803001193,411.7621183239057,395.2410165374754,319.89282516413766,528.4262325888068,205.88105916195286,192.55950292191113,144.93402215202778,285.8818458002221
2018-01-26,2017-01-27,2018-01-26,252,165,0.010400235805325786,1268.1501051213518,0.00018709576800706346,0.9895997641946742,2058.4315967037574,1035.72404496362,221.3001080686725,5914.933496298899,1029.2157983518787,299.2700147453569,86.50067504525539,3415.8348321310236,0.03029267135439162,429.09010395486615,0.00022642080645873645,0.9697073286456084,686.9682124214862,521.432997080317,316.09483499345805,1091.9808545821788,343.4841062107431,242.05766747121106,133.17605828453878,567.3396993182075
2018-01-29,2017-01-30,2018-01-29,252,165,0.016277480984600246,808.6682539806353,0.00019201982404509099,0.9837225190153998,1769.4184387679838,914.7252844855587,223.4428734433749,4673.97547531596,884.7092193839919,291.02268923071506,87.21387946555238,2975.850919394435,0.031380602439300076,403.4754731326384,0.00031715078637079485,0.9686193975606999,661.8498604459282,513.668660404188,315.477305724005,1072.2356076593042,330.924930222964,239.73102876017896,133.52171005605615,549.3008791236283
2018-01-30,2017-01-31,2018-01-30,252,165,0.016692675710437643,788.2644524195692,0.0001929513077545394,0.9833073242895624,1742.5201819853905,916.4681040532774,221.69444580915325,4641.544607987963,871.2600909926953,297.7945893553381,88.48655475196642,2852.189744081308,0.10128479192325279,105.61949503571198,0.0022598012958738715,0.8987152080767472,411.246400511544,394.70895502829694,321.0202284058004,522.0761127624482,205.623200255772,192.14396326031465,147.1253462407138,276.7497366975211
2018-01-31,2017-02-01,2018-01-31,252,165,0.01717976468992566,766.2695321004384,0.00019178030908859658,0.9828202353100743,1736.4650663935145,870.119918800593,222.59177828422042,4742.3683760741615,868.2325331967572,286.7925340182613,89.03684606542645,2771.2539436032316,0.10015305612386871,107.48556298703123,0.002112596675229792,0.8998469438761313,411.4654282228681,394.3621328123997,320.2778956352808,525.4496147070023,205.73271411143406,191.65758175035785,147.38133355661245,282.3280217455682
2018-02-01,2017-02-02,2018-02-01,252,166,0.015418386204952061,854.6528931850607,0.00018929608293706033,0.9845816137950479,1709.662547665725,807.7932276701836,226.55537911455485,4876.206931708944,854.8312738328625,289.1863204112972,89.55904745136604,2460.0245492059053,0.09933346519489683,108.1585007405931,0.0021579674776450283,0.9006665348051032,413.30009500765647,395.55653543335995,322.4146771989707,528.8446127188349,206.65004750382823,193.16617187753462,148.3276245172077,287.9439289752106
2018-02-02,2017-02-03,2018-02-02,252,166,0.00806972374797088,1626.256670968108,0.00019978437619705574,0.9919302762520291,2210.6601690960706,861.1466241479783,225.02850745547792,6585.430953132645,1105.3300845480353,330.03881169763247,86.48307140508612,3361.747905890004,0.10051812621188172,106.41472797928158,0.002262151625701636,0.8994818737881183,413.9855005274758,397.18001718416014,322.40319982939315,529.8381993327303,206.99275026373792,196.42646144599763,149.38139102221706,285.5987745019431
2018-02-05,2017-02-06,2018-02-05,252,166,0.010966489946645508,1197.7368478092096,0.00019749467930013255,0.9890335100533545,2133.5721558346595,1019.395299234801,223.3759903639242,5944.137034652685,1066.7860779173297,302.32253732119943,83.7247317323355,4434.99139381774,0.09947121204079856,108.0015863603112,0.002159500116531972,0.9005287879592014,415.2902185119769,397.32778760784663,324.10515784736464,535.4339801139236,207.64510925598844,193.33282057090554,150.7935713293798,272.79342114707225
2018-02-06,2017-02-07,2018-02-06,252,166,0.010890894215119684,1203.382655487811,0.0002033172450623694,0.9891091057848803,2160.9355332652267,1023.7537614405925,223.16857434197019,5820.878679655265,1080.4677666326133,307.061175016324,83.26875110535559,4491.762940212218,0.10039378541230926,106.8158354881007,0.0022018092270743093,0.8996062145876907,414.8837053467724,397.5229824570872,324.3290498123344,533.3789543673261,207.4418526733862,192.80037489797303,150.46053041387214,275.52428003433414
2018-02-07,2017-02-08,2018-02-07,252,166,0.010821832732756387,1213.0094816716887,0.00019907766601239823,0.9891781672672436,2170.029167552158,1008.1674176609655,222.99951881662068,5995.813354107143,1085.014583776079,312.7846570774816,83.52431078970415,4646.286351981315,0.10173553998915708,104.97275989573157,0.002301278994231328,0.8982644600108429,414.0065821529092,396.4921801075878,324.5043072136121,534.7401136958758,207.0032910764546,192.56567322323696,149.89500060523153,274.73667355427847
2018-02-08,2017-02-09,2018-02-08,252,166,0.011449025459064122,1146.3003238817107,0.00019966863192542915,0.9885509745409359,2611.5534037083944,1246.3498471028176,225.23612253864516,6565.839883760047,1305.7767018541972,308.20592023685106,78.95391020943129,4859.485181110954,0.1022690167607867,104.22897917749957,0.002347920978312001,0.8977309832392133,414.6615968048223,398.2494028716027,324.89367971341795,536.0099142210307,207.33079840241118,192.85861853042422,150.5334895597017,269.268225646646
2018-02-09,2017-02-10,2018-02-09,252,166,0.011497902293020945,1140.714282154477,0.00020131269253440999,0.988502097706979,2701.389719913582,1119.7921131103508,226.5088453875519,7250.0257219276455,1350.6948599567913,310.93737939963694,79.73552360397687,4908.248599355263,0.10167253739608095,105.0081777618191,0.002308222123240946,0.898327462603919,414.59766602466016,398.0560896786824,324.74758038692374,535.5345334372537,207.29883301233005,192.84787286836846,150.69044051743043,270.4946490312175
2018-02-12,2017-02-13,2018-02-12,252,166,0.011590576730494129,1133.5695463278441,0.0001967543385015253,0.9884094232695059,2742.5974067198986,1205.5208548405828,227.7022647532311,7480.145478778297,1371.298703359949,309.06667417388985,78.590009317395,4937.307962816751,-6.661338147750939e-16,,0.00018290335693108454,1.0000000000000007,1396.9569933357081,555.2942858352949,5.004476724474836e-24,3857.018741009237,698.4784966678543,162.14793509713337,0.0,1629.7811823052982
2018-02-13,2017-02-14,2018-02-13,252,166,0.011613006255645097,1131.1442466415092,0.00019729410449555548,0.9883869937443549,2799.702965155974,1193.8572100396007,228.1053506657259,8076.794583754835,1399.851482577987,316.7917007110024,78.76704431553414,4981.709662268235,0.10199780041158357,104.6412069428761,0.0023157938033617114,0.8980021995884164,413.96331107591345,397.62333133091835,325.0467036364803,531.0901941656907,206.98165553795673,192.24131638982556,150.48322090149122,268.73160361934254
2018-02-14,2017-02-15,2018-02-14,252,166,0.00970148220253364,1357.7921879376938,0.0001902014926620444,0.9902985177974664,3033.7092884750664,1223.9833754785395,225.62454769549134,9072.5620855711,1516.854644237533,318.4022371304932,78.534963253183,5032.582183927337,0.10057796243992478,106.07965947305541,0.002324835906849015,0.8994220375600752,412.93620752295413,398.1607240393871,325.4774503910723,527.570301790657,206.46810376147707,192.93970572115416,150.43981500489136,272.3311869341472
2018-02-15,2017-02-16,2018-02-15,252,166,0.011961651269136397,1101.498438787097,0.00018960454208584058,0.9880383487308636,2818.5930402819977,1182.0748545971767,226.52237567780404,7482.0899169403565,1409.2965201409988,319.90075292026853,78.85891807821679,4870.659786614119,0.10067977006694373,105.59354478764843,0.0024152230792440564,0.8993202299330563,412.35228645774947,397.4423592315678,326.3305812263758,527.266179572929,206.1761432288747,194.54527452038226,151.55281865157883,272.6389398832745
2018-02-16,2017-02-17,2018-02-16,252,166,0.01334931217786861,987.037255608288,0.00018950440841406177,0.9866506878221314,2644.286996930655,1160.2149716067909,225.23163496542983,6823.416849096393,1322.1434984653274,327.285945515276,78.72278549706556,4776.733467681623,0.10097378386826206,105.24998104505126,0.002424042562375165,0.8990262161317379,411.8619685121578,397.0846442005526,326.00380784084,527.8664346499634,205.9309842560789,192.672394768689,150.56192612956096,272.76719853562327
2018-02-20,2017-02-21,2018-02-20,252,166,0.012823965280182703,1026.9931759464414,0.00019067223610588703,0.9871760347198173,2597.6202302528236,1179.7551980214305,226.25280844643194,6684.957445778027,1298.8101151264118,323.71907765907554,78.75341169348728,4653.8469497449805,0.043990087683594026,277.1084525690883,0.0005080884860628582,0.956009912316406,530.1695287276547,453.3426747265739,311.2762623283373,798.409108814628,265.08476436382733,218.50814794216802,135.30386973013674,415.8764995950705
2018-02-21,2017-02-22,2018-02-21,252,166,0.012387048069398943,1064.088296169527,0.00018862631134962737,0.9876129519306011,2559.838795934174,1158.8331705715332,226.3927358143925,6119.590457770377,1279.919397967087,325.3605155136824,79.46236795846633,4628.13559675745,0.09929112627946157,106.92392155483856,0.0024505901364536126,0.9007088737205384,411.86573785488764,398.13929669627834,325.35689205170473,526.6400120556085,205.93286892744382,193.60507914132427,149.971042931661,270.9140112737887
2018-02-22,2017-02-23,2018-02-22,252,166,0.013271617396698354,992.3980587656627,0.00019055738880876478,0.9867283826033016,2540.682888054644,1115.6749045707913,226.25252889058552,6092.60932907046,1270.341444027322,323.80770769336,79.61514791961726,4617.328146223784,-2.220446049250313e-16,,0.00022009028852391417,1.0000000000000002,2029.787228945794,475.2318630452108,2.336072723791007e-24,3097.871122497469,1014.8936144728968,181.99042702933633,0.0,1017.7184840719158
2018-02-23,2017-02-24,2018-02-23,252,166,0.013984224683930568,942.2751554912649,0.00018936819762318724,0.9860157753160694,2433.5784548286024,1077.316990915479,228.69372943640073,5822.2357325675475,1216.7892274143012,302.11198563191505,79.99818807348258,4642.457086451416,0.10095718936608966,105.57472897068784,0.002349958245211018,0.8990428106339103,410.8111077939744,397.66190579223314,326.3721237922657,517.7796167559056,205.40555389698724,194.17220624428802,151.60453907295224,267.56007751021497
2018-02-26,2017-02-27,2018-02-26,252,166,0.012705183260559916,1037.1981557751774,0.0001892157876383758,0.9872948167394401,2516.664834489204,1117.4394765626919,227.3446431447359,6348.716642875895,1258.332417244602,307.9245993336526,80.21092187056607,4638.696152661821,-4.440892098500626e-16,,9.014886678273091e-05,1.0000000000000004,1119.706751453635,500.28555084456707,1.45276829741529e-24,3450.036964730684,559.8533757268175,163.15529119373835,0.0,1017.4752194350121
2018-02-27,2017-02-28,2018-02-27,252,166,0.012987212992291441,1015.058172805224,0.00018827507421375212,0.9870127870077086,2515.149311194853,1058.4176187135906,229.27469548300584,6369.481523777233,1257.5746555974265,316.7458381123413,79.87003400877538,4649.694345040349,0.10066966816093759,107.89089687061195,0.0019185787535759182,0.8993303318390624,413.08484270535325,398.0910317745267,326.17474585653906,521.1347763904153,206.54242135267668,195.29277747484667,151.48724908908693,271.61905062198053
2018-02-28,2017-03-01,2018-02-28,252,166,0.009921832512731266,1328.2483709439769,0.00018905214417966367,0.9900781674872687,2806.6875132468986,1080.8980990522787,225.08747121477393,7899.935833887522,1403.3437566234493,324.38890339940014,78.68481628190425,4883.337891499019,0.09984891834307619,107.71363635537206,0.0021336526796636424,0.9001510816569238,412.90701544519595,398.0165400870674,326.973775763194,520.9118650295213,206.45350772259792,195.3588682143945,151.96370492031582,276.79918255274987
2018-03-01,2017-03-02,2018-03-01,252,166,0.009932584737514016,1328.2958661488879,0.0001862834608956303,0.990067415262486,2776.311160737117,1054.594844114101,228.06456427590075,7813.176774556229,1388.1555803685585,325.1966570943058,78.42362716789242,4877.671051271026,0.09898819580118778,109.51239515926856,0.0019591114924584294,0.9010118041988122,413.55634065158,398.37523969034845,326.565510964242,521.4239707721617,206.77817032579,195.3621271198519,151.24938521765878,276.8393859584126
2018-03-02,2017-03-03,2018-03-02,252,166,0.009930464006048023,1331.1127497795317,0.00018165576486465167,0.990069535993952,2742.774283756941,1027.2653922031463,231.10542059994563,8186.419980002846,1371.3871418784704,320.30914862742804,79.01101464836007,4627.700936473849,0.0986732738970717,110.00270232032248,0.0019320829883474801,0.9013267261029283,412.37581093991315,398.2145473783102,326.9875417798231,516.1644582942564,206.18790546995658,196.2529968128847,152.3741853295983,276.4826373669802
2018-03-05,2017-03-06,2018-03-05,252,166,0.00999060561392695,1321.0412251634111,0.00018543026169134323,0.990009394386073,2743.2956309389897,1007.9447608347166,229.93355756664675,8222.519790508673,1371.6478154694948,321.42972779324896,79.33113539260304,4614.590333887427,0.09701890969157989,111.91738818978632,0.0019248008103979095,0.9029810903084201,412.775496808392,399.20202981668047,327.02854484127386,515.9100365204814,206.387748404196,195.64767777075713,151.78924696564613,275.9128735761797
2018-03-06,2017-03-07,2018-03-06,252,166,0.010376506292697263,1272.2093198551277,0.00018485888141753874,0.9896234937073027,2745.936389087401,997.1615957705127,229.53594835758128,8430.96475597994,1372.9681945437005,322.21672597043755,79.60261987597252,4550.886784820974,0.0965968119891949,112.59482508229608,0.0018900897515551878,0.9034031880108051,413.0766069217349,398.7914789516373,326.8049413794244,518.2112323358931,206.53830346086747,195.75804961635043,151.73791183794728,275.28662533359994
2018-03-07,2017-03-08,2018-03-07,252,166,0.009992509805888616,1321.2071222983654,0.00018465802829074318,0.9900074901941114,2685.623843996628,1000.6279120183044,230.8549712424215,7425.617796643843,1342.811921998314,312.4461461094771,79.34897578546119,4621.724171036117,-4.440892098500626e-16,,0.00014347767419663147,1.0000000000000004,1029.5032128414375,417.6411859906515,6.265332199911695e-24,2758.4728506183837,514.7516064207189,154.41289199784654,0.0,893.8345958958773
2018-03-08,2017-03-09,2018-03-08,252,166,0.010139415465750035,1301.3710775212858,0.00018596132348777037,0.98986058453425,2691.8609449568958,1018.9363798524126,228.7411277628263,7479.33561806855,1345.9304724784479,312.82556326659255,79.72050812092735,4621.868391834983,0.09649290604834193,112.86480555641164,0.00186315704751765,0.9035070939516581,413.7021920326051,399.19354375546465,326.7469151033078,518.8291096208096,206.85109601630256,195.30504582958923,152.64402103618644,280.8678135688427
2018-03-09,2017-03-10,2018-03-09,252,166,0.009504697580914656,1386.7529263094511,0.000188672660776885,0.9904953024190853,2949.290936156519,1203.583892339584,224.4188643611352,8803.971436427015,1474.6454680782595,328.2141773205831,77.45820790654169,4895.758434876253,-6.661338147750939e-16,,0.00022015729867026497,1.0000000000000007,1010.1448360346326,421.59209400297,2.2927899584953082e-24,1936.7349840746754,505.07241801731624,138.45302297120108,0.0,813.7407594915626
2018-03-12,2017-03-13,2018-03-12,252,166,0.008796323836184117,1498.4736921516662,0.0001885985888217141,0.9912036761638159,3070.994207653901,1218.6108669941887,224.0631420683293,9240.050106406876,1535.4971038269505,330.06162725613353,78.16077938263251,4911.035365306753,0.0431701888987589,283.6418770204935,0.0004809711712984423,0.9568298111012411,532.922226069796,452.6738081661437,310.8546428379518,770.7618437684303,266.461113034898,211.38528602586916,137.84053934438586,418.7929706359259
2018-03-13,2017-03-14,2018-03-13,252,166,0.009531637241925961,1382.6308339095285,0.00018903745983866546,0.990468362758074,2964.1023408828773,1269.7552476550998,224.28130110337284,8837.06505739058,1482.0511704414387,330.4295236526948,77.50588187916671,4849.841890083098,-4.440892098500626e-16,,2.735288859041693e-05,1.0000000000000004,1080.9787354610255,444.7343235409618,9.7244327174423e-24,2602.160214321828,540.4893677305128,140.13235379156558,0.0,910.0866933616386
2018-03-14,2017-03-15,2018-03-14,252,166,0.009342508216200418,1410.5560118342262,0.00018915175208587197,0.9906574917837996,2981.0259736558846,1414.5601728632462,224.49585104512218,8812.177325712748,1490.5129868279423,343.17353174349205,77.37258906379817,4865.393268992988,0.04241159827159835,288.82063791498786,0.0004788253303732797,0.9575884017284017,533.5892825164823,454.9382538073304,310.32287310097354,771.7159994789378,266.79464125824114,211.12566273770477,137.78714573053657,419.31306461866757
2018-03-15,2017-03-16,2018-03-15,252,166,0.008585067233853216,1535.4681848005944,0.00018840297294803377,0.9914149327661468,3136.7533597692277,1514.7273016747185,224.67069369061184,9178.076316048764,1568.3766798846138,348.3986904215028,77.39184553531082,4922.561000025218,0.09771725331716574,111.73251972006351,0.0018125424564480795,0.9022827466828343,413.6533336189498,398.86476555662307,326.36224098649785,519.6775338679503,206.8266668094749,194.86931500802388,153.17570582928144,271.42586922223103
2018-03-16,2017-03-17,2018-03-16,252,166,0.00863355334528082,1527.0277871237604,0.0001881058589898446,0.9913664466547192,3089.164641362446,1510.0198810098493,224.95819571818262,9068.831629782904,1544.582320681223,346.35783389504536,77.61797580993515,4877.764548904805,0.09690017701544962,113.195587722721,0.0017233205417986532,0.9030998229845504,414.2005186676341,398.71619909667055,326.12754622355885,521.0747846329795,207.10025933381706,195.1209581326508,152.8947091273006,270.0039512697871
2018-03-19,2017-03-20,2018-03-19,252,166,0.008897662224742975,1482.3229205429632,0.0001870679816389057,0.991102337775257,3011.3506073575672,1534.6514981782573,222.10698772312634,8903.46923307339,1505.6753036787836,356.6238977633503,77.44392041436882,4868.573817461749,0.09638589768237382,113.8902367696557,0.0017083239722261738,0.9036141023176262,414.22004096182513,398.93801497622167,326.42928674276334,519.9440405066163,207.11002048091257,195.44881323442416,152.59025949407135,271.17257422122333
2018-03-20,2017-03-21,2018-03-20,252,166,0.008175895867931104,1612.5900036082155,0.00018797571835175666,0.9918241041320689,3016.029014044101,1586.1526779349235,222.93870379137735,8911.784334096537,1508.0145070220506,361.32850533595865,76.99580328966042,4836.6021155430535,0.042270769667602015,292.0432241656088,0.0004351926829230657,0.957729230332398,536.9294692641369,457.7146216917837,309.03884724491843,771.8850883029398,268.4647346320684,213.6534811278234,136.78739036903934,416.5908048022892
2018-03-21,2017-03-22,2018-03-21,252,166,0.01009007351213731,1305.157600997621,0.00019086084550642163,0.9899099264878627,2843.4545287334167,1339.0928146947797,223.87970711664823,8471.894080025602,1421.7272643667084,331.5736050462423,78.07595646402756,4551.925467377556,-1.5543122344752192e-15,,6.350704863708915e-05,1.0000000000000016,1238.6281233665031,574.6936896059283,4.45076812113094e-24,2576.246841783152,619.3140616832516,174.06509310183662,0.0,1143.530076215895
2018-03-22,2017-03-23,2018-03-22,252,166,0.007654805776279527,1723.18960935052,0.00018679261087545905,0.9923451942237205,3419.2757677023747,1782.0056180717047,222.35048974823954,9668.572495345068,1709.6378838511873,366.3702030747564,74.85364137459884,5190.852254300357,0.09598618049976815,114.77209659590173,0.001642780584976845,0.9040138195002319,414.9980360853097,400.73739731718575,326.3901417584687,518.2848285013382,207.49901804265482,197.0939869211458,151.58281730912094,269.950905570787
2018-03-23,2017-03-24,2018-03-23,252,166,0.007178904401307529,1839.6252674413677,0.00018386224610730453,0.9928210955986925,3512.5919297563732,1932.5658445881345,219.17930452887992,9846.241169093737,1756.2959648781866,372.4994169401601,73.58206275348162,5252.901117770207,0.09446194831686772,116.8184560756403,0.0016128882319306841,0.9055380516831323,415.5605279818744,400.7725255043868,326.6536618015413,519.0782648671827,207.78026399093721,197.29331383834943,151.83591817347036,272.9318774979716
2018-03-26,2017-03-27,2018-03-26,252,166,0.004536557732968349,2916.6990323451487,0.0001792725357488674,0.9954634422670317,3789.0381487173922,2689.782022571134,215.66610196868916,10047.479997909526,1894.5190743586961,453.79380483463126,73.60846667768598,5232.534843506002,-2.220446049250313e-16,,2.7869644318943e-05,1.0000000000000002,2173.9338088580844,434.67821484289186,46.50922526149002,2681.562431488623,1086.9669044290422,153.8672998066126,0.0,1533.4405204505176
2018-03-27,2017-03-28,2018-03-27,252,166,0.002033897588703093,6528.796450074805,0.00017101946612497974,0.9979661024112969,4623.846448092849,4025.399380490139,215.86505740022827,11727.289348633238,2311.9232240464244,633.3835235196935,71.8773037486052,6352.71310752084,0.0,,7.822990899999173e-06,1.0,3459.5547377739836,431.92976064990586,60.37219544386735,2649.035379261183,1729.7773688869918,176.81969664533176,0.0,1460.2285743811562
2018-03-28,2017-03-29,2018-03-28,252,166,0.0022180024155156186,5984.908433780229,0.00017176708140155447,0.9977819975844844,4475.675289018791,4014.0409344849727,216.75694826663675,11418.896550141866,2237.8376445093954,609.1554888406993,70.97033213550006,6071.494667764017,-4.440892098500626e-16,,7.428582416873593e-05,1.0000000000000004,1589.617131836983,416.98692338156064,60.69323725021337,3004.197495746653,794.8085659184917,159.00105777856993,0.0,1434.6142808872671
2018-03-29,2017-03-30,2018-03-29,252,166,0.002240563921441896,5928.103152438115,0.00017044057427840912,0.9977594360785581,4422.850326951406,3945.871120306224,217.29355337423763,11086.541642805996,2211.425163475703,610.3770885393546,71.18080808870185,6012.783793763768,0.08643517087662711,128.59437100970112,0.001488619280517694,0.9135648291233729,419.2466246900832,402.08793696170267,326.9691990556782,521.4697864473982,209.6233123450416,197.09409496972495,151.32354376703665,282.9012776414854
2018-04-02,2017-03-31,2018-04-02,252,166,0.002171161956859624,6126.288835496901,0.0001672543131955048,0.9978288380431404,4610.660218758472,4069.012259408886,213.7588530419435,11663.559236351224,2305.330109379236,563.8100934039309,72.89753158019303,6478.024109697933,0.08529408636256863,130.20524056324044,0.0015025872137657283,0.9147059136374314,420.0838864380062,403.1674084843732,326.8179729738613,523.1046427731012,210.0419432190031,197.89932020840064,151.4246584776285,284.9745961047748
2018-04-03,2017-04-03,2018-04-03,252,166,0.0021235472041822856,6266.3328586370735,0.0001663056102782043,0.9978764527958177,4365.70556480367,4068.2744338011057,214.9690375033013,10424.076836466433,2182.852782401835,536.4221253171012,73.03120251306157,5866.39842345571,0.08583227620602374,130.00013653290353,0.0014257782988559029,0.9141677237939763,420.3208294348519,403.0764251246578,327.1986440229615,523.2010264733984,210.16041471742594,198.0263038552302,151.40018534910462,283.20458781625706
2018-04-04,2017-04-04,2018-04-04,252,166,0.002142707530010224,6209.177582566175,0.00016670556668277103,0.9978572924699898,4283.9785451153975,3592.4149273463854,213.8477488055317,10409.99269498305,2141.9892725576988,550.5550658815505,73.24193991493415,5879.899206211478,0.08612100919272114,129.52168865385798,0.0014310192115618917,0.9138789908072789,420.853762520704,403.737438990461,326.9823184721626,523.6344557603036,210.42688126035196,197.96191667969458,151.5355713035754,282.51504760759263
2018-04-05,2017-04-05,2018-04-05,252,166,0.0021442918761162,6204.800140563281,0.00016663040392282918,0.9978557081238838,4499.659971650048,4050.239949129977,214.6856387771122,10908.005653381395,2249.829985825024,566.2135919014473,73.5242344469214,6035.217447744862,0.03964039611043224,323.11397400412454,0.00027377725165837,0.9603596038895678,539.0408438797638,451.12251246418595,310.4144212910419,725.749936308444,269.5204219398819,214.87060610659103,137.0493386603118,423.0117692508639
2018-04-06,2017-04-06,2018-04-06,252,166,0.0022206262125000764,5988.291675640309,0.00016782525360133362,0.9977793737874999,4553.068711320977,4181.564948306397,213.5013763095318,11240.063695037283,2276.5343556604885,597.5447893326688,72.10754303430377,6125.33007411528,0.0849432910897221,131.8870543437851,0.0013634319542896486,0.9150567089102779,421.5436353285931,404.0908070950458,326.81958936913196,522.7549495859736,210.77181766429655,198.56325494692533,151.7694842003733,281.15804453531536
2018-04-09,2017-04-07,2018-04-09,252,166,0.0022201774922501194,5989.770203220275,0.0001677253390670529,0.9977798225077499,4531.79954840097,4137.471212933037,214.75150903153335,11151.323377054596,2265.899774200485,589.2842971480768,72.28822214067418,6072.531169715011,0.039261274805524216,318.9972031308182,0.00036374165972787704,0.9607387251944758,524.0197751849435,451.61220870019184,309.7118563373731,716.5797823029357,262.0098875924717,215.3981121900664,136.7749724185897,400.8753768971138
2018-04-10,2017-04-10,2018-04-10,252,166,0.002250746867834885,5915.51322228396,0.00016506806223837522,0.9977492531321651,4586.206123403162,4192.217225052939,213.09423282425763,11251.87811269298,2293.103061701581,577.353173655526,72.3505549721125,6052.117847670049,0.03813928014854262,330.4243610597223,0.000336478236054668,0.9618607198514574,527.038697681267,452.6036212093939,309.39406331841275,717.0258263011418,263.51934884063354,215.30712624357943,137.00071406110987,404.5671436060706
2018-04-11,2017-04-11,2018-04-11,252,166,0.0016941702894469612,7858.783929624689,0.00016510184059011484,0.998305829710553,4974.466828506451,4182.812949361973,211.8803364982255,12009.001010908349,2487.2334142532245,587.3743821777298,71.68194816158227,7428.583988246538,0.08507588310786507,131.64832896417454,0.0013672858161620294,0.9149241168921349,421.4950396688596,405.27833587858464,327.5294713854326,518.243702319537,210.74751983442977,199.64923895005694,151.95913086709731,278.33625915241623
2018-04-12,2017-04-12,2018-04-12,252,166,0.0021815275010971247,6103.158660011485,0.0001650869464969301,0.9978184724989029,4629.157305054268,4185.227826332067,213.22423183992032,11305.427774948654,2314.578652527134,561.609496701329,71.77580529462733,6157.919260938678,0.08466221805874585,132.51138491961126,0.0013420760413373246,0.9153377819412541,422.0440458711051,405.4564115361878,327.20692303749536,520.686243309428,211.02202293555254,200.2458502784288,151.63836158323772,279.693493137582
2018-04-13,2017-04-13,2018-04-13,252,166,0.0021162460570621766,6288.541560389784,0.00016609824690457713,0.9978837539429378,4620.667005533409,4182.679542057695,212.63717754587313,11230.500087469818,2310.3335027667044,610.4597997428156,71.90140244614864,6129.588599175155,0.08386917846392317,133.7283277627194,0.00134613897754777,0.9161308215360768,421.98155877445936,405.1981245159511,326.9873151489851,521.1598857180306,210.9907793872297,199.9636663961174,151.49045689087765,281.2525819201896
2018-04-16,2017-04-17,2018-04-16,252,166,0.002104387416994369,6324.69318775655,0.0001658487093428111,0.9978956125830056,4382.065276148861,4156.572501736593,212.95276805359177,10394.26489124002,2191.03263807443,584.0456910298569,72.66083018920007,5932.09926340101,0.08401866472870279,133.19352350343812,0.0013801379662291547,0.9159813352712972,421.9712313344021,405.4787724681039,326.79251765839183,521.8655813513418,210.985615667201,199.80718140563414,151.52538189791463,283.16386317360116
2018-04-17,2017-04-18,2018-04-17,252,166,0.0020935487570159506,6344.3949558628965,0.00017043952983434433,0.997906451242984,4381.715778850699,4168.66047933366,212.47944079815255,10341.146708542177,2190.8578894253496,590.1329250589537,73.41827298054024,5922.4819466674035,0.08420102684557573,132.36772420101389,0.001444014621385928,0.9157989731544243,421.0872688945368,405.53861633208203,327.3743121975489,518.5443897117957,210.5436344472684,199.98780942731264,151.3447023401565,282.2916051938988
2018-04-18,2017-04-19,2018-04-18,252,166,0.002080254495603562,6380.403703727194,0.00017205552689647345,0.9979197455043964,4565.598949160915,4176.352961517207,211.72576357389883,10824.84617319483,2282.7994745804576,611.7254538131815,73.30699553977004,6303.137009322388,0.038223536438174555,324.0578866911153,0.0004173988769006502,0.9617764635618254,518.8338588251868,453.12654027451913,310.5234703369225,702.5742999960033,259.4169294125934,215.25135342625487,136.16666113243497,398.824445985308
2018-04-19,2017-04-20,2018-04-19,252,166,0.0015975816217144168,8308.821840814511,0.00017185647365504752,0.9984024183782856,4688.512523680336,4163.365663782424,213.64667839547283,10912.4624543993,2344.256261840168,575.445508152533,74.12493685938597,7196.471395300506,-2.220446049250313e-16,,1.8457959358631564e-05,1.0000000000000002,2579.247621361923,532.8732482015367,100.71574111504503,6582.627860025953,1289.623810680961,183.93264064162187,0.0,2306.6268550998993
2018-04-20,2017-04-21,2018-04-20,252,166,0.0019478811342018565,6824.943403426613,0.0001684269705125363,0.9980521188657981,4352.178896698112,4192.39534911817,213.42775075083537,10065.964545236326,2176.089448349056,574.8397851886066,74.87946655792463,6106.695132194435,0.08436285988515668,130.6163693781527,0.0016384570837518705,0.9156371401148433,420.6132058512376,405.77153765085177,326.3922016463964,522.5653871838084,210.3066029256188,198.68055117395346,150.86432810677704,286.95843535307955
2018-04-23,2017-04-24,2018-04-23,252,166,0.002064001452773412,6440.815003703524,0.0001684820505619767,0.9979359985472266,4446.288441599972,4189.0873326806695,215.13567701182032,10173.856543800424,2223.144220799986,559.0054552663014,74.13289670522154,6234.816862935481,0.03888403004962848,322.5121349655319,0.00035784831538865423,0.9611159699503715,524.5229986605727,452.2574177593517,311.32126032732066,704.8966906004378,262.26149933028637,215.975038382119,136.02499709626238,388.4730918633774
2018-04-24,2017-04-25,2018-04-24,252,166,0.0019107764316714793,6949.356820768679,0.0001710598534699804,0.9980892235683285,4353.832358740088,4103.566651586049,213.74690781101134,10194.117951652239,2176.916179370044,640.4806300460468,74.44176749246492,6082.44069218128,-8.881784197001252e-16,,4.1050638671204615e-05,1.0000000000000009,1844.2364167403525,528.7355058914692,104.41341751254214,5005.3794955242265,922.1182083701763,184.91405430036178,0.0,2187.5419221187713
2018-04-25,2017-04-26,2018-04-25,252,166,0.001990249771119501,6670.461713618051,0.00017153646109775185,0.9980097502288805,4269.295649648313,4060.3245791525696,212.5506592988601,9882.119082067768,2134.6478248241565,604.0961633455667,76.85196833898658,5915.254601860024,0.083579393197452,131.16110989471284,0.001734223024961306,0.916420606802548,420.55978506495273,406.01843245115623,326.49464114816703,522.4209458120583,210.27989253247637,200.59686659034128,150.7622367162071,287.82654305956595
2018-04-26,2017-04-27,2018-04-26,252,166,0.001575903575442461,8424.579823507605,0.00017146090449429951,0.9984240964245575,4566.870814351362,2870.9863807023276,212.34874308078142,10987.0380683126,2283.435407175681,581.1451321429336,76.12746242713597,6865.028537426773,0.03867330638312294,320.24236434337155,0.0004181539519618258,0.9613266936168771,521.4898409770506,452.24722856081814,311.04472523349557,712.7002677336561,260.7449204885253,214.4349917479156,136.42715314637292,376.43369589733715
2018-04-27,2017-04-28,2018-04-27,252,166,0.0014648096736137317,9060.937805381369,0.00017210958475680907,0.9985351903263863,4864.473377807997,4058.9578646824884,213.73990203626988,11946.171241069223,2432.236688903998,640.9654394550016,76.01501822296707,7152.683699210017,0.08623666660498652,127.17880216869544,0.0017253837734943084,0.9137633333950135,419.15797540392384,404.69523544551157,324.6639661177744,520.285098749677,209.5789877019619,199.6399304568725,148.65220813228805,285.4866373046101
2018-04-30,2017-05-01,2018-04-30,252,166,0.002011864317879364,6603.9276743163555,0.00016977504535359503,0.9979881356821206,4398.527856504452,4185.497357945145,212.24241079736422,10166.39750103325,2199.263928252226,608.9888460096793,75.40770821018492,6044.527954792554,0.08661781756873732,126.74308255924177,0.0017069638426101242,0.9133821824312627,418.967083669761,404.2514851528141,325.33991828141654,521.4789532221556,209.4835418348805,199.40408296771585,148.87591742589765,285.8463189021246
2018-05-01,2017-05-02,2018-05-01,252,166,0.0020146375317082743,6605.159513113502,0.0001662808931803271,0.9979853624682917,4399.144082618408,4250.334770623772,211.06242999086527,10180.717585956407,2199.572041309204,636.2278226106534,75.77217808944944,6085.925985835141,0.03874596656471985,321.64859252183425,0.0003868724810934398,0.9612540334352802,521.8789419564304,449.4913942246489,311.3608555039713,713.3425362481055,260.9394709782152,212.55195622837437,136.7743800028856,378.7649721920942
2018-05-02,2017-05-03,2018-05-02,252,166,0.0010734394708992179,12403.745860177252,0.00016501070500848325,0.9989265605291008,5348.493000358962,4240.875734589703,211.66880718206997,13157.597620341294,2674.246500179481,721.6884455809106,74.8856548037783,8907.281019947855,0.03900389980582075,321.33856511673474,0.0003604032510601141,0.9609961001941792,522.0759566921558,447.54445481558184,312.490999095343,706.2457116262206,261.0379783460779,212.64760292524625,137.8280954519479,375.4307011304825
2018-05-03,2017-05-04,2018-05-03,252,166,0.0011032304057693176,12068.657893776657,0.00016503711676764925,0.9988967695942307,5407.9628535273805,4127.586501027584,209.50483102263087,13378.021294930013,2703.9814267636903,721.8955028730662,74.98177916134195,8890.414298710899,2.220446049250313e-16,,4.085709600312328e-05,0.9999999999999998,1474.023307567812,417.22203493521954,92.21050371560273,3404.9517598953003,737.011653783906,167.69298360167568,0.0,1652.1092493981018
2018-05-04,2017-05-05,2018-05-04,252,166,0.0011275963321244475,11838.134520351143,0.00015949996130270696,0.9988724036678756,5272.543199818528,4076.515625208059,208.5552430622511,13020.429430199396,2636.271599909264,756.6321913620183,75.70358385865508,8706.20477374648,0.08773902075367812,123.75539228930498,0.0019246584675015209,0.9122609792463219,419.19276378695037,404.532122858586,326.51097833992185,518.6047983830326,209.59638189347518,201.18859573539487,148.73474854869758,271.9656974502638
2018-05-07,2017-05-08,2018-05-07,252,166,0.0011300119851139767,11813.58219873388,0.0001593640602923642,0.998869988014886,5325.4628378738325,4160.334489759255,206.42118499718606,13067.123570658956,2662.731418936917,794.1513329705069,75.46298547172857,8665.864687412339,0.08711690036710218,124.42695153686253,0.0019605697601459203,0.9128830996328978,419.1469189750204,404.8660843840814,326.3869421265588,519.3814601455263,209.5734594875102,201.71901796945343,148.71760535545684,272.38189817268926
2018-05-08,2017-05-09,2018-05-08,252,166,0.0011170159174322958,11953.410585111238,0.0001589406485190216,0.9988829840825677,5269.409814181454,4102.596342633079,205.88252135372937,13013.419341365732,2634.704907090727,770.7990353332749,76.16203183859716,8647.56747000146,0.08727774806099886,124.39898596726903,0.0019264175930108311,0.9127222519390011,419.27422478333693,404.79756992290135,326.5307313302893,519.3823065052635,209.63711239166847,200.94771544052492,148.91598468337222,274.19455852787644
2018-05-09,2017-05-10,2018-05-09,252,166,0.0011242666152064817,11866.130689640397,0.00016077183049547608,0.9988757333847935,5141.251971576674,4143.892531026707,206.67655000262067,12017.52781921946,2570.6259857883365,773.5943058065632,75.50219458142708,8620.84804360019,0.08732427467180959,124.4952117310854,0.0018992734160709873,0.9126757253281904,419.95885172006416,404.5413641080345,326.9698074928585,517.8906492165623,209.9794258600321,199.89059785720082,149.33815598564416,275.0932013700272
2018-05-10,2017-05-11,2018-05-10,252,166,0.001119136021119238,11859.79912339927,0.00017207877079537662,0.9988808639788808,5160.275628157302,4133.0683515677965,205.53610880615958,12106.297690054835,2580.137814078651,828.9107982885274,75.71700329592915,8668.92951844732,0.08714684185278454,124.87265973704388,0.0018788643687131983,0.9128531581472155,419.31733905735666,404.6158701075303,326.1266904031961,520.0400080734893,209.65866952867833,200.16760793279695,149.51672481018187,274.070637821469
2018-05-11,2017-05-12,2018-05-11,252,166,0.0011149579421902978,11891.33949549415,0.00017457201155259943,0.9988850420578097,5130.044542217684,4092.1345341819842,204.89709822377006,11999.05495441611,2565.022271108842,828.8579893672343,74.95151203580326,8677.148306743178,-1.1102230246251565e-15,,5.93378530184181e-06,1.000000000000001,3796.6089900143484,476.39691211635636,113.34208221628745,4549.768364198675,1898.3044950071742,177.30775669242487,0.0,2430.8511217520904
2018-05-14,2017-05-15,2018-05-14,252,167,0.0010949646180634653,12120.52551724248,0.00017228225516867005,0.9989050353819365,5102.205984235699,4059.88103549903,207.5933280865958,11614.421807292025,2551.10299211785,772.0172688510643,75.13203962706326,8707.088560398559,0.0,,3.9094822275846055e-05,1.0,1779.0428684735243,468.62169857124576,96.90792470289857,4102.043160902267,889.5214342367622,167.8021652244502,0.0,2386.942367390234
2018-05-15,2017-05-16,2018-05-15,252,167,0.0010723896059656735,12354.7367145573,0.00017619467766276058,0.9989276103940343,5095.273558884763,4117.868019134218,207.00988160537068,11568.569892750556,2547.6367794423804,758.4271050672883,75.36541022501414,8643.49315165059,0.0862566833846734,126.2342125733484,0.001867089793951825,0.9137433166153266,421.41242709403286,408.10960531252414,328.5236707606351,520.4284835269943,210.70621354701643,202.82946695320004,150.33801292417562,269.88460820786116
2018-05-16,2017-05-17,2018-05-16,252,167,0.0010716171740692282,12366.767623686776,0.00017560552964068156,0.9989283828259308,5010.285472456537,4136.431276390335,206.39529134001634,11237.208348848582,2505.1427362282684,745.2395801714266,75.64603797909801,8597.050260112426,0.03731353850027663,321.72040760636133,0.0006116461496232482,0.9626864614997234,514.7787219307786,451.39039371451946,314.495544467176,707.6090386935401,257.3893609653893,213.04120456241006,138.61804638790045,371.39504194459647
2018-05-17,2017-05-18,2018-05-17,252,167,0.0009999297206738644,13288.388830884072,0.00016956321583700679,0.9990000702793261,4961.26437851563,4017.932998273327,208.29609637589047,11241.940563970105,2480.632189257815,766.963736826541,75.93684367559713,8469.350190486464,0.037861162564897244,322.4370242331817,0.0004991168079958718,0.9621388374351028,519.6036807758613,451.0131837581647,314.98841434141605,714.3223810771751,259.80184038793067,213.42186773737552,138.22250360397376,368.82913409549536
2018-05-18,2017-05-19,2018-05-18,252,167,0.0010006032432164913,13279.164960991187,0.00016961059921521716,0.9989993967567835,4821.276797824504,3688.987282806577,208.4422249779249,10912.339053322195,2410.638398912252,716.9369414887803,77.00891956667859,8468.111536406717,0.03781782479946649,322.39677103761784,0.0005069113523856499,0.9621821752005335,519.6584936689829,451.9226806560052,315.29098012774926,714.5864239182105,259.82924683449147,213.60333660067482,138.321366050923,369.7316486592343
2018-05-21,2017-05-22,2018-05-21,252,167,0.001036216476062557,12818.247627434941,0.0001704089877736045,0.9989637835239374,4901.053371681109,4044.219151751145,208.40618430777855,11274.124050130957,2450.5266858405544,748.3669142471865,76.48227085108768,8472.401482859628,0.08547195439782063,127.0913263956085,0.001915888360571998,0.9145280456021794,421.70528078942857,408.74309280085276,328.4166684241943,519.7148716982488,210.85264039471426,203.32669947200947,150.34311953929046,268.05935960062703
2018-05-22,2017-05-23,2018-05-22,252,167,0.0010165043320051748,13081.695526386717,0.00016785165299183555,0.9989834956679948,4887.8917041110335,4031.0582010026214,208.6915770973794,11023.618899605128,2443.9458520555168,727.7251279682844,76.81781775434409,8490.528252710394,0.03734229383076404,327.7542274031428,0.00048375862807029037,0.962657706169236,520.1934831250707,453.127147008425,315.0840619541391,714.8634622837299,260.0967415625354,214.11160760584707,138.48643140052815,366.6591409246351
2018-05-23,2017-05-24,2018-05-23,252,167,0.0009745158443683621,13621.0824954506,0.00017186684752038524,0.9990254841556316,4875.411729462412,4021.8985974646826,209.42039554763105,10982.307681966955,2437.705864731206,740.2179249023026,76.61342236743847,8488.575296141245,-8.881784197001252e-16,,7.596035484470565e-05,1.0000000000000009,1159.3594378139744,395.3742416702888,87.06470958230712,2725.5945373276472,579.6797189069871,159.54330086707395,0.0,1516.7594503576568
2018-05-24,2017-05-25,2018-05-24,252,167,0.0009809665107182175,13483.423942875197,0.00018016865891824527,0.9990190334892818,4977.105263247521,4003.324885462624,208.98151692339485,11269.012855279389,2488.5526316237615,732.6374902824891,76.79743417942474,8521.33095509249,0.08519204728348329,127.80152073285132,0.001868717315174145,0.9148079527165167,421.8637600619136,408.86878485199674,329.05265253687435,521.7964147537953,210.9318800309568,203.4735170298904,150.05104194756967,267.39154367371196
2018-05-25,2017-05-26,2018-05-25,252,167,0.0009598896344863439,13783.938430409422,0.00017940056916170127,0.9990401103655137,4752.532569477868,3936.3788142371027,208.91492511384976,10801.185145426969,2376.266284738934,721.45208739696,76.40670517478203,8591.347103621274,0.03750345502766428,317.7616487886307,0.0006674877506978084,0.9624965449723357,513.5511007836409,453.11986858516457,315.4653508539984,714.9032084617756,256.77555039182045,214.00491721862934,138.5240584864069,360.37021186765253
2018-05-29,2017-05-30,2018-05-29,252,167,0.0009687866086084407,13661.841044115226,0.0001786220447142531,0.9990312133913916,4799.621516527651,3981.112101504309,207.36182543503708,10989.79508366364,2399.8107582638254,673.6296770722738,76.06714098391349,8654.726194498124,-4.440892098500626e-16,,1.1804228444848115e-05,1.0000000000000004,2129.5025978085046,395.3292769016835,90.87445823668929,2732.416249062681,1064.7512989042525,163.4266951931592,0.0,1433.1740045035294
2018-05-30,2017-05-31,2018-05-30,252,167,0.0009610030570716965,13774.104787275372,0.0001783457237800579,0.9990389969429283,4799.730716127315,3947.121819676477,208.52366299436446,10941.2049876987,2399.8653580636574,719.6095910323245,77.04097386589113,8652.887965953401,-1.1102230246251565e-15,,1.8595207443498442e-05,1.000000000000001,3068.1006365353583,428.19360185028853,110.59924997755387,4796.129897317428,1534.0503182676791,174.93098519293594,0.0,1531.766250069895
2018-05-31,2017-06-01,2018-05-31,252,167,0.0009676718523212724,13690.27975181637,0.00017644026509760653,0.9990323281476787,4793.758849257245,3920.108893165683,207.38648718016105,10941.361017430005,2396.8794246286225,668.355876472453,77.73692356642671,8679.018433231588,-1.3322676295501878e-15,,2.0170725731241834e-05,1.0000000000000013,1896.59918996807,403.792770421515,95.59637589805068,3790.841711466477,948.2995949840351,168.0973879610024,0.0,1489.193090811837
2018-06-01,2017-06-02,2018-06-01,252,167,0.0009766382028082443,13570.717708821794,0.00017538777680913936,0.9990233617971918,4947.588686408264,4042.514466025127,206.46841989978594,11188.199006237688,2473.794343204132,721.4707018087792,78.00959629581905,8709.031391975017,0.035833121348136765,333.92420312229075,0.000635959099551833,0.9641668786518632,515.3504815344977,452.3828930765746,316.1100165898126,729.6059012728853,257.6752407672488,211.47901506787392,139.08235378425152,359.87805587045773
2018-06-04,2017-06-05,2018-06-04,252,167,0.0010030875041265874,13206.253242451836,0.0001765586542946862,0.9989969124958734,4861.118490939526,4054.906898226181,206.3101939382302,11048.273164146716,2430.559245469763,666.1749716225332,77.52289635336531,8722.362938361202,0.03573998187104632,334.90743860766077,0.0006333954557079358,0.9642600181289537,515.5126144554594,451.7604460826651,316.4533529955154,731.8859349174597,257.7563072277297,211.61239844033275,139.12791844993114,366.0457182413389
2018-06-05,2017-06-06,2018-06-05,252,167,0.0009861199630880613,13433.762327069604,0.00017651035334804663,0.9990138800369119,4916.053327054642,3945.5003356241064,206.83770623533837,11161.093743245094,2458.026663527321,667.0909589912353,77.95682173252132,8684.948337755237,0.08380682620050839,129.31598529805967,0.001964746364005769,0.9161931737994916,422.7343746089195,409.0858626447617,328.89088358239576,522.244779651914,211.36718730445978,202.85728574032993,150.45429921190663,265.6534699492927
2018-06-06,2017-06-07,2018-06-06,252,167,0.0008236822668368227,16078.729414707463,0.00017713576134006549,0.9991763177331632,5558.862968611729,4149.716283210224,204.49247531252053,13146.852753560212,2779.431484305865,700.2205582150584,77.76712228812735,10336.829394304299,0.03264843359654901,364.5913065580863,0.000676779610772893,0.967351566403451,517.3501230566249,454.6121640554103,316.37168026268216,745.6023175527613,258.6750615283124,212.00336616244354,138.68744090738602,375.3860136925125
2018-06-07,2017-06-08,2018-06-07,252,167,0.0008210315046826011,16131.62563420193,0.0001769925916347786,0.9991789684953174,5546.469438959156,4091.4714927960204,204.8428591455318,13033.078543199383,2773.234719479578,770.8980202442956,77.80950220948081,10355.617301056282,0.08276465824041035,130.13710639781377,0.002100493526126045,0.9172353417595897,422.0136658189607,409.64580134788116,329.23005977282224,523.7889835531455,211.00683290948038,203.74223814902246,151.04622811760586,267.6776019521156
2018-06-08,2017-06-09,2018-06-08,252,167,0.0008133627741433447,16290.749887391963,0.0001759836728201956,0.9991866372258567,5555.599796617984,4126.333316957173,205.5781849877535,13168.272451084022,2777.799898308992,780.5423027043711,77.35716376124083,10366.37869847068,0.08216622838195453,131.00181729181597,0.002114884554652445,0.9178337716180455,422.16948328221736,410.01236039258316,329.2585104871384,523.6746945264313,211.08474164110865,204.03793430774488,151.45208642150175,268.99984651126886
2018-06-11,2017-06-12,2018-06-11,252,167,0.0008105070693260608,16345.18119876755,0.00017640735415695542,0.9991894929306739,5585.222416545773,4208.66547551288,206.25846900820886,13113.377717276388,2792.6112082728864,815.6184597711165,76.85039509550427,10302.926071174848,0.08220547853872295,130.61360131483957,0.0021722681785082422,0.917794521461277,421.94924566098985,410.2398849875215,329.8958507839456,523.0778458226577,210.97462283049492,204.31937315090727,151.85100474284002,269.93407828766027
2018-06-12,2017-06-13,2018-06-12,252,167,0.0008007225324324629,16556.660915567205,0.00017475575040061672,0.9991992774675675,5629.223890259259,4236.7077091813235,206.28620869844465,13191.137418145841,2814.6119451296295,817.6952398122942,75.89742132563138,10366.536055779367,0.08118131848142951,132.2478984666799,0.002174647757927116,0.9188186815185705,422.110510961669,410.8489944109478,329.5883692977692,521.7285378123697,211.0552554808345,205.15036592934092,152.08754826105832,269.9030903158309
2018-06-13,2017-06-14,2018-06-13,252,167,0.0007912878313333094,16763.133561340637,0.0001735068607527331,0.9992087121686667,5679.748308920448,4357.003678355757,205.47786437872978,13131.911280444461,2839.874154460224,802.4560595567951,76.349187852921,10381.693026732208,0.08125425944454545,132.11854003523933,0.002176528846438501,0.9187457405554545,422.2732282947393,411.0263509026355,329.69341647440405,521.9013977489157,211.13661414736964,204.40982367567,152.47248352566143,269.8833294201558
2018-06-14,2017-06-15,2018-06-14,252,167,0.0007850002058634731,16897.824702029677,0.00017344921961524296,0.9992149997941365,5649.789720651875,4282.300169976471,204.9766361813015,13078.089058718828,2824.8948603259378,801.5495191305581,76.5319212385541,10350.812540490502,0.08112067172842952,132.26441441984372,0.0021892243904016516,0.9188793282715705,421.88930770521216,410.6972642021833,329.62724607527105,520.5965143240858,210.94465385260602,204.71852370102158,152.28019663434398,269.2510140904022
2018-06-15,2017-06-16,2018-06-15,252,167,0.0007936107243486923,16713.632575959233,0.00017356682588755122,0.9992063892756513,5659.376493240749,4289.0940368814845,206.41608258801648,13084.263776059708,2829.688246620375,816.9666079757839,76.54216503324847,10331.416658413009,0.0813871594783786,131.951261033349,0.0021679610984041446,0.9186128405216214,421.9206936267019,410.44058859580576,329.4896148696907,520.8520833120765,210.96034681335095,204.28650915379671,152.4755583005942,271.4102477011954
2018-06-18,2017-06-19,2018-06-18,252,167,0.000808131652387023,16415.744050089972,0.00017322622160039262,0.999191868347613,5615.502156187506,4285.849147979916,208.36498453520394,13031.577847912862,2807.751078093753,788.968634333881,75.14583703983843,10317.48180957172,0.08156091782670916,131.80792105514934,0.0021437367408394543,0.9184390821732908,421.8627770811082,410.3501050358223,329.5737995399175,521.7254663638602,210.9313885405541,204.22241824931479,151.7977113396631,272.4443418806535
2018-06-19,2017-06-20,2018-06-19,252,167,0.0008073427641386299,16434.723530180083,0.00017281568488179976,0.9991926572358614,5781.523098704504,4408.935816698199,204.92262149455004,13319.115915331788,2890.761549352252,793.9912287038669,74.613395321718,10370.065652305573,0.032974860956212715,365.40778841285953,0.0005848817726195971,0.9670251390437873,518.3170486314732,454.6617114791761,316.20505868652873,733.5614845137663,259.1585243157366,215.20636039364763,137.61272758667178,376.2364908665884
2018-06-20,2017-06-21,2018-06-20,252,167,0.0015746607709307137,8430.040282282856,0.00017178213450649933,0.9984253392290693,4655.9034232987715,4311.704653194027,204.1248750182266,10598.23773284928,2327.9517116493853,696.9338787025288,75.14507896993139,6351.390648554077,0.08175814920386548,131.70521344028194,0.002106338166256468,0.9182418507961345,422.01301219376495,410.89218181810577,329.6907020625612,521.6418506551003,211.00650609688248,204.06967700343546,151.40761806060675,271.69803163195337
2018-06-21,2017-06-22,2018-06-21,252,167,0.0015694484906083606,8457.419450899923,0.00017194876461546242,0.9984305515093916,4664.597039069517,4249.975370638353,205.15995289004866,10628.234151675402,2332.2985195347587,723.149067197952,75.46661549943062,6375.773683293729,0.08118521561012693,132.73421026765502,0.002089385462275875,0.9188147843898731,421.8782950130075,411.1913136016011,329.83685257121243,520.1526170574715,210.93914750650376,204.55064495782065,150.76252880123135,273.9745623642725
2018-06-22,2017-06-23,2018-06-22,252,167,0.0015433201400890662,8599.520047302933,0.00017223645306271377,0.9984566798599109,4640.719357907006,4267.892563609898,207.51263500981977,10601.91737337083,2320.359678953503,650.2440836776343,75.40501235500919,6401.392304371473,0.08303228048877187,129.80812420444133,0.002084774896901871,0.9169677195112281,421.66458766362786,410.367541362075,329.8794390368963,519.8937094406793,210.83229383181393,203.9621889402988,151.0102261114228,274.6922518663964
2018-06-25,2017-06-26,2018-06-25,252,167,0.0008232785516451013,16112.075128330078,0.00017346136046033852,0.9991767214483549,5699.205714323212,4278.330520130831,207.1666624964074,13150.426705868327,2849.602857161606,787.1042769653606,74.59775747695376,10391.029281782703,0.03255571117463074,367.9327623620308,0.0006278918892734221,0.9674442888253693,514.6519131412693,459.00205857101986,314.7707469804472,731.742442291657,257.3259565706347,215.3039493219843,136.7887029077037,374.39173924102545
2018-06-26,2017-06-27,2018-06-26,252,167,0.0008122778143849763,16328.851488680106,0.00017366305308736605,0.999187722185615,5659.133008631064,4304.714346515223,208.15754977357201,13109.061261256757,2829.566504315532,832.2750149547414,74.78443137061616,10363.13005167106,0.08235757176494296,130.66141575609933,0.002121171520212037,0.917642428235057,421.8892711654601,411.4929959589649,329.487427701885,519.3155103918275,210.94463558273006,203.86972501171,150.5044606759023,272.49397073252413
2018-06-27,2017-06-28,2018-06-27,252,167,0.0008445880521188442,15709.45224252434,0.00017289164600155492,0.9991554119478812,5775.567422012715,4329.380446629468,204.84341705741585,13324.204537548569,2887.7837110063583,953.1334832713374,74.86003856030061,10480.696831739735,0.08224161881510617,131.1076787425063,0.002075947604065378,0.9177583811848938,422.3105075074141,411.4899524912066,329.47192755034337,520.492567780571,211.15525375370706,203.84635622267106,150.18775721910197,272.1792826702266
2018-06-28,2017-06-29,2018-06-28,252,167,0.0009923519973442652,13370.780727316107,0.00017280430740093425,0.9990076480026557,5312.184379762349,4380.824911442774,204.91085188455511,11846.051517758815,2656.0921898811744,884.3634730494186,75.82965285878085,9054.080186277839,0.08234688535690649,130.97390146330153,0.0020701739062404826,0.9176531146430935,422.67871604249785,411.37397211394807,328.75895540795483,523.2800633344606,211.33935802124893,204.08866776844246,149.829079726731,272.4004645887516
2018-06-29,2017-06-30,2018-06-29,252,167,0.0016067984896313003,8265.05284758183,0.00017078514623491723,0.9983932015103687,4736.251462603791,4360.2806132538635,206.11265281097153,10926.996526080786,2368.1257313018955,769.5592378877664,75.3550457210264,6432.05751553614,0.08117929143569225,132.78409390428106,0.002082578538452356,0.9188207085643078,422.7015055448952,411.5877433183374,328.6312242797083,521.9546982115831,211.3507527724476,203.78867641072367,150.08217563863855,272.41459001146626
2018-07-02,2017-07-03,2018-07-02,252,167,0.0008636499199158321,15379.038316509588,0.00017047276254899751,0.9991363500800842,5748.216117423978,4357.318921571175,203.62006250586683,13338.524914015388,2874.108058711989,972.506249698084,75.67848610745551,10424.955663342573,0.08085805855648953,133.15979419645404,0.0021083023042033178,0.9191419414435105,422.5314350091903,411.6813862964151,328.85022776458874,522.9424788312356,211.26571750459516,203.99128470398637,149.67247472095235,271.7413136703743
2018-07-03,2017-07-05,2018-07-03,252,167,0.0008389229495978645,15831.494718976543,0.00017059229975176552,0.9991610770504021,5825.202974896865,4375.718758991815,204.36852829432186,13347.881265373937,2912.601487448432,972.7517954647377,75.73177604775161,10453.22104921825,0.08075787675214996,133.49398670011092,0.0020797226425404514,0.91924212324785,422.73199454413475,412.0560419137313,328.3215907163178,523.2247585591577,211.3659972720674,204.07484054185795,149.80022359100928,271.42401142833205
2018-07-05,2017-07-06,2018-07-05,252,167,0.0008425996640042399,15750.579387047057,0.00017230184379570182,0.9991574003359958,5757.939584942035,4334.372013107481,205.41361071799435,13309.165967769872,2878.9697924710176,974.0099584564813,75.56796703365737,10391.26572749339,0.03198551104732272,373.5138443883535,0.000647843754669216,0.9680144889526773,515.9148407606386,461.89493621249306,313.2774376071265,726.907944140236,257.95742038031926,216.89629841926762,136.21847184137707,369.6081978736142
2018-07-06,2017-07-07,2018-07-06,252,167,0.0008538502139822102,15547.29919974474,0.0001716772044753406,0.9991461497860178,5730.596103220216,4328.699608026468,205.75467393412293,13291.825293470081,2865.298051610108,968.7145279275311,75.3860854794853,10367.409195002916,0.031922904032905874,374.73545562791395,0.0006378076546914507,0.9680770959670941,516.703406475924,462.6140096026145,313.0686338864157,723.1478570357493,258.351703237962,217.74387316583366,136.39902810870055,368.717149345637
2018-07-09,2017-07-10,2018-07-09,252,167,0.0008556541675746043,15514.610153544978,0.00017166414246091267,0.9991443458324254,5744.453891399689,4365.547730541528,204.52179705699135,13410.213356367527,2872.226945699845,1003.8988446525967,75.42148392017303,10353.55164467329,0.030497937308185286,391.55282267465117,0.0006514022227992881,0.9695020626918147,518.3865138871815,463.6779069096817,313.1742571984893,728.0445208807637,259.19325694359077,218.56075007824955,136.7341507317216,375.74267003937064
2018-07-10,2017-07-11,2018-07-10,252,167,0.0008595122694704527,15444.417877211008,0.00017174556075924986,0.9991404877305295,5783.99480723595,4377.53142981441,203.9692546167709,13425.136951385817,2891.9974036179756,995.371789408035,75.39170484889036,10405.524158409145,0.07923216321224924,136.02239059268723,0.002086686107325406,0.9207678367877508,422.61206710914627,411.44294788498104,328.35466754927603,520.5475430446071,211.30603355457313,204.1108832850802,150.43920773652542,272.83541772340993
2018-07-11,2017-07-12,2018-07-11,252,167,0.0008505151346515083,15607.508240779893,0.00017178758986033973,0.9991494848653485,5790.080309666637,4366.911635116469,204.7666172018892,13416.429235703506,2895.040154833318,1093.164412883626,75.58894252270298,10378.842421433346,0.07894482664979463,136.2494984928065,0.002131300646101792,0.9210551733502054,422.65247853512204,412.0552845937303,328.8082194247194,520.0193881540216,211.32623926756102,204.36298963530703,149.80232666904533,272.05141729451026
2018-07-12,2017-07-13,2018-07-12,252,167,0.0008560716250851641,15510.58840349198,0.0001711441396456494,0.9991439283749148,5829.635345767652,4347.610614207603,204.57712099097148,13336.583407394599,2914.817672883826,1089.3992311648994,75.63038733547263,10334.23561889073,0.07949111498801642,135.13264079002553,0.002162102606801485,0.9205088850119836,422.3592283997336,411.8662011580807,328.5294857728892,519.9792774911866,211.1796141998668,204.15024566250264,150.22093831533454,272.9997276631017
2018-07-13,2017-07-14,2018-07-13,252,167,0.0008554044351544166,15522.185736022162,0.00017121742191775712,0.9991445955648456,5808.179090366211,4366.515415977374,204.2637718830355,13336.659939269959,2904.0895451831057,1011.1678892561756,75.17209634272174,10319.11771883645,0.030485960895393793,392.238339152275,0.0006409286080891121,0.9695140391046062,517.468202886881,464.16868799398503,312.20934300066233,725.0573856625184,258.7341014434405,218.9831974633846,136.43092691007234,374.05094855519866
2018-07-16,2017-07-17,2018-07-16,252,167,0.0008490459740672085,15639.283702877621,0.00017109344662440102,0.9991509540259328,5800.012765849523,4368.902130660883,204.41752446060903,13307.061345818953,2900.0063829247615,1006.2852892776918,74.99914051966425,10310.949091221992,0.0793239972810148,135.17105421526614,0.002204756623388494,0.9206760027189852,421.9446092980777,411.4996111690279,328.57698036017814,519.2046534645082,210.97230464903885,203.1545630077345,150.06271750676115,272.41756153132116
2018-07-17,2017-07-18,2018-07-17,252,167,0.0008560882536339243,15512.8652920864,0.00017076681778067655,0.9991439117463661,5837.188226399135,4366.773167887092,202.70484768522127,13360.483434867225,2918.5941131995673,1083.017476665379,75.09386585817265,10330.780845711355,0.07951835520228223,134.79953340563918,0.002211980540808845,0.9204816447977178,422.15290633692115,412.28144785221957,328.25399440757286,519.7163131530533,211.07645316846057,202.9279213939309,149.595470522987,271.75306832551337
2018-07-18,2017-07-19,2018-07-18,252,167,0.0008420429886162317,15775.316608511499,0.00017023604952462636,0.9991579570113838,5889.762959213209,4371.096605067261,202.994846547821,13505.387917895958,2944.8814796066044,1094.5049202277817,74.90446822607392,10497.582000062992,0.07977996964588585,134.18913744847,0.002241892000694174,0.9202200303541141,421.77873121073014,412.0561428563181,328.41332143565785,519.8879863328764,210.8893656053651,202.31643097134307,149.64276556559798,272.13681152989943
2018-07-19,2017-07-20,2018-07-19,252,167,0.0008337424841170504,15928.797236595707,0.0001707440696934439,0.999166257515883,5913.591669954882,4425.353869841269,201.85011584938704,13524.909014072158,2956.795834977441,1018.7194731653725,74.80973161540982,10498.959571926845,0.0793516829706804,135.04461881631244,0.0022186694863963836,0.9206483170293196,422.0955091562806,412.6097427521865,329.1090162579149,518.8576026683669,211.0477545781403,202.87943259731645,149.69919815375158,269.8006810697604
2018-07-20,2017-07-21,2018-07-20,252,167,0.0008248089667539649,16101.190345412526,0.0001707626484661289,0.999175191033246,5889.421011400493,4339.201081275963,200.71377160769524,13497.537056067393,2944.7105057002464,1018.5082232838599,75.12994863068393,10515.632439453053,0.07851546156415579,136.4744293595706,0.002220145317552283,0.9214845384358442,422.1869765720453,412.8479991969011,328.6021715433885,518.8259932591427,211.09348828602265,204.14476657155438,148.68307109504408,270.0357180359498
2018-07-23,2017-07-24,2018-07-23,252,167,0.0008267872608509474,16064.562966916526,0.00017049478875469582,0.999173212739149,5902.040522545931,4385.311827728818,200.3937361748318,13539.292843653857,2951.0202612729654,1015.6836016910092,75.52897896010005,10510.877853345266,0.07853710477818387,136.60568224195947,0.002190896203449921,0.9214628952218161,422.4533975985248,413.09824415100474,329.21381024722217,519.6050324710459,211.2266987992624,202.94918578880936,149.50298201650176,271.7116730862222
2018-07-24,2017-07-25,2018-07-24,252,167,0.0008289224918798244,16023.864361680873,0.00017039839029475037,0.9991710775081202,5912.258472269104,4443.7943984204785,200.0091671724166,13464.170950480284,2956.1292361345522,996.6065968381761,75.32336377490523,10491.153482635149,0.07910692041685208,135.46075725123944,0.002218967774894045,0.9208930795831479,422.38883715197073,413.128881457098,329.06588476071227,520.2257905058412,211.19441857598537,203.30690365340905,149.58450506656501,272.7304095284131
2018-07-25,2017-07-26,2018-07-25,252,167,0.0008213749466788878,16168.95345756556,0.0001706999709964749,0.9991786250533211,5773.571381889627,4301.031015335655,201.951270704561,13346.562306141526,2886.7856909448137,1010.5389938553909,75.84037422004931,10425.8663973274,0.07855640448856882,136.2165369301419,0.002252958163088262,0.9214435955114312,421.5902420282978,412.9090366890148,327.9528636720701,517.5123794200556,210.7951210141489,203.0956214747119,149.43996416275192,269.36074796947145
2018-07-26,2017-07-27,2018-07-26,252,167,0.0016008745134161728,8285.848304592984,0.0001734826112631103,0.9983991254865838,4778.758491967573,4228.343298611086,202.59160235157765,10819.907106717272,2389.3792459837864,706.5387770306404,77.44096668089797,6350.50499357032,0.07873293371036116,135.85648442100154,0.0022626707942833726,0.9212670662896388,420.78823748603395,411.94598159792037,327.02025746307,518.365313763088,210.39411874301697,202.04743255909523,148.67106596525463,268.7645599857649
2018-07-27,2017-07-28,2018-07-27,252,167,0.003677297202499985,3608.9016157647425,0.00017237579156325123,0.9963227027975,3850.3924373078867,3323.903022432129,202.3404339498823,9386.787380948446,1925.1962186539436,490.6747128627771,77.38547070636044,5683.610822374114,0.07986742218574161,133.55142176790037,0.0023315136203388154,0.9201325778142584,420.3687364202151,411.52079274959306,326.86732377371237,519.8195823309663,210.18436821010755,200.62900224986382,147.79289321283824,274.37611870576404
2018-07-30,2017-07-31,2018-07-30,252,167,0.0030640466400143618,4333.173750364758,0.0001713373248916732,0.9969359533599856,3895.9205415313163,3280.3381272053402,199.94533311695483,9348.381398324185,1947.9602707656582,614.9142248824191,77.73813092148363,5775.512749522859,0.08015831782525373,132.97558777976224,0.002348615573081048,0.9198416821747463,420.5983217269757,411.13384393531373,326.3811576701139,521.5854790727932,210.29916086348786,198.66164882478466,147.43009316141476,274.3149520977439
2018-07-31,2017-08-01,2018-07-31,252,167,0.0030608314951376947,4338.719379080276,0.00017081683121268742,0.9969391685048623,3879.7844881795977,3232.254109744823,201.3070843963524,9303.681259713354,1939.8922440897984,614.1227526566835,78.97109878422727,5765.067446112062,0.03102533183708045,383.7715178876627,0.0006745474704306066,0.9689746681629196,516.5338347603945,465.5528094029388,314.07023737277956,733.0520272451316,258.2669173801972,217.37189968159072,134.68761084004157,374.98618526521494
2018-08-01,2017-08-02,2018-08-01,252,167,0.0024823917121220562,5347.779145416363,0.0001716398034703028,0.9975176082878779,4002.9857751365817,3773.012858223847,203.28640426026027,9715.395942838004,2001.4928875682908,661.9310205393932,78.84640820583124,5738.336512026479,0.07986525022606805,133.44418846208868,0.0023522491657186877,0.920134749773932,421.0440599127952,411.72612031340645,327.67018545041407,520.4782862518514,210.5220299563976,198.06774164575629,148.4595303024179,275.1381106846262
2018-08-02,2017-08-03,2018-08-02,252,167,0.0020738226034630047,6396.010405668314,0.00017355417399451611,0.997926177396537,4197.2772313835985,4120.984845672411,203.16692474396382,10229.279349209966,2098.6386156917993,780.5643047590447,78.76876437241266,5662.722367238655,0.03159116737786072,378.5239225716473,0.0006407684437562562,0.9684088326221393,511.81127845499486,465.32316539555575,315.2011353383284,722.3302488074771,255.90563922749737,217.95182345418232,136.53205438394556,372.5788263671349
2018-08-03,2017-08-04,2018-08-03,252,167,0.002030319456389207,6531.383610392258,0.000174144518857701,0.9979696805436108,4254.826048383484,4151.925398809342,202.13280451732,10285.766244795403,2127.413024191742,785.719304155712,78.60105324178173,5866.738656918362,0.03191217337644159,377.3444716597156,0.0005892193597315607,0.9680878266235584,512.6570198428681,464.525123380242,315.48351173565754,721.2492562517024,256.32850992143403,216.9479522544306,137.05140852462426,369.7406340281362
2018-08-06,2017-08-07,2018-08-06,252,167,0.0020288911717911695,6546.849373890053,0.0001703467126367231,0.9979711088282088,4304.400393640875,4174.360927442915,202.0212900767489,10310.647214970882,2152.2001968204377,792.9735665893245,79.45625891257616,5989.890737964747,0.08168368973532647,130.59471615143215,0.002329065676120804,0.9183163102646735,417.7739869173623,411.14345289406634,327.19753957847985,515.6587294813157,208.88699345868113,200.86883935839938,148.34349116643108,274.32152296056944
2018-08-07,2017-08-08,2018-08-07,252,167,0.0014304008060107565,9273.183977299435,0.00017352313067930933,0.9985695991939892,4833.8094120606265,4219.205934316084,202.1804652357681,11992.40928059806,2416.904706030313,816.2729650066331,78.93205194158952,5897.761351706258,0.08086833581172959,131.89527056671446,0.0023321123218851426,0.9191316641882704,417.7754818287718,411.55117000147237,327.052154451756,515.2555855713404,208.8877409143859,200.8149481781139,148.25383429088592,274.85945338110395
2018-08-08,2017-08-09,2018-08-08,252,167,0.0020445309561463176,6485.356500056331,0.00017436810628461167,0.9979554690438537,4339.209654062291,4197.9472263352445,202.4689187294553,10365.22099706668,2169.6048270311453,788.711193033722,79.12744639822338,6119.496462704217,0.03165411785242578,378.66505601922336,0.0006228915546945611,0.9683458821475742,511.9389467238908,464.38082177409973,315.27608385674455,724.6232361009314,255.9694733619454,217.23132828882,135.9720125831833,370.85001680630006
2018-08-09,2017-08-10,2018-08-09,252,167,0.0020456792572732807,6480.191133340613,0.00017491290412345088,0.9979543207427267,4334.126515344437,4201.363594571959,202.15891479239787,10357.834271046462,2167.0632576722196,784.6334817993713,79.53001459114523,6144.8931592443,0.031902885483196974,375.11427760755345,0.000634890728083354,0.968097114516803,511.3991954612934,464.8269935955949,314.85399635345794,726.1687305264775,255.69959773064667,217.17223307257532,136.1435642241876,371.7848073633384
2018-08-10,2017-08-11,2018-08-10,252,167,0.0023760101095934294,5591.914640855522,0.00016973442765535508,0.9976239898904066,4086.055290446925,3735.5416983688947,202.7957279343307,9849.090669584883,2043.0276452234627,689.9916849507615,78.77478411669394,5777.570853244681,0.08247978283887403,129.3561964778985,0.002324847558400586,0.917520217161126,417.36290520573465,411.17654793940125,327.2467011277916,513.5447404573325,208.68145260286735,201.74095912185857,148.63237678522108,274.5507324348673
2018-08-13,2017-08-14,2018-08-13,252,167,0.002022620511463069,6566.82452354338,0.0001704576310248629,0.9979773794885369,4297.8886977897255,4180.379935992162,203.2992185159523,10312.33516096782,2148.944348894863,786.1422639477298,78.35464945226056,5987.632419482219,0.03288976577324121,366.09101516420816,0.000589947177666799,0.9671102342267588,512.6570227001488,464.619968584092,315.48513456247264,722.6121032956576,256.3285113500744,217.21059916795724,135.89382769829453,364.9492933220232
2018-08-14,2017-08-15,2018-08-14,252,167,0.0024061140982557516,5521.711737668186,0.00016983243686195923,0.9975938859017442,4070.052883909493,3732.972822518507,202.1891881094512,9825.629558538129,2035.0264419547466,691.8510696690669,78.32669893656053,5792.903426828296,0.032632444861246834,368.724310904783,0.0005948474578712851,0.9673675551387532,512.7607335805009,464.8718735305689,315.45613011441714,725.1750370463297,256.38036679025043,217.55513084185066,135.87110837011681,366.4098984289054
2018-08-15,2017-08-16,2018-08-15,252,167,0.002385047508219218,5566.937898201095,0.00017127481665838899,0.9976149524917808,4010.3759981404846,3730.104317628693,202.77275403453876,9706.132696414094,2005.1879990702423,691.2170825747492,78.2459511140793,5745.390253757846,0.031933177287248316,375.26874220132873,0.000624628747267963,0.9680668227127517,512.8602898756089,465.17903244439003,315.2260741361033,726.2941836801285,256.4301449378044,218.47859206945327,135.79605984176996,371.8836181027433
2018-08-16,2017-08-17,2018-08-16,252,167,0.002637686419454166,5036.786843237801,0.00016990109775814928,0.9973623135805458,3871.6131849661965,3365.4090591626023,202.87055303107067,9402.210193555467,1935.8065924830983,652.5505983145149,78.23041273285104,5488.99636075672,0.0836468423209038,127.6451253493233,0.002306690450556897,0.9163531576790962,417.7198370012156,410.88000392086326,326.7628713892981,516.2548064635849,208.85991850060776,202.40284015091203,148.76785735833363,275.83024206766953
2018-08-17,2017-08-18,2018-08-17,252,167,0.0025748331274301206,5162.740155380907,0.00016859280396771775,0.9974251668725699,3834.865295693787,3410.873863799229,205.32880595612664,9158.055211490104,1917.4326478468936,644.3202161949977,77.87084449099305,5503.287287164184,0.08382749732389339,127.51269330807759,0.0022792706647817014,0.9161725026761066,417.91419312894857,410.59174717648784,326.6156556528307,517.1786143887681,208.95709656447428,201.14710765475195,149.07520066421577,275.3802692975869
2018-08-20,2017-08-21,2018-08-20,252,167,0.0025748771934488435,5162.63423137626,0.00016860043126174634,0.9974251228065512,3827.344765040934,3397.3568361215616,205.23628240385514,9142.903472834016,1913.672382520467,642.2481898241883,77.95165020929811,5498.694266027945,0.08406862934686854,127.14133826538794,0.0022803465423432237,0.9159313706531315,417.9184459352192,410.4076376039581,326.54214000165507,517.1436044978692,208.9592229676096,201.09784428917152,149.27097695350943,274.41569183256127
2018-08-21,2017-08-22,2018-08-21,252,167,0.0025787174604456897,5153.106599620628,0.00016940203243185234,0.9974212825395543,3838.6154782720214,3460.2433261715346,205.73372775022264,9136.375835174185,1919.3077391360107,635.1177233479673,77.83488846261926,5493.966573851458,0.08371720431913365,127.6596196299745,0.0022832936984327986,0.9162827956808663,417.95513982672384,410.515531745213,326.59907939358106,517.3617837439172,208.97756991336192,200.4015709703581,149.44806838432095,273.82896430724367
2018-08-22,2017-08-23,2018-08-22,252,167,0.0025086216304229803,5300.367117909883,0.00016801699630713504,0.997491378369577,3801.4439943767757,3395.568034575918,204.7674106918002,9108.526859416996,1900.7219971883878,636.0035446435793,77.74582978990055,5481.236913464492,0.08454835540173744,126.4942494281319,0.002266064684887311,0.9154516445982626,418.0546108462235,410.66827740588485,326.67085338725065,518.168498185437,209.02730542311176,200.09351086246437,149.59938302139625,273.41646606399263
2018-08-23,2017-08-24,2018-08-23,252,167,0.0025270801437391466,5262.147687658175,0.00016780654684729946,0.9974729198562609,3805.4690279113615,3399.174781028598,205.36922671420467,9117.148614848998,1902.7345139556805,633.80191666781,77.84053319179411,5475.9263831007065,0.08514847500489375,125.51956327929014,0.0022821684566536856,0.9148515249951062,417.89728275359977,410.60470613261595,326.6872188672118,517.8955616441024,208.9486413767999,199.6047698123959,149.547515210419,274.12565282565726
2018-08-24,2017-08-25,2018-08-24,252,167,0.002543430551539938,5229.020322318543,0.00016750793135951537,0.9974565694484601,3703.5659703233123,3346.963206924415,205.7042551018443,9003.209158650781,1851.7829851616564,611.8883070797021,77.70991025243086,5148.10477134766,0.08492497329264692,125.92546647221438,0.002267569579182935,0.9150750267073531,417.897792513235,410.4089644519524,326.55267018866016,517.3288490952725,208.94889625661753,199.94021024231225,149.3695834037309,272.632187325911
2018-08-27,2017-08-28,2018-08-27,252,167,0.002553277161063572,5206.969985207949,0.00016831600628979546,0.9974467228389364,4070.3981973621326,3503.8637771222056,204.72342859494697,9472.34130578659,2035.1990986810663,637.8437340718212,77.8109128672713,5945.910835024285,0.084575711289542,126.48429271087483,0.0022601392851746495,0.915424288710458,417.9265873852826,410.6306336026007,326.4134670064418,517.2016580898036,208.9632936926413,200.10749071622683,149.4075336707906,273.53457231563783
2018-08-28,2017-08-29,2018-08-28,252,167,0.0025326947513102382,5245.776152544633,0.0001698186352101933,0.9974673052486898,4001.1815443585624,3511.7633822917737,205.3045526271398,9498.09066395904,2000.5907721792812,638.6463649976752,78.9063760684029,5894.193859419734,0.08493787494926208,125.94350653925618,0.0022604223036887853,0.9150621250507379,418.0464297876323,410.65598503815494,326.40000714210544,517.7148913347872,209.0232148938162,200.20468030790403,149.59516982886706,273.796092064364
2018-08-29,2017-08-30,2018-08-29,252,167,0.002538766981699414,5231.862142151494,0.00017040907749404303,0.9974612330183006,4033.6740383578885,3504.3967542825735,205.3998796788607,9520.354064700477,2016.8370191789443,636.0659734821302,78.58308956319935,5915.112239837551,0.08502172516099626,125.78728235288638,0.0022665836911866556,0.9149782748390037,417.98957861307827,410.20460867577793,326.208218879698,517.9918065941293,208.99478930653913,199.6035706305339,149.52018377923358,273.7417847906622
2018-08-30,2017-08-31,2018-08-30,252,167,0.0015658844703730912,8481.472518387116,0.00017066023353222337,0.9984341155296269,4516.3755129796955,4142.2209885042475,208.47145129292377,11017.147184826905,2258.1877564898477,810.2568855110981,77.86285677418493,5920.707374632214,0.08507420992214187,125.6878477345875,0.0022707975698394913,0.9149257900778581,418.1208440249528,410.5862471637135,326.7989932445526,518.4366285289808,209.0604220124764,200.70772728184687,149.98836992868212,274.0812651250161
2018-08-31,2017-09-01,2018-08-31,252,167,0.0015667889139807656,8479.789988176079,0.00016980314535606648,0.9984332110860192,4521.936659452227,4141.405884395189,206.7154855257117,11022.622644227138,2260.9683297261136,808.0775232298563,78.24309355498984,6114.688404478186,0.08502735884523427,125.74870996261758,0.0022724187177282297,0.9149726411547657,418.34530180278,410.2376921096528,326.5826936705041,520.0496743020507,209.17265090139006,200.77644868500008,149.78573842030033,276.00891762913375
2018-09-04,2017-09-05,2018-09-04,252,167,0.0016041378947602158,8282.068978173142,0.00016988131548815677,0.9983958621052398,4462.544028581742,4146.850617197576,206.52696131405386,10942.379628634018,2231.2720142908706,797.6569565198257,78.37810603857746,5908.358143293625,0.08475581011803879,126.13444468632363,0.0022757244056681564,0.9152441898819612,418.30653803891784,410.50338812925935,326.4230500523249,519.3806003043567,209.1532690194589,200.50651831925268,149.6584251766332,275.0106619186595
2018-09-05,2017-09-06,2018-09-05,252,167,0.0015264644208307088,8706.074372878278,0.00016921464006698961,0.9984735355791693,4501.822282552749,4140.0095935315485,203.63161534976587,11059.519840384204,2250.9111412763746,812.0356560162058,78.32277887411537,6091.204136687675,0.0838744672282572,127.44097418932711,0.002279330254506174,0.9161255327717428,418.4448168424573,410.4709802626504,326.0758952561613,520.4705150372855,209.2224084212287,200.04461270582826,149.77593970855278,273.9701734011864
2018-09-06,2017-09-07,2018-09-06,252,167,0.0024930062022821,5326.966326625796,0.00017080467502597935,0.9975069937977179,3758.080364156397,3319.1470549862606,204.1555741947425,9067.175828374959,1879.0401820781983,610.5661777826716,78.47694495999328,5494.958416794444,0.08306354255541137,128.75659413224955,0.002265842442273339,0.9169364574445886,418.3611080050599,410.10909366684336,326.1689414493421,520.3640898086838,209.18055400253002,200.2669443019474,149.63706121125716,273.9637140182431
2018-09-07,2017-09-08,2018-09-07,252,167,0.0024875825260690654,5341.757698185141,0.00016946012280461865,0.9975124174739309,4024.9645060130697,3542.3458681466136,201.89088112881072,9380.155596769775,2012.482253006535,620.3571642664381,78.70381589525415,5965.246255441372,0.08311400969042382,128.86962731997565,0.002230116912207067,0.9168859903095762,418.58464739525874,410.1426849430471,326.0510927924373,520.4820752436665,209.29232369762943,200.35781827218312,149.97604699007243,274.7108976894287
2018-09-10,2017-09-11,2018-09-10,252,167,0.0015192120376750218,8747.717488443566,0.00016919350050251068,0.998480787962325,4648.657019621781,4305.252600452708,200.86912977835226,11024.143469224264,2324.3285098108904,834.4695735970774,78.98895668979002,6220.342948752946,0.030926732015576386,385.11862250247935,0.0006719744450564558,0.9690732679844236,509.63791549980664,463.69308943219016,315.1774188566289,720.1355941877945,254.8189577499033,220.14037455002807,136.4725345309412,371.3945885104717
2018-09-11,2017-09-12,2018-09-11,252,167,0.0015258828683589742,8716.46678618963,0.00016739786469775883,0.998474117131641,4515.952941205568,4199.336268401281,200.8455573053497,10983.765780465475,2257.976470602784,837.0094993357867,78.30968500166996,5940.197917388275,0.03087952912427172,384.3730971471745,0.0007002381531792944,0.9691204708757283,509.0642440239386,464.74936502600616,315.2927202081806,714.0760421313558,254.5321220119693,220.58704779284503,136.32321922272143,372.0513867374731
2018-09-12,2017-09-13,2018-09-12,252,167,0.001556187009243315,8542.79878380633,0.0001684246138299836,0.9984438129907567,4500.372324265867,4192.2591458704155,200.3027701291362,10932.754465367161,2250.1861621329335,838.4452228272501,78.67381228489849,5919.731497552657,0.08257949060975267,126.9852519676654,0.0027914133441435084,0.9174205093902473,417.8310397436126,410.2495928018445,325.30682756107404,520.963782969717,208.91551987180634,200.53107161531426,148.55551118505988,276.1999146019268
2018-09-13,2017-09-14,2018-09-13,252,167,0.0015639650637300218,8504.517923802136,0.00016732061585352314,0.99843603493627,4525.722322756241,4199.879640724746,199.53134313998103,10938.588830700539,2262.8611613781204,834.0457768897002,78.0363396677207,5982.667754706326,0.031463255243420196,376.9613269052234,0.000706448495562031,0.9685367447565798,507.44261167078014,464.0714629486256,315.8905887097909,709.4802370269662,253.72130583539007,221.18420902050622,136.27344877336634,368.2674136177915
2018-09-14,2017-09-15,2018-09-14,252,167,0.00153920920136974,8629.122543193327,0.00017048646778129663,0.9984607907986303,4580.41252763661,4237.940098143458,200.70611149361844,10981.69983055453,2290.2062638183056,831.4121627509589,77.81352098924773,6571.335242705818,0.08375667902046435,125.55194916568936,0.0027104404742455167,0.9162433209795356,417.1841844238618,410.0248860233366,325.3794616491169,518.2865065220813,208.59209221193083,200.34921166574918,149.17681913823586,273.94326190795704
2018-09-17,2017-09-18,2018-09-17,252,167,0.0015721990291778232,8450.603385382992,0.00016980492963879134,0.9984278009708222,4438.475934890654,4165.9782158692915,198.05180624776582,10787.91017170483,2219.237967445327,833.6024205315089,78.1004575018496,5888.544408858201,-6.661338147750939e-16,,0.00017470348197041124,1.0000000000000007,790.3675238201236,366.9221201482566,67.3270744326762,1936.0664550098252,395.1837619100618,126.43167704006416,0.0,1049.488915721392
2018-09-18,2017-09-19,2018-09-18,252,167,0.0015637335669465013,8495.911229371213,0.00016992194300099274,0.9984362664330535,4398.210429704074,4143.53941574556,199.1727276136093,10735.719619611047,2199.105214852037,831.5894670964813,78.93997267767786,5850.236404565892,0.083019737011648,125.99329607004427,0.002866223071175982,0.916980262988352,416.4499522260713,409.51520110512627,325.8456209662629,517.6153902785795,208.22497611303564,200.45920724055836,149.29540366146765,272.6329901175185
2018-09-19,2017-09-20,2018-09-19,252,167,0.0014985104888324274,8870.038365694623,0.00016882036432363623,0.9985014895111676,4584.56934585149,4208.199587258846,198.50710244752375,10959.624554714264,2292.284672925745,830.3973185241913,79.60847137210509,5998.45298425647,0.03153423032100833,373.27994122144906,0.0007724637663439596,0.9684657696789917,501.94226842700255,462.03068990630527,316.3751954476727,699.3253287978151,250.97113421350127,220.11291414862342,137.24033294706504,367.22354746643776
2018-09-20,2017-09-21,2018-09-20,252,167,0.0015104105238010757,8795.986776077083,0.00016988636122564505,0.9984895894761989,4438.43599225436,4139.598071815467,198.3877195513441,10780.707071849205,2219.2179961271795,837.1153407897918,79.58458833080552,5795.739696655119,0.08363950146904975,125.02773895462519,0.002873893437924157,0.9163604985309503,415.7447526296041,409.010432817658,326.2078997228668,514.8808101495326,207.87237631480204,201.66830407716327,148.87634103221248,272.1809488043197
2018-09-21,2017-09-22,2018-09-21,252,167,0.0015128488931522854,8782.304310192296,0.0001697592724247529,0.9984871511068477,4485.067282729918,4158.862364226809,199.33605971271987,10827.103107387775,2242.533641364959,835.1476922450465,79.40657511950586,5789.471176611934,0.08321906853235372,125.71569939869684,0.00286045888458652,0.9167809314676463,415.6308596722114,409.1179386425228,326.3386839974071,514.3564652144901,207.8154298361057,202.16193478157203,148.50973715642203,272.3622005845484
2018-09-24,2017-09-25,2018-09-24,252,167,0.0015009626948758736,8845.225818528403,0.000171456015202348,0.9984990373051241,4530.678985044129,4159.516689683944,199.30613696213078,10920.443115733384,2265.3394925220646,840.6214666968835,79.28615677139256,6441.927765424678,0.08346587412545081,125.3533819723721,0.0028582108840437682,0.9165341258745492,415.35334973919606,408.0448120912206,326.1315194303157,514.4896857490043,207.67667486959797,200.0047294706083,149.52703760914747,272.59609232783134
2018-09-25,2017-09-26,2018-09-25,252,167,0.0014924118539464404,8909.05249896888,0.00016812456904640369,0.9985075881460536,4554.536426510026,4165.043967567115,198.28455636148746,10929.308880789722,2277.268213255013,844.7594996895384,78.22496234761151,6416.929544847731,0.08237742289602146,127.6570196483885,0.0027097846634398645,0.9176225771039785,415.7325036542833,408.53173098948866,326.76376543797045,514.5661613823809,207.86625182714158,199.51195477058755,149.37681421491686,272.5077992672224
2018-09-26,2017-09-27,2018-09-26,252,167,0.0014457403460802487,9194.943171713674,0.00016854123209032146,0.9985542596539198,4612.237782311972,4246.365716766413,199.23230219838766,11020.974862214922,2306.118891155986,814.6884149300033,78.74485238270094,6442.368395960829,0.08151399336042886,128.85773104649962,0.0027434526873486385,0.9184860066395711,415.6303507904421,408.36479068294585,327.0095056572285,513.5230520285104,207.81517539522102,199.94341446715566,149.3537248297505,272.9834621216561
2018-09-27,2017-09-28,2018-09-27,252,167,0.0014953114165823234,8898.081884315157,0.00016654696082530666,0.9985046885834177,4494.834436037589,4140.07977170683,199.11712096377465,10988.177724884255,2247.4172180187948,813.5980627383416,78.8273965257711,6036.1956042626325,0.08103814085456817,129.77576982515626,0.00270780501834419,0.9189618591454318,415.3382893176413,407.7769863570222,326.9125627633783,513.0394460732512,207.6691446588206,199.6637493012267,150.09585382152113,274.72184973071415
2018-09-28,2017-09-29,2018-09-28,252,167,0.001444175976482609,9211.31489143936,0.0001669878517767722,0.9985558240235174,4604.714418551115,4272.184862197038,198.49713299117002,11014.894205903065,2302.357209275558,818.1629916234592,79.08625564937454,6437.234479656054,0.08155378191071927,129.02418259759807,0.00269262193571578,0.9184462180892807,415.5374337371679,407.3860549349652,326.4757336778076,516.5912696222282,207.76871686858394,200.87641638731256,149.4836221330623,275.44610265629973
2018-10-01,2017-10-02,2018-10-01,252,167,0.0014263881155565095,9324.56634163657,0.0001673738831961117,0.9985736118844435,4649.251787993622,4288.1944528260165,196.63456225757335,11002.256028935439,2324.625893996811,851.3196809085752,79.19518851094548,6529.608215182034,0.03288403459471556,362.7646334361032,0.0006595224340277791,0.9671159654052844,500.1064399395086,456.1102667834645,317.0850490561989,688.7886410156879,250.0532199697543,218.56034342303482,136.97700691106968,364.5378118249301
2018-10-02,2017-10-03,2018-10-02,252,167,0.001431358100271396,9290.457032309236,0.00016778943254047834,0.9985686418997286,4724.274670074914,4286.615486612749,197.7113271205284,11081.389063472163,2362.137335037457,852.505109311984,78.98931012369822,6758.649427102984,0.03335980799846927,357.49364774048917,0.0006616662631851404,0.9666401920015307,499.6538974216043,456.2438255582905,317.1024919985169,686.2751752502703,249.82694871080218,217.74986311733957,137.201654328115,368.3417657536557
2018-10-03,2017-10-04,2018-10-03,252,167,0.0014091716889806927,9433.794825443134,0.00016848456720084144,0.9985908283110193,4841.000488685969,4361.671011501064,197.31191922715053,11266.54001627175,2420.5002443429844,825.3676957075754,79.32185380459663,7136.332307780801,0.08391013397414959,125.69933465439861,0.002626041170166636,0.9160898660258504,414.9398212936124,406.14800889659426,327.38187829268156,514.8825854223841,207.4699106468062,199.65776019987686,149.79496467598824,275.50414309922934
2018-10-04,2017-10-05,2018-10-04,252,167,0.0014507740682782044,9157.293796124502,0.0001699520551817358,0.9985492259317218,4705.565480720545,4351.352341249868,199.62609635774677,11152.332979107327,2352.7827403602723,794.8097681403926,80.52328149505959,7041.509594266955,0.08327132041279439,127.71050993212457,0.0024068110904801967,0.9167286795872056,415.4966675001807,406.3472353321513,327.4585984483643,514.9924182574728,207.74833375009035,199.66281389124202,149.84786850374022,275.359133336539
2018-10-05,2017-10-06,2018-10-05,252,167,0.001459434746405086,9102.620191048416,0.00017003436332136673,0.9985405652535949,4555.83206752995,4268.63032111976,200.27901702954904,10881.374943417988,2277.916033764975,806.9591988230331,80.08808232884613,6415.820530800993,0.08443964296721895,125.78212161179347,0.002439829169638951,0.915560357032781,415.2723089461131,406.2175384657097,327.7496391945619,514.033849251363,207.63615447305656,199.88772494948986,150.13222676174883,275.6226398159299
2018-10-08,2017-10-09,2018-10-08,252,167,0.0014370876510899633,9246.811489641907,0.00016938972755891685,0.99856291234891,4562.318235886724,4267.536174218896,201.22501026441165,10800.179203307447,2281.159117943362,822.8543160893313,81.39552982804312,6420.015411842124,0.08402970793697984,125.8893139715394,0.0025458973458723686,0.9159702920630202,414.9534908081199,406.2866243115995,327.65733562920593,512.6203058076296,207.47674540405995,200.73314242731124,150.10896573592495,272.5014919145735
2018-10-09,2017-10-10,2018-10-09,252,167,0.0014064025255505763,9453.985265533236,0.00016810217683746974,0.9985935974744494,4510.532476519041,4243.78151461282,203.55953329695384,10802.261221698556,2255.2662382595204,786.3299309344316,80.96319350556271,6463.121270430376,0.08452001133104292,125.04262537168137,0.0025710679354810804,0.9154799886689571,415.4730975402707,406.90336081283516,329.2027823149574,513.1590054199256,207.73654877013536,201.74820399545695,150.59799785175784,269.16760569507096
2018-10-10,2017-10-11,2018-10-10,252,167,0.0014858131934080143,8952.756661068088,0.00016709404198269972,0.998514186806592,4611.965076271049,4302.577067965471,202.88110525360193,11015.626323645567,2305.9825381355245,932.7501024547457,79.87559834999472,6539.76901509515,-4.440892098500626e-16,,9.564216135764603e-05,1.0000000000000004,1009.8123734017231,381.4474142030487,75.31437257137702,2538.1494022946104,504.90618670086155,130.52669549780313,0.0,1069.8979057371505
2018-10-11,2017-10-12,2018-10-11,252,167,0.003073522820516761,4333.867367362981,0.00016409417310499244,0.9969264771794832,3769.18502820508,2847.741276167803,201.98347440496565,8822.431721660161,1884.59251410254,545.7231361658874,80.38898135384669,5815.511389693611,0.03287205229884871,358.2991080796846,0.000767128040749042,0.9671279477011513,493.01572133619936,451.95466345865447,320.5930481557271,679.3832148773033,246.50786066809965,217.37162134996345,138.7748612978122,361.36199751219783
2018-10-12,2017-10-13,2018-10-12,252,167,0.0031387303477559136,4244.442103863623,0.0001637795806288452,0.9968612696522441,3703.0611598450087,2847.8684879729703,201.98618061271063,8631.097835976712,1851.5305799225043,548.4471893749454,80.0387100956802,5060.773165859818,0.03233755500235069,364.32240796338726,0.0007646244802729055,0.9676624449976493,493.22619761692414,452.3552135424509,321.71268834688044,681.0424817784019,246.61309880846207,216.36499847326786,139.18117648676724,364.23136200350217
2018-10-15,2017-10-16,2018-10-15,252,167,0.003100091448144937,4294.934342871988,0.00016500759733100841,0.9968999085518551,3818.8429899271296,2880.7858583596976,201.81205245416265,8780.656712596361,1909.4214949635643,554.0459128477769,80.53738850472766,5844.488060748566,-4.440892098500626e-16,,4.130006692669558e-05,1.0000000000000004,1291.5447182982066,389.60695237815105,81.05406677661028,2823.8844137294336,645.7723591491033,133.67414395451297,0.0,1196.074296892055
2018-10-16,2017-10-17,2018-10-16,252,167,0.00312186538484438,4271.2447977160255,0.00016181107642103835,0.9968781346151556,3778.194995539614,2849.1396144117666,202.32484482550535,8752.619998402051,1889.0974977698065,548.3400121525071,80.23314703325583,5840.827033155323,-8.881784197001252e-16,,2.42393876704566e-05,1.0000000000000009,2957.993291404821,503.9696016768523,124.5969178884599,6490.832026532811,1478.9966457024107,166.9124367263322,0.0,1473.6479151320425
2018-10-17,2017-10-18,2018-10-17,252,167,0.00311258681474913,4283.6406275448635,0.0001619807348582271,0.9968874131852509,3780.000640601914,2837.2900553287755,203.43344594934626,8739.28138322886,1890.0003203009571,547.1404128862976,80.42968641941533,5827.601022268707,0.08242309016018678,127.60363249006542,0.002705914031003192,0.9175769098398132,416.4514562735487,407.43016439167985,330.62078587482466,516.2180160497328,208.22572813677434,202.0146217018871,151.33704269813097,265.33806802878627
2018-10-18,2017-10-19,2018-10-18,252,167,0.0014151289029743497,9427.01086747524,0.00016081348203554973,0.9985848710970257,4669.602612052682,4382.164642325023,203.20229359688582,11101.1215007162,2334.801306026341,970.255640646661,80.39290719413326,5990.39178835326,0.08230823122293285,127.72811193822285,0.002717875459096003,0.9176917687770672,416.24169428435755,407.5728051902602,330.4956642166334,515.243169725545,208.12084714217875,202.63265590714218,151.48134958478258,264.0315535193937
2018-10-19,2017-10-20,2018-10-19,252,167,0.0013840502257229659,9640.022832443668,0.00016051782036756405,0.998615949774277,4545.063071662766,4299.489387551046,201.6936216753997,10877.984974088196,2272.531535831383,975.6577322095095,81.90658196975761,5555.69914835683,0.08155945605177262,129.00273999738,0.0026953610389288817,0.9184405439482274,416.0604341128694,407.18948922077607,329.9076430389698,515.2324863620379,208.03021705643474,201.25761905198334,151.495607573493,268.1679610193835
2018-10-22,2017-10-23,2018-10-22,252,167,0.0030867958361845416,4321.012972843643,0.0001611919500675223,0.9969132041638155,3607.3972066551105,2762.726203014869,201.20723808997326,8586.952133875933,1803.698603327555,546.6497882436987,80.91333241095232,4825.9155128114635,0.08229692998980331,127.84801017993202,0.0026950768557468838,0.9177030700101967,416.04777999802826,407.5798462721157,329.5783395869642,514.4658431576876,208.02388999901413,201.17312847795068,151.4358024681174,267.5831000180443
2018-10-23,2017-10-24,2018-10-23,252,167,0.00146858937047889,9065.62538316147,0.00016517403399035982,0.9985314106295211,4368.848889025445,4134.132765707598,201.47369900684615,10533.616486494857,2184.4244445127224,923.846337101756,81.82790836366357,5340.549170854858,0.08287795007522436,126.8780471615972,0.002711584110327454,0.9171220499247756,416.1099291085204,407.4286464638907,329.52615334511705,517.2602197580096,208.0549645542602,200.5135013804317,150.9949494933314,265.914151844087
2018-10-24,2017-10-25,2018-10-24,252,167,0.0014110757896399484,9438.021547983124,0.0001645010635432817,0.99858892421036,4520.512486670831,4192.963916550398,201.05919080640183,11101.388147562458,2260.2562433354155,842.9999742388331,82.3712808409695,6124.77076266056,0.0837664460111589,125.5328226831989,0.0027114595006624354,0.9162335539888411,416.3311076806307,407.52889440831757,329.81985083709566,517.5712530946336,208.16555384031534,201.65703704761964,151.45490889666127,270.7063018912923
2018-10-25,2017-10-26,2018-10-25,252,167,0.0015076237547876348,8839.503717557645,0.00016304642216682875,0.9984923762452124,4505.967188211211,4218.8275074858675,200.8810480816882,10935.046420518718,2252.9835941056053,966.1193103048345,82.2663997837554,5986.303959648772,0.03512682820266666,333.52834364913105,0.0008163865172111939,0.9648731717973333,486.3287011611453,451.43542025506423,320.5255964942672,669.4557911327712,243.16435058057266,213.90738453442256,141.1529965303239,346.196713554534
2018-10-26,2017-10-27,2018-10-26,252,167,0.0014262921867145284,9327.717935004093,0.00016677232074503511,0.9985737078132855,4596.956826872437,4230.2140134982055,200.79962388404113,11074.660113888389,2298.4784134362185,975.9427614161061,83.26465773129544,6020.116300178319,0.03749238440106584,311.1533110968516,0.0008581691260271321,0.9625076155989342,482.30837543859695,448.16148880370827,321.2540838586522,662.6170446878036,241.1541877192985,212.23037068923273,141.63271059252227,340.0245682326436
2018-10-29,2017-10-30,2018-10-29,252,167,0.001417647387630061,9352.379701644595,0.00017456620915843617,0.9985823526123699,4366.573689045979,4197.901361473748,204.36526028336905,9685.847157306676,2183.2868445229897,965.4860473968226,83.29444035791887,5758.261871264802,0.08658086733105963,121.55591456772346,0.0026872247039747134,0.9134191326689404,416.4455412177071,405.51606539774906,331.2544529592466,522.2400454888635,208.22277060885355,196.61216407643067,150.50396596907242,273.17590586534465
2018-10-30,2017-10-31,2018-10-30,252,167,0.0014511962069878592,9162.849883991894,0.00016793680486252674,0.9985488037930121,4292.4260585677675,4206.036905461183,201.36673706853261,9695.072423262942,2146.2130292838838,895.1423069190773,83.16233261228473,5670.985011210217,0.03647502803901148,319.60490182173874,0.0008653058156889378,0.9635249719609885,479.94524193468396,446.48684007065737,321.31525479072576,651.562734002405,239.972620967342,212.8754388731066,142.64891259149283,343.03679064098856
2018-10-31,2017-11-01,2018-10-31,252,167,0.0014369734171747472,9203.171145504513,0.0001805429056851816,0.9985630265828253,4146.064155031921,4061.5004291106684,202.94360405931886,9600.333812412087,2073.0320775159607,858.3051303800858,83.01789925508557,5576.372746611682,0.08824715741467759,120.10914002858476,0.002493370171627783,0.9117528425853224,415.4648176203812,404.013344762363,330.57577515403926,517.8597561666552,207.73240881019063,196.54094533534823,150.9072350538994,271.2564373421881
2018-11-01,2017-11-02,2018-11-01,252,167,0.0014699202128716227,8983.906129239615,0.00018402204018355805,0.9985300797871284,4143.639144324361,3969.24478126982,203.35366832627943,9580.834382956253,2071.8195721621805,806.6881204266228,82.79535519456712,5475.852309302559,0.03617937450523523,316.45187380086674,0.0010659800490389864,0.9638206254947648,473.8795292465046,443.3473795004057,321.04121049763836,647.8499524303768,236.9397646232523,209.9589046513929,143.75282576211015,337.8747312355368
2018-11-02,2017-11-03,2018-11-02,252,167,0.0014344604396867577,9209.714174886753,0.0001830409867829262,0.9985655395603132,4021.583680577178,4010.37930558475,204.31743764705024,9573.099571703751,2010.7918402885891,811.7861288832403,81.43741899425487,5134.011570796717,0.03622674260277292,315.9488037832792,0.0010694339338054545,0.9637732573972271,475.19661700809354,443.714870607209,320.8278952155918,652.4723544763177,237.5983085040468,210.26664887573077,143.02413560984144,343.7850346784937
2018-11-05,2017-11-06,2018-11-05,252,167,0.001386859856872813,9527.350105683396,0.00018265175103117018,0.9986131401431272,3962.607461319476,4006.7829513421884,204.63493026992373,9385.697058415471,1981.3037306597378,814.5154957437892,81.2539986047278,5148.777393482927,0.0,,5.5321937135399746e-05,1.0,2876.210917074965,794.843687269881,127.5623549150988,10051.838986160237,1438.1054585374825,183.72199268693623,0.0,6848.585957197332
2018-11-06,2017-11-07,2018-11-06,252,167,0.0009401058725547751,14060.186622724603,0.00018174720367040043,0.9990598941274452,4707.091146365887,4011.9311232808536,205.82245275757478,11677.49346401062,2353.5455731829434,792.79569859394,80.29701893146743,6988.57664600284,0.0861306675763337,124.24536967263344,0.002251482373162082,0.9138693324236663,414.32013767403737,402.3024287527032,330.19869574598675,514.3768563542076,207.16006883701866,196.33444067486255,151.49681886414757,269.9192378839086
2018-11-07,2017-11-08,2018-11-07,252,167,0.0012778261532707669,10326.552222431115,0.00018588760948753206,0.9987221738467292,4253.533171868703,3859.060901487122,207.1210850389909,10031.983642282425,2126.7665859343515,797.4154624729995,80.48422195150135,5490.450593727255,0.08566829673806486,124.38958966440586,0.0023553308041893845,0.9143317032619351,414.4245312836251,402.64551039745544,329.9030350239831,515.2249421782479,207.21226564181254,196.95045182952947,151.67734949612796,268.91987288442044
2018-11-08,2017-11-09,2018-11-08,252,167,0.0009643260680665122,13688.708343041393,0.00018499012598465197,0.9990356739319335,4809.5877310833885,3882.3188333909666,205.36337151929112,11691.521059474966,2404.7938655416942,806.5390272575787,81.16043705225978,6972.7632086522535,0.08550736396145087,124.81806162682203,0.0023165106897645327,0.9144926360385491,414.075222378355,402.5551009505704,329.56022791169704,512.580970357351,207.0376111891775,196.74578402351895,152.09251277250436,267.86822025298386
2018-11-09,2017-11-10,2018-11-09,252,167,0.000994102244883277,13275.58157126574,0.00018556315861853101,0.9990058977551167,4830.443360702518,3916.607175712988,204.4472286095417,11760.460189410043,2415.2216803512583,788.4595083181318,80.17038694349684,6996.803892836984,0.03784964459821927,301.52473724085786,0.0011055260917848845,0.9621503554017807,475.11020365920535,443.1229171666832,318.78768474816053,657.2574301298429,237.55510182960268,208.777578208965,142.5602487014237,343.0463001635562
2018-11-12,2017-11-13,2018-11-12,252,167,0.0010147566452828327,12996.080182194442,0.00018732068037120687,0.9989852433547172,5031.269302821739,4013.271414280342,203.08553724309468,12509.992815922156,2515.6346514108695,846.5708421129426,79.58022037086224,7056.833910903622,0.08699584353813661,122.78667369504318,0.0022956022138224935,0.9130041564618634,413.7396786643433,402.07056225336964,329.5738733538761,512.069367441996,206.86983933217164,196.74400160902394,151.7721941594362,269.1436902459979
2018-11-13,2017-11-14,2018-11-13,252,167,0.0010371105275694958,12714.943948429816,0.00018751868946313474,0.9989628894724305,5046.3994495875795,4007.4904527194776,202.98677081475452,12642.215714905717,2523.1997247937898,817.1736056264676,79.7204160667544,7100.565886377611,0.08672136787891871,122.88590693098513,0.002353942360745518,0.9132786321210813,413.71082392361296,402.2409328260939,329.8232395243724,511.68738275289763,206.85541196180648,196.16859863155042,152.25376576241158,270.5111536973718
2018-11-14,2017-11-15,2018-11-14,252,167,0.0010174144276351438,12963.470149817127,0.00018706556704539725,0.9989825855723649,5001.407518361626,3950.7085587673237,201.63058007124573,12487.940550403195,2500.7037591808125,835.8540016982449,79.33853961098607,7046.186931104567,0.08703289056990626,122.34190108429436,0.0023753770333863784,0.9129671094300937,413.33530579409194,401.6521963403235,329.88398247745585,511.38635806861043,206.66765289704597,195.0590669513353,152.3045233065828,268.9297289160548
2018-11-15,2017-11-16,2018-11-15,252,167,0.0010335308654066955,12772.426383077272,0.00018493119757549825,0.9989664691345933,5071.833091195689,3955.837691030774,201.92625274073177,12673.911061507371,2535.916545597844,890.5640202620664,78.89021481205138,7133.909251451632,0.08725210663372618,122.44714462458225,0.002291379745748424,0.9127478933662738,413.17451484167617,401.9467234437174,329.40337275782804,510.89763931454655,206.58725742083809,195.6753075276711,152.84640553422608,267.60532202625404
2018-11-16,2017-11-17,2018-11-16,252,167,0.0010423034049674706,12652.772082053641,0.00018728908280729443,0.9989576965950325,4935.793879500927,3886.677577074449,201.6430260800759,12475.50891377656,2467.8969397504634,914.9597627948278,80.03603606648231,7038.9875051533445,0.08878783814768698,120.30741647099794,0.002295819920117719,0.911212161852313,412.85212017204907,402.2229649348749,329.0620104226791,508.71983586976904,206.4260600860245,194.65273319523206,152.72708727630842,267.2151845689094
2018-11-19,2017-11-20,2018-11-19,252,167,0.0010497820422166182,12558.572838831842,0.00018808923451186195,0.9989502179577834,5055.593647781545,3940.5274815656926,201.5074015803545,12627.469066071586,2527.7968238907724,895.0535979010898,80.54259697198285,7163.065856794443,0.03902127598242422,288.96689863768916,0.001267527767376649,0.9609787240175758,472.75843358408446,441.6235736529679,318.29888947152176,652.0046621818502,236.37921679204223,206.31776924471825,142.45551851302926,336.7509512700148
2018-11-20,2017-11-21,2018-11-20,252,167,0.0010596210281667018,12425.560178024207,0.000191386681616535,0.9989403789718333,5007.6209551149,3942.0025230251194,202.34149367235912,12629.227556503964,2503.81047755745,855.2358277306826,80.94176959897038,7106.753152555923,0.08792225593945913,121.15148529345836,0.002365557130978219,0.9120777440605409,413.0724555425687,402.6905610286674,328.51778007627075,507.3855097754814,206.53622777128436,196.37866704197017,152.61956552550006,266.2167908720925
2018-11-21,2017-11-22,2018-11-21,252,167,0.0010629937055266492,12397.39578798409,0.00018910965961431585,0.9989370062944734,5030.916268935327,3948.6342802107692,202.40286038378576,12672.93864329696,2515.458134467664,961.2535615225693,80.3551831405763,7176.424742030787,-4.440892098500626e-16,,5.526988006487616e-05,1.0000000000000004,2364.8480993479916,678.2692307768293,115.78476939074102,5316.931953253334,1182.4240496739958,175.7176698086821,0.0,2438.675888039027
2018-11-23,2017-11-24,2018-11-23,252,167,0.0010533921425498471,12512.69421992162,0.00018865255134772034,0.9989466078574502,5089.8462900785635,3958.993956467608,203.11582175422575,12730.894506068438,2544.923145039283,978.3275144841336,79.84444733301011,7198.4155171389375,0.08794236219609053,121.45535533233831,0.0022975759116446405,0.9120576378039095,412.7925062024098,402.0100658807976,329.3015007261528,506.6384923983611,206.3962531012049,196.22833669330146,153.21205719049067,264.2271878999279
2018-11-26,2017-11-27,2018-11-26,252,167,0.0010913602787088195,12090.176194612508,0.000186036461218995,0.9989086397212912,5047.683658833136,3961.563248416776,202.32300845088517,12738.268899600342,2523.8418294165676,978.0831191951069,79.796172222927,7184.770186578223,6.661338147750939e-16,,0.00012295290156219443,0.9999999999999993,2319.5318189385016,651.9797626438498,118.05248463818943,5863.378663451814,1159.7659094692508,172.96555645631867,7.976816188112732e-27,2423.756571568514
2018-11-27,2017-11-28,2018-11-27,252,167,0.0010563959264852096,12503.151413412124,0.00018353447464912115,0.9989436040735148,5212.373098429249,3988.619774992021,202.90241791288227,12843.608190771025,2606.1865492146244,976.3248377814867,79.85871486610992,7249.764249385026,-8.881784197001252e-16,,9.348183323511766e-05,1.0000000000000009,2239.318984744156,653.7392189846571,118.55778886904135,6235.728291920865,1119.659492372078,174.76836744453098,6.6588173592122626e-37,2256.4767756983556
2018-11-28,2017-11-29,2018-11-28,252,167,0.001080230395049675,12237.330434176934,0.00018155242494825643,0.9989197696049503,5279.824176579147,4011.2763471926933,203.85474882596435,12907.956084482723,2639.9120882895736,974.2632409888708,80.113112925936,7242.499639163338,0.040048137424641306,278.8697508317864,0.0014115824218278608,0.9599518625753587,469.7294492438233,439.76647223430405,318.93562356646106,646.3246643621123,234.86472462191165,206.37119379417237,142.79909027656487,344.44549838846973
2018-11-29,2017-11-30,2018-11-29,252,167,0.0010962548560770058,12059.844054018542,0.00018127552949516465,0.998903745143923,5295.39215137721,3987.3593594766444,204.26791753330255,12948.085784184712,2647.696075688605,982.3856631515141,79.37671127021417,7253.825680546195,0.04001335502552883,281.1181025988218,0.0013027104058256763,0.9599866449744712,469.9706571118305,439.5855466029276,318.207050029471,646.8214126178118,234.98532855591526,206.46469533538004,142.22019321799223,348.47169613799406
2018-11-30,2017-12-01,2018-11-30,252,167,0.0010506971387174158,12581.038079065025,0.00018160246360534294,0.9989493028612826,5330.802187422422,3995.604333135944,203.09568360494592,13066.758029315792,2665.401093711211,1210.330263723191,79.68415859935577,7296.6237323668465,0.0865440520217301,123.64742430067406,0.002252355018988268,0.9134559479782699,412.86434395355934,401.80820283745635,330.4316529508203,508.1036016770755,206.43217197677964,196.1372985279845,152.02246585985446,266.0137253206396
2018-12-03,2017-12-04,2018-12-03,252,167,0.0010581632641731842,12487.763187724477,0.0001824704946877269,0.9989418367358268,5365.991852002459,4039.188111276768,203.2411320530355,12906.221069809651,2682.9959260012297,1207.1363618899843,79.71848080430978,7244.123909865018,0.08620492330183571,124.10629731781148,0.0022577113505061913,0.9137950766981643,413.3573532923045,402.3121317837227,330.1549049791459,510.28033613793457,206.67867664615224,195.65893294884836,151.69967179469498,266.2422447606992
2018-12-04,2017-12-05,2018-12-04,252,167,0.0011489392230873419,11514.837159569523,0.00017961805573475865,0.9988510607769127,5443.6932853751605,4195.615077713878,204.7971747763242,12854.851693628594,2721.8466426875802,978.402830839745,75.20123914372049,7289.169470400273,0.0838195017341411,127.70833236519503,0.002244486307652767,0.9161804982658589,413.3212426320291,401.53943014105204,330.7461645524615,511.7004586605183,206.66062131601453,195.98136700775927,151.02916083810112,270.68663908245264
2018-12-06,2017-12-06,2018-12-06,252,167,0.0011641418718009167,11363.949200542349,0.0001797256731994451,0.9988358581281991,5538.890091288526,4226.335824392266,203.85567295330026,12932.420364233933,2769.445045644263,959.0967941374249,75.61134566944287,7313.912346907233,0.082049140417909,130.47968824062573,0.0022415760289722893,0.917950859582091,414.4039802729509,402.5945900161792,330.3574740820679,514.3579715850119,207.20199013647544,195.31751903679557,150.90287306133789,273.7894711334495
2018-12-07,2017-12-07,2018-12-07,252,167,0.0011993807481794905,11047.009404023916,0.00017611027120983784,0.9988006192518205,5605.639757513383,4263.160505957996,203.74152433405627,13251.002037491726,2802.8198787566917,991.0088923950908,75.05244657485889,7280.476518400806,0.03871867195755052,291.3359652512049,0.0012621085781316503,0.9612813280424495,465.99790449643,437.0023032252277,317.61262393352297,634.7932850107088,232.998952248215,205.65633248421167,141.17411612542168,339.44122332262094
2018-12-10,2017-12-08,2018-12-10,252,167,0.0011982292158146945,11054.006235878547,0.00017687575206125236,0.9988017707841853,5481.820888767894,4247.199867898212,202.86870894974388,12874.553094606636,2740.9104443839465,1239.8397259437315,74.82834091714902,7283.491881039497,0.039013042085811134,289.49576073516124,0.001244601212978406,0.9609869579141889,465.52891108135026,436.7624086918263,317.7411789346661,633.5699209839862,232.76445554067513,205.78210634886563,141.21098443734854,336.68978729247084
2018-12-11,2017-12-11,2018-12-11,252,167,0.0011952007457711744,11082.390944133878,0.00017679640611548643,0.9988047992542288,5487.009197433241,4248.668553793682,203.52436083270663,12876.401109507111,2743.5045987166204,1238.3202429418313,74.94674858587689,7295.156202342453,0.08170093757477692,130.65623031944423,0.0023121757119152916,0.9182990624252231,414.15878508615566,402.29919151280893,330.0288552584458,513.9712728525494,207.07939254307783,195.0272922551475,151.9594574462389,271.3373036363789
2018-12-12,2017-12-12,2018-12-12,252,167,0.001185284319204838,11174.778320965153,0.00017686579586341996,0.9988147156807952,5487.9281411786005,4212.855617101024,203.6391352164035,13013.803078415553,2743.9640705893003,971.5929615089931,74.88195767132324,7333.860518590344,-2.220446049250313e-16,,4.1006425232946227e-05,1.0000000000000002,1899.1484761307954,510.6733189258532,137.57191946209423,4258.243557343369,949.5742380653977,189.3674476291496,5.127020590385908e-24,2790.8509090615407
2018-12-13,2017-12-13,2018-12-13,252,167,0.0011447817779495217,11570.229279065452,0.0001768484407078172,0.9988552182220505,5507.090666065608,4239.8974148005955,203.1614441282674,13072.902151927576,2753.545333032804,1226.8815360089318,75.77300016479242,7330.295544851414,0.08054180343220907,132.92047908847124,0.002241780387713429,0.9194581965677909,414.35972219840954,402.6506969249887,330.20462718727595,514.1660248208402,207.17986109920477,194.56999634278648,151.66886561314712,275.3277961493149
2018-12-14,2017-12-14,2018-12-14,252,167,0.0011522092976498088,11515.025450212312,0.00017294287843926497,0.9988477907023502,5465.575664615951,4188.8711986054095,203.73606308735992,13182.824723393449,2732.7878323079753,1225.8806867566761,74.89748272441176,7319.15512783283,0.0793054177528476,135.00511581258527,0.0022395800188011734,0.9206945822471524,414.8813535207867,403.0648497884129,330.23947787441176,515.3769558765597,207.4406767603934,195.17645557622996,151.50073877772985,274.8054796422574
2018-12-17,2017-12-15,2018-12-17,252,167,0.0010826054717704148,12202.001387613083,0.000183227266390064,0.9989173945282296,5458.343206651583,4165.428868244808,204.75881464352614,13434.441295752164,2729.1716033257917,1226.9517457608845,75.81182579569388,7115.42828375548,0.08052955535893347,132.93739172341157,0.002242376899001849,0.9194704446410665,414.0474917110414,402.9909332671361,330.459185500532,512.9078152493842,207.0237458555207,195.15301224517384,152.0871868103558,272.2772683964509
2018-12-18,2017-12-18,2018-12-18,252,167,0.0010621961673862312,12436.438165939788,0.000183230292043785,0.9989378038326138,5717.863356975575,4180.607231146708,205.18395861950867,14089.527582039216,2858.931678487787,1245.9173148400364,77.02331409016847,7082.6221442514625,0.08169500934530494,131.2014436472085,0.0022131620838979514,0.9183049906546951,414.0002361404992,402.3214106855716,330.87260867824074,512.3611474454295,207.00011807024967,195.26315822189167,152.05692957964624,272.48952780462986
2018-12-19,2017-12-19,2018-12-19,252,167,0.001042069863691708,12673.994462080018,0.00018373473547974402,0.9989579301363083,5666.949886691522,4137.312076812481,207.4105248179246,14132.589295201447,2833.4749433457614,1245.4565402744777,75.58287046900323,7291.5724224265205,0.08173034580714678,130.91230224893553,0.0022556038769379018,0.9182696541928532,413.72115285959393,403.25591237828843,330.30193037854906,510.7863720176167,206.86057642979694,195.7852173692849,152.5536379565206,269.2194575017975
2018-12-20,2017-12-20,2018-12-20,252,167,0.0011025850536009463,11978.023764118167,0.00018380782270129242,0.998897414946399,5455.74323481914,4127.75690295652,209.98999543554632,13183.482817124657,2727.87161740957,1239.9067918427222,75.41313458431486,7206.056592548598,0.08252237184111466,129.62331678696577,0.002261666470306324,0.9174776281588853,413.0208734661604,402.52336745649114,331.0373198200909,508.16500856141334,206.51043673308018,196.48981109453825,151.99336847225968,269.16085614149387
2018-12-21,2017-12-21,2018-12-21,252,167,0.0010997243875809914,12012.450703935781,0.00018314821630990437,0.998900275612419,5465.510729010001,4137.799883684169,209.73057321251812,13224.892635568887,2732.755364505,1175.1390208937237,75.34831647643523,7250.448931853473,0.08191371850395956,131.39252507085774,0.002117159121052105,0.9180862814960404,413.7130484450281,403.70324565861085,330.607013659734,507.8516136100109,206.8565242225141,196.58521851217682,152.33735780852103,270.2479635926216
2018-12-24,2017-12-22,2018-12-24,252,167,0.000998981958015066,13198.136881002169,0.00018791319367351137,0.9990010180419849,5134.335655710111,4138.000784618633,210.42636098283313,12867.481319631966,2567.1678278550553,1229.5809229901447,75.24512114304825,7115.4179695983485,0.0820913253046518,131.18500478656065,0.0021038617024583934,0.9179086746953482,413.63762828094883,403.8559965877142,330.51792569323004,506.14348947531306,206.81881414047442,196.17902208871516,153.11403251885207,270.4582713476124
2018-12-26,2017-12-26,2018-12-26,252,167,0.001061519410297751,12419.378260410314,0.00018815567086200846,0.9989384805897022,5204.548692864117,4157.167228098617,209.9712662122097,12988.176647301674,2602.2743464320583,1242.7843666264564,75.97625086515087,7101.042864570466,0.08056681240190677,132.8430817861993,0.002248316729045452,0.9194331875980932,413.5156812839247,404.15035863739985,331.33287385251606,505.2498903603794,206.75784064196242,197.4538618667309,154.18425940785428,270.35398208593074
2018-12-27,2017-12-27,2018-12-27,252,167,0.0010762332423905896,12251.47189242451,0.00018777405878751108,0.9989237667576094,5341.050191280988,4160.436502732977,210.00816747279825,13040.88963122181,2670.525095640494,1246.190401193603,75.90742022003556,7118.301558703093,0.08055372270429628,133.17116005475535,0.0021934875499177056,0.9194462772957037,413.5116809771414,404.01216819454726,331.2083102799,505.55528723741935,206.7558404885707,197.70868780540758,154.372806078623,269.5642219270222
2018-12-28,2017-12-28,2018-12-28,252,167,0.0010776473980448342,12235.45513749321,0.00018776183998111143,0.9989223526019552,5338.05815372187,4155.893309634021,210.42172594869172,13031.35926364049,2669.0290768609348,1246.3377526080867,75.68896012261293,7108.120863273804,0.08047067709742772,133.26033876681902,0.0022020214384927844,0.9195293229025723,413.6271534454977,404.05608530069657,331.2736055641962,505.55222678285685,206.81357672274885,197.7761879600072,154.2581574274517,270.4080783759863
2018-12-31,2017-12-29,2018-12-31,252,167,0.0010845400096821667,12152.955360558837,0.00018872943330031674,0.9989154599903178,5347.503458757073,4163.372527553101,209.91906943189025,13061.458125196314,2673.7517293785368,1247.940529203755,75.62649976633263,7134.0704069765525,0.03899703567999413,287.38740697658864,0.0013575322115456834,0.9610029643200059,456.8065206658378,433.77969047323086,317.7634932118321,611.0277536238373,228.4032603329189,206.62469469563933,143.26105369249996,314.30229771564336
2019-01-02,2018-01-02,2019-01-02,252,167,0.0010583264453334351,12453.14641810471,0.00018889410406121838,0.9989416735546666,5162.574515115824,4153.342380357524,209.24711099605423,12971.534234469327,2581.287257557912,1246.0878463366425,75.87909804801778,7009.532716378552,0.03898262258622964,287.3967732603763,0.001362669332355244,0.9610173774137704,457.1217853201734,433.88821646319786,318.2093079662435,613.2200756758747,228.5608926600867,207.17349019255974,143.40943855481333,313.84246513208234
2019-01-03,2018-01-03,2019-01-03,252,167,0.0010708244655160959,12340.855768085723,0.00018232493677160553,0.9989291755344839,5398.326124733945,4206.578738540261,209.1605780588805,13186.986404705027,2699.163062366972,1251.7532233877953,75.75885798466084,7219.93458597433,0.07993243610564094,134.19669546409625,0.002195163824826254,0.9200675638943591,414.2894668266184,403.84342486817104,330.443465983376,508.20352200096374,207.14473341330924,196.9209741712229,154.32061917846562,272.5109523606371
2019-01-04,2018-01-04,2019-01-04,252,167,0.0011290005541585435,11702.335946346728,0.0001828629519037651,0.9988709994458415,5447.674952367339,4196.992645408905,207.16490859402273,13255.988042626233,2723.8374761836694,1257.2029524544018,74.63776074543591,7243.879333138716,0.07923682146749733,134.85900469397535,0.002286738546143812,0.9207631785325027,413.87504124964454,403.5732353437412,331.1918060695339,506.32496697098543,206.9375206248223,197.7541847236187,154.81331287538208,270.30928553199226
2019-01-07,2018-01-05,2019-01-07,252,167,0.001133973837116553,11655.593395629714,0.00018191558799095844,0.9988660261628834,5318.20585903563,4193.108564672077,207.66967044192427,13250.413865273636,2659.102929517815,1269.7693885917313,74.40418717750322,7237.621035226461,0.08070249015444275,132.53022474398367,0.0022646184894134958,0.9192975098455572,413.9873813184231,403.6090947730114,331.0692005896658,506.55832257032097,206.99369065921155,197.87404296922574,154.66716540323492,271.98177241280894
2019-01-08,2018-01-08,2019-01-08,252,167,0.0011260571184164014,11735.677150438236,0.00018229713200240583,0.9988739428815836,5457.151858918312,4194.8407360979845,207.98120192297225,13142.887529433983,2728.5759294591558,1276.9024530311276,74.2835681242463,7150.261439478111,0.08055633794651018,132.80413191078844,0.0022585227160153492,0.9194436620534898,413.8210086718524,403.80905024770516,331.4535172226729,505.33596329637595,206.9105043359262,198.48200053306522,154.63841666570443,272.4562601618174
2019-01-09,2018-01-09,2019-01-09,252,167,0.0011364077292450592,11621.492246752987,0.00018381450596898703,0.9988635922707549,5496.460383454515,4215.730789310545,208.2336266558474,13221.989868844936,2748.2301917272575,1273.5779622912237,74.84163183828367,7195.124392838538,0.08245162489481295,130.186404460556,0.002178953853673667,0.917548375105187,413.4106923979909,402.6961503411763,331.1914198866488,506.62797958421913,206.70534619899544,197.20942564425684,154.5911755748497,272.917805017016
2019-01-10,2018-01-10,2019-01-10,252,167,0.0011446144692663918,11539.183855607958,0.00018360081906198213,0.9988553855307336,5422.102056015018,4213.524456829934,209.56506858114173,12864.896572018131,2711.051028007509,1261.9697403523378,73.8762679415846,7213.146066662206,0.08236010467523136,130.3986914658639,0.0021668523538289014,0.9176398953247686,413.3126543619116,402.29525789935525,331.73959180661564,505.3464802416466,206.65632718095574,196.17101826588603,154.86109585657525,271.74885170974824
2019-01-11,2018-01-11,2019-01-11,252,167,0.00115944899808762,11391.967168524783,0.00018351122259112232,0.9988405510019124,5421.668518839561,4210.031962040672,208.38777874933226,12855.660547208552,2710.8342594197807,1264.6680602851354,73.98618406449167,7199.727636175424,0.0402668761697752,276.26601146102274,0.0014748498552379886,0.9597331238302248,453.3281084147912,431.68570785072217,317.8642019735191,606.5725237839272,226.66405420739557,206.70533009858318,142.93392386886276,309.0728145007024
2019-01-14,2018-01-12,2019-01-14,252,167,0.0015425589053491562,8576.494094218857,0.00017963614748565864,0.9984574410946508,5000.291915917175,4309.193241306608,209.49468590223213,11469.32574600615,2500.1459579585876,1068.1174886592203,73.78169112212419,5699.5059608368765,0.04079439773720672,274.144681854521,0.001390075796979411,0.9592056022627933,453.35464965581843,431.54051686745055,318.35810388478046,605.9677167926479,226.67732482790922,206.33205910859746,142.95222538841688,309.77013222086015
2019-01-15,2018-01-16,2019-01-15,252,167,0.0015388103367269812,8607.293275356413,0.0001769184479925891,0.998461189663273,4994.323617030853,4300.525061157401,209.01750882070115,11426.664020548302,2497.1618085154264,1082.6436399104082,75.14475731039398,5697.686839019938,0.08152331120200251,131.43108012712892,0.002221602135270796,0.9184766887979975,413.55242697650107,403.45293528616315,332.0000332860898,505.29243731188717,206.77621348825053,198.0006695262797,154.63722798752556,269.96179623782996
2019-01-16,2018-01-17,2019-01-16,252,167,0.001525997965990178,8685.943244633707,0.00017520365145709681,0.9984740020340098,4933.570822726193,4267.889393626148,209.59589059924676,11354.644568235422,2466.7854113630965,1081.267862564437,74.65044619737384,5503.744767727017,0.08228381253329153,130.14095387563168,0.002235425551650204,0.9177161874667085,413.3222107138469,403.03408242914503,331.63660321476493,505.57853810883535,206.66110535692346,198.15773931826357,154.47343053904268,270.17203891802967
2019-01-17,2018-01-18,2019-01-17,252,167,0.0015035812856842856,8814.200917160857,0.00017553056664331137,0.9984964187143157,4990.880931509637,4308.0146208859605,209.67249687386624,11425.238852063765,2495.4404657548184,1079.801295481952,74.9249881448077,5675.448432630242,0.08251721688434654,129.73742422528176,0.0022419685393696583,0.9174827831156535,413.14445346915625,402.87751202402086,331.9658449183299,505.074705981311,206.5722267345781,198.68706635581242,154.54996484036698,271.2263139703236
2019-01-18,2018-01-19,2019-01-18,252,167,0.0011580664404425844,11448.327816540734,0.00017464520228690166,0.9988419335595574,5629.243888810609,4324.274061052364,209.80953061895164,13426.690321791239,2814.621944405305,1244.8451590542059,74.21436829583352,7207.853356360785,0.08311871175450813,128.7379463018233,0.002253294155090893,0.9168812882454919,412.67389094271,402.61017913310747,332.4819490700697,502.4691542611636,206.33694547135505,197.6733593514158,154.89770345548501,268.8212071416877
2019-01-22,2018-01-22,2019-01-22,252,167,0.00115905810115835,11442.320052732357,0.00017388027554188955,0.9988409418988416,5661.6561839589285,4323.321106686149,208.29952811227474,13413.854101715398,2830.8280919794656,1243.781125176095,74.33794311459879,7235.412143213276,0.08321326811877006,128.58827692050784,0.0022539285156042,0.9167867318812299,412.6210697499687,402.7983921276657,332.0095489982728,501.8967966373265,206.31053487498437,198.07719130004733,154.70558139427223,269.08742878478773
2019-01-23,2018-01-23,2019-01-23,252,167,0.001147949347531374,11551.072834733322,0.0001742749492268001,0.9988520506524686,5612.427703980696,4299.902381963405,208.4785193811694,13358.983104317676,2806.213851990348,1243.1261170510188,75.06161348034682,7224.643842447618,0.08326603640253383,128.63434583723478,0.002230115419756343,0.9167339635974662,412.6271407413568,402.7190876606649,331.68387773948587,502.47500535498546,206.3135703706784,197.32151920986917,154.2919360831535,268.726862145431
2019-01-24,2018-01-24,2019-01-24,252,167,0.0011593366846881503,11432.572923795908,0.00017529662745259135,0.9988406633153118,5587.61244872519,4307.75515514407,206.9514964357912,13345.610244881964,2793.806224362595,1251.9106910557734,74.36130643268255,7202.331207433213,0.08283873736809966,129.32133927535529,0.0022257835360207823,0.9171612626319003,412.7285434135635,403.3329433403246,332.1250388066034,501.37483152098076,206.36427170678175,198.40811228780728,153.62187109394256,267.689432062877
2019-01-25,2018-01-25,2019-01-25,252,167,0.0011792784507695941,11239.031452150079,0.00017534108689213062,0.9988207215492304,5597.182856363141,4251.531027215234,207.75562116694437,13389.238069432968,2798.5914281815703,1243.7524858392203,74.03377046364831,7168.507997101331,0.0,,4.20289083236981e-06,1.0,5315.249638767012,919.2626997030757,219.84525666140982,5507.861888750091,2657.624819383506,308.584718989683,1.520910272481378e-09,3144.1922803725747
2019-01-28,2018-01-26,2019-01-28,252,167,0.001181750234363066,11217.192182151977,0.00017499567403162985,0.9988182497656369,5613.213004806532,4246.607511116458,207.59410592220266,13407.885333082379,2806.606502403266,1244.290820644192,74.05919302231374,7152.050035117258,0.041242249983378776,273.26435878960166,0.0012749264213776517,0.9587577500166212,453.4790678050084,429.60163338054224,319.4483524865569,599.420202571213,226.7395339025042,205.28849925733704,142.59365818674786,308.9093784649815
2019-01-29,2018-01-29,2019-01-29,252,167,0.001151308891489955,11513.649710807787,0.00017502231120527793,0.99884869110851,5539.337578614085,4259.382688212062,210.44372025089933,13248.619689183653,2769.6687893070425,951.7973637643081,75.05544068559273,7148.927351908134,0.04133449231488495,273.24012613888056,0.0012444374382415055,0.958665507685115,453.70883538850836,429.7248016528126,320.6256338039958,599.021336585011,226.85441769425418,204.69493102269104,142.50112779243952,309.1074230905782
2019-01-30,2018-01-30,2019-01-30,252,167,0.0015723923832290376,8433.992933731308,0.0001740137805681015,0.998427607616771,4910.715284793227,4237.324527354622,211.49473365464246,11246.75837946515,2455.3576423966133,984.9042800454251,74.40092288980662,5679.935869513346,0.08305954353647782,129.27413851351432,0.0021716223804450364,0.9169404564635222,412.44138392647227,403.7352469577869,333.389106470038,499.54524299030857,206.22069196323613,199.54340443310923,153.53211207948468,264.6165557255095
2019-01-31,2018-01-31,2019-01-31,252,167,0.0011702045820134455,11332.39323454466,0.00017407082484055517,0.9988297954179866,5516.518734456022,4239.500002259944,210.17617472411786,13178.528835214292,2758.25936722801,1254.0469182686966,73.49167499196764,7139.024086742334,0.08285680582442978,129.57297544604126,0.0021747693182562295,0.9171431941755702,412.69095086413273,403.504125212782,334.0790309306524,500.92686466441114,206.34547543206637,199.49411409481365,154.08072724138177,267.31099753025046
2019-02-01,2018-02-01,2019-02-01,252,167,0.0015885048091349718,8331.980404437087,0.00017862520821179347,0.998411495190865,4964.7874991584,4224.1404721304725,210.26576591448597,11278.217310870668,2482.3937495792,994.9722645178617,73.96935373727963,5673.75269523249,0.08306415299513259,128.74616473142706,0.0022676279749061666,0.9169358470048674,412.5855210030388,403.83922993775747,334.77388319409624,500.41691946718237,206.2927605015194,199.79957891117726,154.34089707344634,267.6830927047204
2019-02-04,2018-02-02,2019-02-04,252,167,0.0016127428955339251,8211.042163450036,0.00017739534509275933,0.9983872571044661,4926.651898409658,4232.088404668613,212.39338366648522,11220.1914215056,2463.325949204829,997.0354875958986,74.38871702428628,5657.032497149143,0.040422023622831316,279.09811695372423,0.0012601298716363894,0.9595779763771687,453.630872135858,429.477417115921,321.1231876734118,597.7745964236915,226.81543606792897,203.91389839704777,143.53497494453708,311.4317852770566
2019-02-05,2018-02-05,2019-02-05,252,167,0.0011949676333263826,11073.242292217785,0.00017920216980803124,0.9988050323666736,5575.56776456504,4257.4149253172845,209.2291051929935,13252.106602125303,2787.78388228252,1028.8942901459136,74.77102507668016,7215.323328393625,0.08341780992642989,128.0338737251276,0.0022993353948624214,0.9165821900735701,412.4060349723255,402.8359759854705,335.5313040510061,500.61830530995945,206.20301748616274,198.47139553348302,154.26409033866358,267.6414900523138
2019-02-06,2018-02-06,2019-02-06,252,167,0.001567196056316389,8407.674707916614,0.00018946533876757927,0.9984328039436836,4925.360015774499,4226.510362311585,210.97931122393416,11215.122386579844,2462.6800078872493,1084.1142167639985,75.64428998657412,5576.8005190981585,0.08396722402088963,127.05601353611736,0.0023265458810781243,0.9160327759791104,413.3358888688744,403.7285810196424,335.249484445372,502.8430651159223,206.6679444344372,198.67588153914005,153.83181322445242,271.4958804905293
2019-02-07,2018-02-07,2019-02-07,252,167,0.0015528096320794882,8488.305701142506,0.00018866215789812733,0.9984471903679205,5034.100614286113,4221.074994442229,211.83294728598744,11601.241348649484,2517.0503071430567,1067.9225197076944,74.8500219931898,5576.551757429409,0.0835386600464254,127.49951363646662,0.0023673872934199163,0.9164613399535746,413.62243391448305,403.90104602958115,334.96826443804764,504.2024977245908,206.81121695724153,198.4003302025467,153.94948189188923,272.838998180577
2019-02-08,2018-02-08,2019-02-08,252,167,0.0015547228141912228,8475.355788785055,0.00018939821207028312,0.9984452771858088,4993.931175073492,4213.0308457777355,210.85609431365924,11574.44978556796,2496.9655875367457,1081.0196748761987,74.50289295842803,5568.995798018542,0.0841114618739498,126.77360885279501,0.002339206799484193,0.9158885381260502,413.64523199485626,404.2085788602111,334.6577287419155,504.5876985825431,206.82261599742813,198.42187809866988,153.94889423278195,272.2340026333513
2019-02-11,2018-02-09,2019-02-11,252,167,0.0014672911087870721,8974.955819525214,0.00019091109876651104,0.9985327088912129,4747.335615146708,4188.787028577597,217.0128956611097,11059.98440135266,2373.667807573354,1086.0478699246414,74.4038308182882,5448.158848197832,0.03847611789961991,289.8568336204412,0.0014338451627486802,0.9615238821003801,461.15145819477914,435.1073479008767,321.51184904940567,624.1207202712473,230.57572909738957,208.69128984883722,143.29321927035576,324.9031992118304
2019-02-12,2018-02-12,2019-02-12,252,167,0.001129359842783284,11667.707239859848,0.00018935825121112461,0.9988706401572167,5322.0628696726435,4202.868248714051,215.79552418864014,13327.227824787476,2661.031434836322,1267.322683110774,73.84349246880596,7249.61355182059,0.08543457535331755,124.98709785741455,0.0023041361520939915,0.9145654246466824,412.4614695377316,404.48105914043606,334.0778179395906,500.15298318254844,206.2307347688658,198.47825778990642,153.93125142842837,267.1222908922678
2019-02-13,2018-02-13,2019-02-13,252,167,0.0011236753268532018,11731.617720157477,0.00018832164295333782,0.9988763246731468,5246.029742319586,4097.971371346079,213.37112549648063,13159.956621919142,2623.0148711597926,971.4991540754254,73.96462125379091,7268.586940572043,0.038452627354535474,291.4838367138581,0.0013560907498431996,0.9615473726454645,460.52517201989053,435.4767896290632,321.61482305411204,615.3137324124793,230.26258600994527,208.65102359718497,143.39353823328952,326.7132901055149
2019-02-14,2018-02-14,2019-02-14,252,167,0.0011323674939490713,11646.052372940392,0.00018736706438399764,0.9988676325060509,5204.864844579541,4100.92746668251,213.37415044764154,13123.95668702385,2602.4324222897703,950.7825135613158,73.31655320449254,7209.1313238284565,0.08480605006954844,125.68373191113275,0.002349457859807627,0.9151939499304516,412.4531438242096,404.7301219297654,333.8013732428908,500.8633555241487,206.22657191210482,198.47586985217623,154.0720939971735,263.74848348896444
2019-02-15,2018-02-15,2019-02-15,252,167,0.0011209552632887032,11756.384207817271,0.00018910454096784826,0.9988790447367113,5142.088386947706,4085.6865109826254,212.47417031950224,13142.67018570777,2571.044193473853,965.1814781702087,73.30965637983965,7160.602763170216,0.08523853271282256,124.96562991674568,0.0023656161849632622,0.9147614672871774,412.249049080319,405.2940111171947,333.54557795688964,499.496140633011,206.1245245401595,199.36422241564836,154.2591193681117,263.71416779014845
2019-02-19,2018-02-16,2019-02-19,252,167,0.0011484366479864727,11473.737403753848,0.00018939224221296692,0.9988515633520135,5216.010084148035,4142.342385861591,210.2425402650486,13289.114822736903,2608.0050420740176,944.4925390634878,73.76390835292055,7175.068393362318,0.03834183247710776,292.1882312494321,0.001363279577117536,0.9616581675228922,460.58875079278795,436.03583807281177,321.7860518628147,616.5131368286984,230.29437539639395,208.2169767644483,143.51145842822945,328.52651354986205
2019-02-20,2018-02-20,2019-02-20,252,167,0.0011499113611039835,11458.842027789451,0.00018943161924722579,0.998850088638896,5239.901368072539,4139.806646963452,210.91290852439465,13381.019535941385,2619.950684036269,942.4675805009558,74.11112081673218,7274.400830711664,0.08502698652609064,125.1965110653169,0.0023817688013734366,0.9149730134739094,412.2658355212792,404.64668297712285,334.0847270332818,500.27611010053477,206.1329177606396,200.7733175748261,154.15220308181478,265.4924761593842
2019-02-21,2018-02-21,2019-02-21,252,167,0.0011712270740403818,11251.803266867451,0.000189097759245743,0.9988287729259596,5365.305477139716,4147.437664154689,211.57845499433768,13323.811459631632,2682.652738569858,860.1999718783393,74.79355558573441,7296.6307801421035,0.03785546250618477,294.8789452150176,0.0014192756140761326,0.9621445374938152,461.6799533202525,435.3537066017041,322.04705088125655,625.58890425688,230.8399766601262,207.01487083219115,143.21448333166563,330.6363665002872
2019-02-22,2018-02-22,2019-02-22,252,167,0.001193354497878274,11043.563317534463,0.0001890090289931492,0.9988066455021217,5390.082557388803,4152.060252254594,211.67920015121044,13419.588170546122,2695.0412786944016,937.3022122677874,74.0568506218314,7358.065968791198,0.03798214406852052,293.51794823389946,0.0014397715691269585,0.9620178559314795,461.5147911371804,435.8811486678677,321.91093635009474,625.2055322700344,230.7573955685902,207.1316166587057,143.10232933078734,329.0993276511515
2019-02-25,2018-02-23,2019-02-25,252,167,0.001198071855047056,10989.229608150143,0.00019148204449143084,0.9988019281449529,5395.611077801407,4163.814286625213,210.67915205455358,13362.100167231289,2697.805538900704,947.7081108032457,73.89646661097447,7321.357431521625,0.038358736024734164,291.00908203905766,0.0014193299672898634,0.9616412639752658,460.88335812721374,435.156548672793,321.98993991502897,623.870469044771,230.44167906360687,207.09683277029416,142.8558814520991,330.07637631602876
2019-02-26,2018-02-26,2019-02-26,252,167,0.0012457943778724223,10571.86315603184,0.00019062593657525947,0.9987542056221276,5461.801855816673,4152.165229760721,209.83974750386767,13541.075719862845,2730.9009279083366,904.1163670327113,73.20679544991896,7431.307945725004,0.04001258266890073,278.79317671666007,0.0014300228655933754,0.9599874173310993,459.9350158821565,434.6560369118644,321.5913567252951,622.3881146307286,229.96750794107825,206.99037915666702,142.7167990762868,327.7872618191762
2019-02-27,2018-02-27,2019-02-27,252,167,0.0012457990276802944,10576.560269169606,0.00018950440022144594,0.9987542009723197,5501.704422597904,4207.448425984456,211.0071828335611,13574.450038604657,2750.852211298952,955.1184686690824,73.68128771738654,7432.324393573053,0.08842773136475135,120.23756644191269,0.002412323135161328,0.9115722686352487,412.0146681554235,404.60019945183046,334.3708570749728,499.0319582112877,206.0073340777118,201.1052922229514,152.88542759186683,264.3890495287662
2019-02-28,2018-02-28,2019-02-28,252,167,0.0012576475605782234,10478.38323054491,0.00018915516087206032,0.9987423524394218,5587.709029058544,4204.7814814772555,210.27392141365857,13634.092180206078,2793.8545145292715,956.0430670916703,74.67180373747297,7937.79452814394,0.0414841186908832,269.0023775725125,0.0014241838397746906,0.9585158813091168,461.1405168981543,435.660920656354,321.358430367641,624.0738696726619,230.5702584490771,207.0310321061362,142.55687792567903,326.05641527344187
2019-03-01,2018-03-01,2019-03-01,252,167,0.0012561764106682194,10481.067020758928,0.00019144711217448514,0.9987438235893318,5579.052808408594,4200.6582688569915,210.9599292069916,13654.42882765505,2789.526404204297,956.2746776137246,73.8110497393292,7935.513137656737,0.04201616243025441,263.8540207050031,0.001532334015217417,0.9579838375697456,458.9940545542613,435.13041596408283,322.2343972215147,616.373454920871,229.49702727713068,207.27077240861735,142.9820073589504,325.0022883985162
2019-03-04,2018-03-02,2019-03-04,252,167,0.0012313070843125162,10705.31315495605,0.00018851033188952535,0.9987686929156875,5316.5626590265365,4002.5961407418376,212.47641799961005,13464.969946765052,2658.2813295132682,956.9045417376001,75.80329243730004,7731.308355490432,0.08997549978171415,118.28882352568706,0.002386503799768596,0.9100245002182858,411.3611311036474,402.95851925943407,334.6895693426286,500.0833788496701,205.6805655518237,199.3366842904455,154.81832468900714,264.9530467371874
2019-03-05,2018-03-05,2019-03-05,252,167,0.0012402518782305139,10585.57496647333,0.00019872093615002612,0.9987597481217695,5326.641287360628,3986.9165986457597,212.94594063747837,13601.184514949719,2663.320643680315,958.6266939897732,75.39161282899931,7850.499356978285,0.04188646951363695,264.59073775655514,0.001537493655736185,0.958113530486363,458.50944411456004,435.8747628919788,322.4580265373397,608.1155703485066,229.25472205728002,207.54245961176437,143.45637556833321,329.50483295530626
2019-03-06,2018-03-06,2019-03-06,252,167,0.0012636147606542858,10391.09789655946,0.00019841009238958868,0.9987363852393457,5448.954798174746,4029.4200309044054,214.03756620263204,13549.446537624355,2724.477399087373,957.3475594602503,75.72249723638814,7887.87315974412,0.0,,1.826812737895832e-05,1.0,1729.7367852752038,620.8035789729604,154.43595652367335,2448.1377409821253,864.8683926376019,200.42376623639234,1.3775977468084771e-14,1536.6704653874133
2019-03-07,2018-03-07,2019-03-07,252,167,0.0012545275886500784,10470.210241198893,0.00019745547924818782,0.9987454724113499,5418.540453793174,3970.103796041038,213.49342583689238,13468.911225615444,2709.2702268965863,956.4950109991623,75.4629398787138,7685.26553159109,0.08951991869093479,118.44931649912142,0.002482713916397644,0.9104800813090652,410.7668376115694,403.3501261971358,335.2420682219604,496.6332270171045,205.3834188057847,199.56515910479598,154.81705096091042,263.5337465442331
2019-03-08,2018-03-08,2019-03-08,252,167,0.0012231994362296161,10737.934869069144,0.0001975604998598771,0.9987768005637704,5256.834076794322,3960.982145739299,213.39071860328266,13293.630169674207,2628.4170383971614,954.6732537681703,75.49138421982711,7497.534033893497,0.08989026129065336,118.21358453499474,0.0024270474149912877,0.9101097387093466,410.40794613907747,403.0225570540986,335.3177797846295,495.0476407336155,205.20397306953876,199.6458547923338,154.83285666590567,263.25591943894585
2019-03-11,2018-03-09,2019-03-11,252,167,0.001221353763345756,10748.565911874519,0.00019891534195842043,0.9987786462366542,5221.328518267305,3957.5733898228623,212.99532543245738,13305.738289163133,2610.6642591336526,953.349399440609,75.43591768660465,7504.461325832391,0.08958685941385447,118.64690356166156,0.0024198897849019236,0.9104131405861455,410.6956441190285,403.2055593304494,335.0107203441374,495.8563520070891,205.34782205951424,200.29176599770892,154.9868536477117,263.5296991250098
2019-03-12,2018-03-12,2019-03-12,252,167,0.0011845971865234173,11075.699529918378,0.0002004246252263051,0.9988154028134766,5155.23494380041,3965.5460906521275,214.3299910133701,13257.633636004004,2577.6174719002047,771.8322232054727,76.07484304506383,7495.536802522053,0.043032248810651486,258.78015043309966,0.0014579533603302562,0.9569677511893485,458.6157510223493,435.5124194176384,322.2389261361555,607.0482734787439,229.30787551117467,206.2572287076382,142.79162105406243,332.75883656684533
2019-03-13,2018-03-13,2019-03-13,252,167,0.0011923648864965442,11008.486540304944,0.00019924753372916966,0.9988076351135035,5142.743382656135,3969.3482187343097,213.91416380791492,13207.171587981045,2571.3716913280673,777.1602020666505,76.1452940879037,7449.338365802942,0.08957917036907292,118.59101799755938,0.002434254280993471,0.9104208296309271,410.74375991929276,403.27038587417553,335.15592394214104,496.21396233061665,205.3718799596464,200.20845622273103,154.73130066985962,263.76724137750796
2019-03-14,2018-03-14,2019-03-14,252,167,0.0011923389792621863,11009.71069030861,0.00019901367431168627,0.9988076610207378,5141.912875719415,3973.9653750881157,213.95500318932184,13199.99689136176,2570.9564378597074,770.8408853905441,75.95157072364881,7443.382368218645,0.08965082310619565,118.36858660485666,0.0024622713720784026,0.9103491768938043,410.6684299273601,403.2116077215259,335.40093027866556,496.43090516412093,205.33421496368004,200.1497264513236,154.8810194810505,263.57397645111246
2019-03-15,2018-03-15,2019-03-15,252,167,0.0011942598735819043,10989.248478352994,0.00019966924956878575,0.9988057401264181,5138.238615797616,3971.288111490833,215.31112170047027,13146.022034951675,2569.119307898808,770.5747836941666,75.94137058331178,7434.527227701441,0.08972553171369779,118.31085799069216,0.002453267536254596,0.9102744682863022,410.84954555313686,402.9944754399545,335.6246856826255,497.2209737783519,205.42477277656843,199.57736444365054,155.53796758874148,261.6392341531403
2019-03-18,2018-03-16,2019-03-18,252,167,0.0011939869168676731,10989.13540477036,0.00020029611427726846,0.9988060130831323,5115.40765582265,3990.870404029749,215.8376050505823,13134.213661359914,2557.7038279113253,786.5457349063436,75.04984147139642,7422.518279579947,0.08938101358970241,118.63406631491229,0.0024825651777466997,0.9106189864102976,410.5918237204106,403.221589860662,335.8586698714592,495.9776155185114,205.2959118602053,199.44882171374917,155.17101137991935,259.8825164195139
2019-03-19,2018-03-19,2019-03-19,252,167,0.0011840131133220577,11088.181236358485,0.00019876610013305738,0.9988159868866779,5269.311520269307,3996.9812364734344,216.0031368219044,13118.466754047162,2634.655760134655,780.6353231871901,74.81434676578166,7389.373523255359,0.0893832829199388,118.56172978791443,0.0024979960435617017,0.9106167170800612,410.9010665716291,403.16946241652823,335.7749874252472,497.46910128025587,205.45053328581454,199.2581770725927,155.0720571882364,260.39830368645846
2019-03-20,2018-03-20,2019-03-20,252,167,0.0011929154941743292,11005.67609434368,0.00019870855572692934,0.9988070845058257,5144.0661076638,4015.278134327511,216.18730282228188,13149.268321995887,2572.0330538319,787.9795162203175,75.09004063229995,7425.901598092099,0.08917528113306039,118.93573787130215,0.0024763794728734946,0.9108247188669396,410.9522208905053,402.9864572214681,335.870445010011,498.58032773751256,205.47611044525263,199.34367797657256,155.21163199608043,259.1511349564802
2019-03-21,2018-03-21,2019-03-21,252,167,0.0012091603226571657,10860.057395514632,0.00019817098913580742,0.9987908396773428,5020.850820249583,4026.6483690104283,215.79190271707543,12841.218467965367,2510.4254101247916,769.1341585794526,74.79103665450509,7482.39645658061,0.04319839355996291,257.148497295356,0.0014985882158116937,0.9568016064400371,457.8018259219522,433.98413786524185,322.8840221557067,608.9363718942681,228.9009129609761,206.336685685303,143.13789684457123,338.1139442953406
2019-03-22,2018-03-22,2019-03-22,252,167,0.0012050872789878264,10902.63804638603,0.000196772910814583,0.9987949127210122,5416.488918565898,4119.445065451228,213.12058485367504,13428.299521905723,2708.244459282949,958.7371703946545,75.17616024123643,7592.206022448926,-1.3322676295501878e-15,,4.8423212721838584e-05,1.0000000000000013,1329.552849384375,577.2104157162086,151.82339630362273,2540.8712252977343,664.7764246921876,203.79361971220396,1.5916989054577951e-15,1331.3489408607422
2019-03-25,2018-03-23,2019-03-25,252,167,0.001160080430824162,11323.123610340775,0.00019734365050091173,0.9988399195691758,5414.729944677786,4049.96043220705,216.1066289209168,13419.357689153807,2707.3649723388926,953.0662012380134,75.39459278067713,7426.275282456409,0.044305150800130755,250.12530513611497,0.0015389280490137973,0.9556948491998692,456.8884589214719,432.9586041995888,322.8054455251892,607.5169617934218,228.444229460736,207.23147972245897,142.95556108637888,340.64971720260655
2019-03-26,2018-03-26,2019-03-26,252,167,0.0011234518810742111,11697.199170907305,0.0001962600041839696,0.9988765481189258,5340.773770706941,4048.687219882031,213.6084088097483,13210.428616653357,2670.3868853534705,920.4260870152269,74.30008828015458,7376.517617816519,0.0443294686453235,249.3722872876502,0.001581516939341377,0.9556705313546765,457.0707898373557,433.3278950453746,323.34761083932324,608.5843286804468,228.53539491867784,208.22788644171794,142.64740638674874,340.0939690060224
2019-03-27,2018-03-27,2019-03-27,252,167,0.0010771858135050216,12208.559284707246,0.00019437589338788523,0.998922814186495,5188.446970413829,3822.108011613172,217.81420473878552,13011.574250340513,2594.2234852069146,917.0565184052364,72.53677353784545,7279.166322560018,0.04459799529594366,247.79372488797407,0.001586962938440529,0.9554020047040563,458.0658686165746,433.6365835884863,323.648435767171,612.7540391565406,229.03293430828722,208.07974089511697,142.89534229349252,344.16844705375973
2019-03-28,2018-03-28,2019-03-28,252,167,0.001076083901561442,12213.464100835603,0.0001959713828580945,0.9989239160984386,5173.149123730616,3843.2204203623464,220.62380203964094,12929.470820901073,2586.5745618653077,929.7599491782844,72.78146818206943,7210.806143659306,0.04527950888405363,244.72437441432223,0.0015402211030553993,0.9547204911159464,457.83189499143134,433.5621223237505,323.5324275604443,612.7713429342439,228.9159474957157,208.06507861886925,142.8259617880176,343.1101520933763
2019-03-29,2018-03-29,2019-03-29,252,167,0.0010926763024718955,12029.42013330132,0.00019566782123170805,0.9989073236975281,5209.924665824918,3823.3371175176453,219.9226557753918,13011.787954065085,2604.962332912459,931.429870299788,72.80928361211987,7351.276798972309,0.09103329446140729,117.05801880876207,0.0023554890481877542,0.9089667055385927,410.9732394078253,403.16630825597736,335.4654278781203,497.6288983386869,205.48661970391262,200.56186960702223,155.18924043518695,259.7146149196115
2019-04-01,2018-04-02,2019-04-01,252,167,0.0010859970019293508,12100.747144625051,0.00019623356811062525,0.9989140029980706,5255.777004333909,3944.580112160203,220.76612714944002,12953.398853629846,2627.8885021669544,958.0458335937124,73.25214127739699,7347.762053140395,0.09117109574127791,117.02655056726756,0.002324457361580533,0.9088289042587221,411.11811608964297,402.9409847564306,335.68991000537716,498.52914755140097,205.55905804482148,200.4463089849827,154.7377339840817,261.1887434831521
2019-04-02,2018-04-03,2019-04-02,252,167,0.0010749395323347288,12220.465140245446,0.00019723968438235573,0.9989250604676653,5209.545272109107,3958.645813828802,222.3301666781223,12991.254322765266,2604.772636054553,878.6659572583652,73.41682128704066,7335.167240365218,0.09179227166411275,116.65036614711869,0.002237419887095213,0.9082077283358873,410.6413895057385,402.44605632831417,335.69224056021653,495.5646445650305,205.32069475286926,200.23337025481072,154.58998914543213,264.63239549560745
2019-04-03,2018-04-04,2019-04-03,252,167,0.0010761379037546037,12206.46910139444,0.00019732195280023859,0.9989238620962454,5205.935920295514,3939.4753367282624,221.16836137432563,13045.189059656712,2602.967960147757,819.4392817645728,73.35922587924881,7374.26736232597,0.09157803117512042,116.90741347972059,0.0022406695080284694,0.9084219688248796,411.0772414466362,402.3481650769933,335.93607444656794,497.37478423639703,205.5386207233181,200.4671349206282,154.82748421795228,263.51382611780053
2019-04-04,2018-04-05,2019-04-04,252,167,0.0010674807600667968,12314.467799325814,0.00019543411163013209,0.9989325192399332,5105.100320783129,4027.62466390154,220.4690985455389,13029.983870154036,2552.5501603915645,927.5555877771758,73.66117847799887,7384.723394426516,0.04609569731975238,242.1552173768631,0.001419936085469603,0.9539043026802476,460.21091554665213,434.5380371241381,323.778598026109,616.8459107899091,230.10545777332604,207.31932812607937,142.2992352578676,347.33551155340535
2019-04-05,2018-04-06,2019-04-05,252,167,0.0010705280859462096,12287.072885504504,0.00019383826503187082,0.9989294719140538,5033.312313913456,3941.960973483258,219.41169830734205,12890.114933195791,2516.656156956728,848.8498647770609,73.40615697316156,7300.243877786955,0.046503702766328314,240.07659968669356,0.0014169045984167026,0.9534962972336717,459.6622376957528,433.53669431412993,324.01647372821304,616.2257161441381,229.83111884787638,206.499324738329,142.55233877658412,346.2516879892324
2019-04-08,2018-04-09,2019-04-08,252,167,0.0010513708185603265,12504.877032150906,0.00019508160196877216,0.9989486291814397,5094.339716377302,3739.222810013854,218.9490635793202,12841.831717061688,2547.169858188651,753.6082970780246,74.51941467508915,7202.340544514212,-6.661338147750939e-16,,0.00014771434424453258,1.0000000000000007,1275.5644735706978,591.0340302144133,153.64545945866598,3338.598617590809,637.7822367853489,211.6349109680795,1.4451271312318987e-14,1629.775797120966
2019-04-09,2018-04-10,2019-04-09,252,167,0.0010542577849398382,12469.83845042365,0.00019524525390727238,0.9989457422150602,4961.971812250334,3819.7939746088173,218.47109955076024,12797.239889219494,2480.9859061251664,752.6689961515883,73.54440326269692,7190.014075622753,0.0926064295766964,115.7697357129455,0.002207594778973402,0.9073935704233036,410.35887915614074,401.65919620246154,336.271283167386,494.44511452952315,205.17943957807037,200.29360557206755,155.41154937799342,265.7094470346769
2019-04-10,2018-04-11,2019-04-10,252,167,0.0010494153602859102,12533.620093458256,0.0001939707351397299,0.9989505846397141,5015.602859261997,3452.8472999582473,221.17381295546502,12697.20325308948,2507.8014296309984,753.4754584478015,73.6236434371889,7142.012565334457,0.09257493896293378,115.75897113004119,0.0022178666784001145,0.9074250610370662,410.1420523584098,401.6404921388048,336.1381036310855,494.1257909822029,205.0710261792049,199.9007172982271,155.18540144309222,263.98619028286265
2019-04-11,2018-04-12,2019-04-11,252,167,0.0010537728352649767,12482.165386010503,0.00019389444923456522,0.998946227164735,5030.8110689739415,3723.934518567563,220.2104586646195,12671.339642679757,2515.4055344869707,788.70947216134,73.79702660129517,7116.325665620977,0.04678798311561083,239.07841376019422,0.00138670257215555,0.9532120168843892,460.3017000843617,433.658813694189,325.0967534883588,618.2600886484714,230.15085004218082,207.89253135572557,142.30342557149095,342.64603320290814
2019-04-12,2018-04-13,2019-04-12,252,167,0.0010911901340883157,12050.6433135376,0.00019463726578023728,0.9989088098659117,5042.891447969979,3774.07695172454,219.77582691765974,12576.16196113658,2521.445723984989,777.1352450461438,73.07199817859201,6963.919276054724,0.09276090424292982,115.30922001682683,0.0022631054175462177,0.9072390957570702,409.4954960766881,401.9274674779451,336.16386113968514,490.8906713821045,204.74774803834404,200.52999130621043,154.05729460403117,261.9581635194702
2019-04-15,2018-04-16,2019-04-15,252,167,0.0015019820227010205,8755.755142114469,0.0001943564657484393,0.998498017977299,4442.343284185518,3759.5417085867293,220.33035587121904,10513.333649546728,2221.1716420927587,777.1425441653307,73.48628024654197,5259.707196183565,0.09294165469499438,115.0962272017901,0.0022607387935948834,0.9070583453050056,409.68911994016446,402.05418808638535,336.0805692964429,491.97855467142574,204.84455997008226,200.61343586418778,154.1923230971191,262.6294802621343
2019-04-16,2018-04-17,2019-04-16,252,167,0.0010720899754802504,12261.862778079121,0.00019536323684837522,0.9989279100245197,5185.902925471187,4011.0507359278577,218.74844931893014,12593.124491891322,2592.9514627355934,792.4369534087419,73.26570545662737,6992.410660963356,0.09368690287459358,114.17066124641889,0.002262860709842152,0.9063130971254064,410.32871885835533,402.6771144000916,335.8931372126545,493.05248846739534,205.16435942917767,201.0832983326178,153.69983276375723,263.0047983640706
2019-04-17,2018-04-18,2019-04-17,252,167,0.0010718289305643447,12250.785254475091,0.0001983304712447954,0.9989281710694357,5168.463094576904,3981.6285305537504,217.29930934289504,12615.705172317206,2584.231547288452,788.59056386489,73.3394388874021,7000.167623922034,0.04738503652875148,235.19215940448902,0.001445328166049478,0.9526149634712485,461.98557814362454,435.9615642755269,325.3725018300137,624.1819069807057,230.99278907181233,210.14086355324514,142.16764748142214,342.83532311765924
2019-04-18,2018-04-19,2019-04-18,252,167,0.0014546599563884932,9023.107183038888,0.00019936315130548123,0.9985453400436115,4609.171303652165,3969.931269582546,216.05555924152858,10980.238931875332,2304.5856518260825,793.586614205112,73.42491952537436,5462.449474398073,0.04757314711787164,234.186312916597,0.0014505539929920784,0.9524268528821284,461.97389668512534,435.458483340908,325.0965328847768,624.7547534123627,230.98694834256264,210.29389561320139,142.30962930632236,345.25528159223325
2019-04-22,2018-04-20,2019-04-22,252,167,0.0011009071202885412,11932.322543874247,0.00019721645735269682,0.9988990928797115,5003.3626753797125,3996.9204556008785,217.7024699761223,12488.82875716092,2501.6813376898563,745.5734766042601,72.89577728836554,7124.250316760957,0.048263119781035924,231.24828234519538,0.0014221387706559315,0.9517368802189641,461.53129213482777,435.215026131059,324.3044579433185,626.7004603739567,230.76564606741388,210.5055321941822,142.4650229302715,332.5919713891932
2019-04-23,2018-04-23,2019-04-23,252,167,0.0014984683336245475,8769.100898406414,0.00019646037034416064,0.9985015316663755,4470.778965131238,4001.863646867106,217.07779234642416,10706.675430861997,2235.389482565619,743.6582071977293,73.89967403440653,5577.838210097011,0.09439747059362458,113.37831753295738,0.0022485803683792356,0.9056025294063754,410.9396232204035,402.95602264215523,336.5142186572412,495.48136201764964,205.46981161020176,200.95117590940197,154.302228438907,262.50781007354755
2019-04-24,2018-04-24,2019-04-24,252,167,0.0014972021054301399,8777.504840261287,0.0001961700758096423,0.9985027978945699,4380.1396875098,3995.249344285648,217.57235625329488,10553.229758135205,2190.0698437549,741.0307308723916,74.04942657442696,5575.850014392853,0.09509537379952837,112.58852764354191,0.00223955535329446,0.9049046262004716,410.96150990882035,402.83219585400053,336.23295478103074,496.3988219780505,205.48075495441017,200.69474172547677,154.8801804897102,262.9919670789808
2019-04-25,2018-04-25,2019-04-25,252,167,0.001517771628164466,8647.919943126444,0.00019936019458308978,0.9984822283718355,4285.832341516114,3801.737035995726,217.69150621710384,10418.953635520018,2142.916170758057,691.7164561735307,74.13546864325575,5332.738078750838,0.09631625141932698,111.30812048258784,0.0022081267851048066,0.903683748580673,410.9767772508876,402.4951284676617,336.4671995712814,495.99225318844356,205.4883886254438,201.18470572009363,155.39700440106537,261.1429628299664
2019-04-26,2018-04-26,2019-04-26,252,167,0.0015084054160383609,8711.916666783116,0.00019628711498063614,0.9984915945839616,4395.910010954731,3795.03355610263,216.9912843253837,10628.447985460218,2197.9550054773654,750.4888590905084,73.08873504446264,5329.370146548071,0.09651861262541739,111.12746484503361,0.002196920777927531,0.9034813873745826,411.2040394331711,401.9295154811644,336.9499906645252,497.5543685029723,205.60201971658554,200.35822011921587,156.06619200771365,258.4482419513949
2019-04-29,2018-04-27,2019-04-29,252,167,0.0015068063736785042,8725.409781159678,0.00019503473535852648,0.9984931936263215,4325.545585746048,2929.398755882752,219.39328461335842,10663.044900254481,2162.7727928730237,710.0293391077826,73.74410169923499,5404.529505512203,0.04924503998461427,226.7174338550356,0.0014165387124561262,0.9507549600153857,460.4549760263347,434.9762272450166,323.8666190001513,622.8858074983345,230.22748801316735,211.36794226064484,142.5989707567079,332.74782134646205
2019-04-30,2018-04-30,2019-04-30,252,167,0.001526346612647389,8613.917893680513,0.000194972075415227,0.9984736533873526,4334.1900469007915,3355.488940395926,217.98941711734065,10648.827443431406,2167.0950234503957,820.5720926750892,74.08953701018251,5436.386172306818,0.05014173623818241,223.08511450311912,0.001386871505336509,0.9498582637618176,459.11541094611715,433.23856326344736,323.799583156897,621.7280835977998,229.55770547305858,210.52481581276805,141.97145761623676,331.664241499961
2019-05-01,2018-05-01,2019-05-01,252,167,0.0011098873999442205,11835.462193913567,0.00019728519701460133,0.9988901126000558,4936.7034041027555,3656.271827126587,217.54595985653762,12551.876427556925,2468.3517020513777,799.3630193515853,74.89367249789856,6956.695585672146,0.05044438188497846,221.5981315154173,0.0013973040391873353,0.9495556181150215,459.6508683510073,433.6779368043431,323.83802630207293,614.8020395373494,229.8254341755037,210.47624295487878,142.3405009887434,331.5989767750728
2019-05-02,2018-05-02,2019-05-02,252,167,0.0015022977241119229,8738.093258986686,0.00019903150482530443,0.9984977022758881,4257.557891486727,2743.001251903171,218.71931422995263,10601.756615660335,2128.7789457433637,785.6766704878239,74.93781572862059,5468.845103159627,0.09773764742638469,109.62495869897278,0.0022220715746626984,0.9022623525736153,411.41457694507534,403.3157700390381,337.33055804808913,497.05505652628653,205.70728847253773,198.35153584057457,156.4812239602642,259.81658430641687
2019-05-03,2018-05-03,2019-05-03,252,167,0.0011072501177474825,11846.933867190575,0.0002009712422739049,0.9988927498822525,4923.578526633849,3498.0830431152995,221.9450124446633,12527.964366962526,2461.7892633169245,787.8933757924826,75.91531631414803,6917.754925249843,0.09734065466893216,110.04619838745745,0.002227670610190639,0.9026593453310678,411.2108051426388,402.89257313077087,337.38983013059476,495.77900291919013,205.6054025713194,198.8305158119532,155.94946136089087,261.147347689537
2019-05-06,2018-05-04,2019-05-06,252,167,0.001113613510819289,11778.33083597859,0.00020117443954231076,0.9988863864891807,4857.409455117599,3513.2115433524605,222.83183004212367,12535.719607215067,2428.7047275587993,787.1135564478573,75.52022535397272,6952.3884808868515,0.09629586909911447,111.12331302900782,0.002252880139575521,0.9037041309008855,411.6368178290517,403.1255921447076,337.7124123858014,497.4750398230839,205.8184089145259,198.52188617398332,156.2812764151538,258.62015488132215
2019-05-07,2018-05-07,2019-05-07,252,167,0.0015235704063863986,8606.504198665845,0.000201959189421854,0.9984764295936136,4517.71825822249,3626.0994727058824,222.74332280572344,11076.200120224425,2258.859129111245,785.9627246325475,75.30496494645344,5642.997297383699,0.09598009054882506,111.23449340522929,0.0023085709939736675,0.9040199094511749,412.2791207965865,403.9233223060509,337.12398894690045,499.15951716058225,206.13956039829324,199.2187990588557,155.97354735150668,261.0353556197586
2019-05-08,2018-05-08,2019-05-08,252,167,0.0015319163156342075,8560.793791976173,0.00020159506550662895,0.9984680836843658,4649.737458985981,3601.148611694344,221.61011181870663,11426.864437117692,2324.8687294929905,783.4311385026735,75.69256684233355,5939.448690784344,0.049795688467274446,224.7407216999778,0.0013796177958609746,0.9502043115327256,460.69093841299537,432.85507114299304,324.74092885574123,624.8937331034552,230.34546920649768,209.97805530889755,142.5232137898557,340.40282647472895
2019-05-09,2018-05-09,2019-05-09,252,167,0.0015516679242011389,8451.289756430875,0.00020176133939876016,0.9984483320757989,4402.867870561258,3363.045758458923,221.71411395036654,10835.22061523823,2201.433935280629,790.9731089918348,75.27355948315383,5502.310671931167,0.049555959568268526,225.79028330309174,0.0013821929259449884,0.9504440404317315,460.8706261329758,432.7244988583448,324.3266392342769,627.3336702661383,230.4353130664879,210.19765618333622,142.3176398392541,342.078605586305
2019-05-10,2018-05-10,2019-05-10,252,167,0.001541609384819731,8506.190541452734,0.00020183642178216358,0.9984583906151803,4256.330590061544,3379.743558480307,220.9335811184468,10401.279354820575,2128.165295030772,761.133882932247,75.74537554787786,5527.454538889359,0.049162387405848884,227.73344296013778,0.0013730104212610077,0.9508376125941511,461.0861664215405,432.61727120680666,324.28480853288704,628.1446788421866,230.54308321077025,210.31165247117116,142.1532712204953,341.2633527852117
2019-05-13,2018-05-11,2019-05-13,252,167,0.0011961082916396304,10965.556804989805,0.0002012780583712268,0.9988038917083604,4889.137023829161,3531.0778760245203,221.07999972206144,12466.886258553617,2444.5685119145805,765.6903465078033,74.54702279126674,7080.690800071731,0.049066098221760335,227.18025001902936,0.00144206628251935,0.9509339017782397,460.21926301629463,432.35819076558965,323.90924418218276,625.0997078971575,230.1096315081473,209.4697137973884,142.12436552616896,343.84225558667754
2019-05-14,2018-05-14,2019-05-14,252,167,0.0012164312713602854,10781.564119549988,0.0002014717140793827,0.9987835687286397,4927.957979117605,3551.893070157435,221.98129907311923,12516.583929558345,2463.9789895588024,773.695182371182,75.11284825954115,7070.632901812169,0.09565199560713633,111.86842223056675,0.0022535069183597756,0.9043480043928637,412.24672663342983,403.6288603465943,336.81255257150707,499.58740793168687,206.12336331671492,199.45931279552582,156.58167715346846,260.86676630925945
2019-05-15,2018-05-15,2019-05-15,252,167,0.0012202560322436273,10748.218354358212,0.00020136163310630054,0.9987797439677564,4934.602002408727,3568.631824903408,221.14721024639204,12464.8985895693,2467.3010012043633,772.1680633099581,75.5254166702482,7052.5626420202825,0.09607614566784195,111.17343304564734,0.0022974745944655006,0.903923854332158,412.14885067726414,403.37610493361126,336.6023263586434,500.63314337841234,206.07442533863207,199.71591268744507,156.3011648623109,261.49366673771436
2019-05-16,2018-05-16,2019-05-16,252,167,0.00123313351418175,10632.073274602004,0.00020233300179286362,0.9987668664858182,4882.575367749243,3497.0999563317096,222.4257456701329,12464.435408379604,2441.2876838746215,767.381483666562,74.90814792761014,7037.910284134541,0.09789498998173607,109.27847284288657,0.002259425236477019,0.9021050100182639,411.21714766861055,402.7649127378843,336.3897941956895,497.0148081027612,205.6085738343053,198.94952078174612,155.9072182701477,259.84984600065025
2019-05-17,2018-05-17,2019-05-17,252,167,0.0012375138233206018,10592.741709767524,0.00020275866942150923,0.9987624861766794,4899.35719852511,3499.4041891630786,222.97276220000643,12466.305398771732,2449.678599262555,769.8360970229961,75.5570727718127,7028.6994864343515,0.0497019638364421,223.9123909764265,0.0014682040308518058,0.9502980361635579,458.3933982417703,430.93570832000967,323.903006198726,621.1664918894026,229.19669912088514,208.24000091932365,142.19342567646845,346.515990924307
2019-05-20,2018-05-18,2019-05-20,252,167,0.0012535879212210999,10456.278163978684,0.0002029209991728815,0.9987464120787789,5020.015112231116,3614.922393397023,223.70518118295843,12586.438436009377,2510.0075561155586,762.5235577802191,75.98221674402451,7120.217002377708,0.0976477343035731,109.36164812613599,0.0023025295104131998,0.9023522656964269,411.2646315364534,402.8973537804362,336.5928193618539,496.84399467613105,205.6323157682267,199.10365414992148,154.8850661950722,260.89192567071865
2019-05-21,2018-05-21,2019-05-21,252,167,0.0012319799691673516,10643.326460334041,0.00020200970473949206,0.9987680200308326,5272.7773794011955,3603.127513647182,223.05685063296875,12973.576353741262,2636.3886897005973,788.6739158144869,74.92942774397423,7207.147857050564,0.05029851478775904,221.16694046661993,0.0014748508106386523,0.949701485212241,457.9762046147466,430.94488864922516,323.9337338599618,617.3906584026623,228.9881023073733,207.36485708226223,142.19314323310414,346.5931499464032
2019-05-22,2018-05-22,2019-05-22,252,167,0.0012205290672359093,10742.076071761234,0.00020228238281107535,0.9987794709327641,5188.801040080102,3601.575912487312,223.52771005556977,12941.282727091353,2594.400520040051,868.6892627391314,75.13495656148125,7016.068596492864,0.05057807913516177,220.25970216040642,0.001451522228922358,0.9494219208648382,458.35217340934395,430.9450551702353,323.9883628622025,618.284285298976,229.17608670467197,207.34321601217687,142.095717280543,349.51297509729704
2019-05-23,2018-05-23,2019-05-23,252,167,0.0012199213349399773,10755.013669466787,0.00020041898715374523,0.99878007866506,5192.111006050709,3596.6882103113726,223.19927974594384,12946.246858071447,2596.0555030253545,777.9879385298364,74.67810495823497,7023.42589140559,0.04967148300030977,224.90223196107056,0.0014073353213706339,0.9503285169996902,458.638730259634,431.12456101243197,323.8696114035072,617.2226234628032,229.31936512981696,206.80377596667063,142.2157417741555,346.87150345203224
2019-05-24,2018-05-24,2019-05-24,252,167,0.001223078775812958,10738.373042531332,0.0001977106481504903,0.998776921224187,5299.601528486171,3681.168206617139,220.08150710417635,13115.386426493393,2649.800764243086,872.0483912590598,75.24794655154768,7056.752642619652,0.09764264058571737,109.51406551251387,0.0022697800375740917,0.9023573594142826,411.002338410131,402.4829422458488,336.7132456455271,495.26762381554147,205.5011692050655,197.53796017540003,155.23566225386102,260.430314132711
2019-05-28,2018-05-25,2019-05-28,252,167,0.0012299139852584018,10684.699620181804,0.00019625586720578906,0.9987700860147416,5372.101618841963,3720.670854414311,219.45708048701687,13041.795443029316,2686.0508094209813,872.7745625326716,75.2596086587324,7095.06387418442,0.09741886786280851,109.74250097110438,0.002274898108510644,0.9025811321371915,410.749295519855,402.1139117892967,337.10825492803025,493.6353570061215,205.3746477599275,198.26063335841326,155.3794379682674,259.04392667964066
2019-05-29,2018-05-29,2019-05-29,252,167,0.0012221914130862155,10749.690444270023,0.00019686168777257313,0.9987778085869138,5368.3907967588475,3723.540620977784,219.2335052702618,13022.6546339647,2684.1953983794238,871.5038200816688,75.51765408792198,7001.06283074673,0.09754349053255496,109.57031903824583,0.0022820041892405384,0.902456509467445,410.75645971248565,402.2223281972092,337.0310186861809,493.7307458901153,205.37822985624283,198.43666323194637,155.07885445325442,259.89699976375636
2019-05-30,2018-05-30,2019-05-30,252,167,0.0012201933592935754,10764.537229347801,0.00019752475155813355,0.9987798066407064,5301.644210483682,3624.9251842428685,219.31921466173992,12959.983650619786,2650.822105241841,868.4063339156771,75.44136351515246,6923.559117681263,0.09767607093126096,109.4388374412652,0.0022781639111802065,0.902323929068739,410.77538938200746,402.22299562531015,336.71313239039193,493.75629751450504,205.38769469100373,198.31123011041382,154.74945532621692,260.1967525805638
2019-05-31,2018-05-31,2019-05-31,252,167,0.0012167168212130486,10783.993348144983,0.00020025962253730794,0.998783283178787,5125.952479376476,3316.35245575029,219.17146746038887,12862.6978049787,2562.976239688238,915.8036748619065,75.22019235480671,6900.06516789765,0.09761968569094859,109.62655856556424,0.0022506414723812303,0.9023803143090514,410.84867187693357,401.9395426815504,336.74124518716945,494.45149826647355,205.42433593846678,198.53973331215542,155.23518953177341,261.37443813741095
2019-06-03,2018-06-01,2019-06-03,252,167,0.0012158353303781677,10802.09304585805,0.00019777190600409162,0.9987841646696218,5356.8780671804725,3612.6044528659754,216.47762880755877,12869.520384763608,2678.4390335902362,907.5856601622907,75.03622111689093,6933.445506763645,0.04945579727778271,225.77839900900102,0.0014146395078668533,0.9505442027222173,457.2602271216347,428.64988958929786,325.0900351856843,616.4743341843354,228.63011356081736,207.37743239779078,143.04704737981055,334.04078076059125
2019-06-04,2018-06-04,2019-06-04,252,167,0.0012135755290817452,10817.527896830517,0.00019889829291621315,0.9987864244709183,5290.511182564601,3187.959380135995,214.9361672386051,12858.774845284126,2645.2555912823004,845.2271240839609,74.57331606319518,6934.5531795650995,0.0962920341399508,110.69121589181691,0.0023495953581828886,0.9037079658600492,410.7617864326741,402.58761818320875,337.1223465984326,492.6521913510572,205.3808932163371,199.40961167638483,154.17966678824723,262.62602161746173
2019-06-05,2018-06-05,2019-06-05,252,167,0.0011513900007822375,11405.487744362707,0.00019804934187715343,0.9988486099992178,4978.64372532571,3099.8064205328214,215.3060618591511,12622.861684465026,2489.321862662855,846.2888524875199,74.56159988962793,6913.807429448217,0.049008942726063154,226.50565287465588,0.0015100200005050196,0.9509910572739368,455.771308208305,428.4535470015962,324.9720964979207,611.9208670498884,227.8856541041525,207.3263961505931,143.19312869624034,341.0705352320697
2019-06-06,2018-06-06,2019-06-06,252,167,0.0011529829433369887,11391.251151209057,0.00019770231966011463,0.998847017056663,5207.381442464017,3152.908500219166,215.93057541790526,12817.370793793914,2603.690721232008,792.1952347719503,74.52361828875503,6920.971760275475,0.09621068588480064,111.40290962296437,0.0022139430705911084,0.9037893141151994,410.96711823804657,402.6159992414404,336.90769958460584,492.98084772340735,205.48355911902328,199.21955761856194,153.88492608283687,261.84748653545125
2019-06-07,2018-06-07,2019-06-07,252,167,0.0011301563983113772,11616.836589387583,0.00019870842401747719,0.9988698436016886,5234.305590111939,3591.958612308568,215.6827776960061,12874.469661217778,2617.1527950559694,764.3758015917377,74.66502830378003,6945.368520924406,0.09620029488428128,110.16278141465712,0.002497358086259472,0.9037997051157187,409.7603082511899,401.72688164573617,336.87923225452454,492.5528488046164,204.88015412559494,198.56847464269407,153.7143923828685,260.97267299369054
2019-06-10,2018-06-08,2019-06-10,252,167,0.0011199372845519528,11709.466352240552,0.00020170632317455237,0.998880062715448,5205.127095902783,3139.964436985922,213.8525105374396,12841.735275461935,2602.5635479513917,765.8162167537763,75.41775631639213,6941.800238161244,0.0966612200355953,109.5862579935295,0.0025097523129632275,0.9033387799644047,409.63816301458,401.7675655515001,337.14284394695727,492.6558120559551,204.81908150729,197.79531614437437,153.5203858312576,261.67203314043724
2019-06-11,2018-06-11,2019-06-11,252,167,0.0011121285877412346,11788.77877792373,0.0002023588993755484,0.9988878714122588,5209.889877122761,3107.6348297550226,213.34401118856331,12933.181079098618,2604.9449385613807,774.2122758442083,76.00629580179049,6922.246152996294,0.09746117206790683,108.70086215485769,0.00250631120962072,0.9025388279320932,409.79827381965936,401.5862003629708,336.62079143257705,495.10084926167735,204.89913690982968,198.0370169168701,153.39185486383835,262.5030919783069
2019-06-12,2018-06-12,2019-06-12,252,167,0.0011021189618598548,11900.012612855528,0.00020143186735792085,0.9988978810381401,5142.3607268135165,3056.15840450985,214.4220403750112,12773.121517340107,2571.1803634067583,768.9235051767957,76.05032976424614,6862.442063367642,0.09807589258301919,108.05703944444284,0.0024971120186326116,0.9019241074169808,409.696410474081,401.5902442435864,336.58160228187404,493.9581759645204,204.84820523704053,198.42274689387528,153.21524403192015,261.74209176686514
2019-06-13,2018-06-13,2019-06-13,252,167,0.001104679672171871,11872.985085743636,0.00020130787885216136,0.9988953203278281,5335.5173682495815,3703.0528427873646,214.3900540445986,13203.792020108735,2667.7586841247908,764.476645889778,75.43150940318125,6915.4222859255815,0.09840966036955234,107.88627534860913,0.002449475082051809,0.9015903396304477,409.58509101449965,401.4189828295345,336.6250713472255,493.6126560874628,204.79254550724986,198.57138649531072,153.78898449143114,259.73902072419077
2019-06-14,2018-06-14,2019-06-14,252,167,0.0011037780480640524,11886.164021977633,0.00020053600783158937,0.998896221951936,5123.881757420015,3614.1141318965047,213.96104057073524,12705.121704328318,2561.9408787100074,764.7414347250387,76.22242049803394,6899.607334509986,0.0980091653256614,108.18629916216497,0.0024835191946703432,0.9019908346743386,408.93787061115967,401.35578284428027,337.2815905967773,490.1805542256354,204.46893530557983,198.82853737446672,154.47374249805384,259.61651148612935
2019-06-17,2018-06-15,2019-06-17,252,167,0.0011128666596073034,11800.604710055248,0.00019798300603934358,0.9988871333403927,5370.851004531264,3706.83260047846,213.01902148458174,13279.783652788248,2685.425502265632,764.6335017216222,75.72631306685498,6981.599915047742,-1.7763568394002505e-15,,2.090464227831375e-05,1.0000000000000018,2292.037273725191,658.4264085065969,182.61065698902428,5195.15536227553,1146.0186368625955,262.425560039351,4.265322662009549e-12,2612.983065520174
2019-06-18,2018-06-18,2019-06-18,252,167,0.0011134119200615356,11795.824395287069,0.00019776298244456177,0.9988865880799385,5214.377868327797,3806.7079804969667,212.3113997994559,12777.704197127066,2607.1889341638985,764.0291256346447,75.83328810928812,6952.756363221224,0.09836111294526628,108.03827977301401,0.002425796746790613,0.9016388870547337,409.22236685564013,401.1861782617778,336.74391228998957,491.06349241372527,204.61118342782007,198.98057746996432,154.14930233395657,258.16280836110576
2019-06-19,2018-06-19,2019-06-19,252,167,0.0011009963682883095,11923.525287217646,0.00019892397280732693,0.9988990036317117,5215.972444568864,3820.6067606770407,211.94710535714142,12758.07941495225,2607.986222284432,764.8246198693352,75.43585834185929,6955.0450725855135,0.09861940856461038,107.53779570922973,0.0024783961909589664,0.9013805914353896,408.87301690900847,400.788608846104,336.7833758657546,491.27758008759844,204.43650845450424,200.03882080541172,153.86945093593062,256.1849152944529
2019-06-20,2018-06-20,2019-06-20,252,167,0.0010924150795156296,12015.544811246305,0.0001992815011016233,0.9989075849204844,5215.974379223874,3825.062081897603,212.13941529397604,12828.090617565444,2607.987189611937,744.0612509092653,75.71134518961951,6943.902041164883,0.0,,8.644114105726536e-06,1.0,3121.830877865673,690.1587933683599,177.33453836638031,4597.939192937327,1560.9154389328364,255.90671007551623,1.3672442091678113e-12,2485.176692032691
2019-06-21,2018-06-21,2019-06-21,252,167,0.0011042423272047408,11886.804911300846,0.0001992913104005322,0.9988957576727953,5218.245870017402,3848.7265063663926,210.8978446487621,12827.609557429923,2609.122935008701,736.9905259471678,75.72250581195044,6933.848194001813,0.0995112580432076,106.63143553374927,0.0024642738207636987,0.9004887419567924,408.50647264994757,400.1191920901167,336.43741422253385,491.9220461433583,204.25323632497378,199.82482947297052,153.60581187086188,255.14399238464077
2019-06-24,2018-06-22,2019-06-24,252,167,0.0011084799508717103,11840.890581590123,0.00019939562845542284,0.9988915200491283,5201.587278179453,3731.29359106226,209.1598296600892,12801.338091075824,2600.793639089727,744.5136824016008,75.71778533437244,6898.544889882082,0.0489388897479357,228.4705879871749,0.0013935139084256438,0.9510611102520643,454.00589957862894,425.9257007918647,324.6830913425181,612.2400666455796,227.00294978931447,206.33328354724702,143.33959339555273,340.1561209438038
2019-06-25,2018-06-25,2019-06-25,252,167,0.0011171002547931685,11759.923034811287,0.00019709142855532408,0.9988828997452068,5059.097296405921,3892.810886206411,209.19557742256845,12619.536330259072,2529.5486482029605,771.1465979822389,75.41844533770652,6861.141692133706,0.048533953796952134,230.10132355374168,0.0014122701695767647,0.9514660462030479,454.10091641567305,426.4502994315478,324.38439475162687,610.4170280345714,227.05045820783653,206.88149543109412,143.41704197624554,343.8566272509831
2019-06-26,2018-06-26,2019-06-26,252,167,0.0010516863229674822,12492.69904602865,0.00019681811345475633,0.9989483136770325,4999.6061685504965,3825.4397689865687,210.21114516810948,12565.54179820739,2499.8030842752487,745.664870931867,76.12540140525286,6864.192044159759,-4.440892098500626e-16,,1.67438864838558e-05,1.0000000000000004,2477.0016854550113,577.4096485380912,171.41116980860556,4662.289803515345,1238.5008427275056,214.86701492630624,5.870377681718302e-13,2306.6715682346894
2019-06-27,2018-06-27,2019-06-27,252,167,0.0010646001294399854,12344.260935434482,0.00019616947505107055,0.99893539987056,4993.847240384615,3816.8652524403064,207.3724707581859,12529.823722901478,2496.9236201923077,798.3086922389002,76.24231500668806,6837.9229919077425,0.10009874595206292,105.84299141289392,0.002504714501850857,0.8999012540479371,408.81040910898014,400.0914228465127,336.20610095556447,494.48576244146346,204.40520455449007,199.05981062794365,155.0463590965502,251.89523123368102
2019-06-28,2018-06-28,2019-06-28,252,167,0.0010631592741430218,12376.242464476676,0.00019301420530275551,0.998936840725857,4971.923787956099,3820.0492341497825,206.65052326546677,12483.172152428731,2485.96189397805,747.0515697487675,76.44571335586248,6788.392040778396,0.10065940004042595,105.17986213667866,0.002523340568184967,0.899340599959574,409.01860562795946,399.7761079414697,336.3280467056173,495.09589063929513,204.50930281397973,198.057263682722,155.83935243990263,252.33448984067536
2019-07-01,2018-06-29,2019-07-01,252,167,0.001060731230598022,12413.163004371181,0.00019126331184676177,0.998939268769402,4981.6677777151335,3801.1238120763664,207.09367837563428,12505.484598502546,2490.833888857567,747.7777857864603,75.82728773001547,6804.053758750607,0.10027343572299996,105.42389357979354,0.0025643613170805313,0.899726564277,408.80024089264293,399.6089129437869,336.52918689843943,493.56933455940833,204.40012044632147,198.12384733635344,156.08926830598494,251.02662470081975
2019-07-02,2018-07-02,2019-07-02,252,167,0.0010508882263018382,12514.43367136745,0.0001943012403167715,0.9989491117736982,5000.201420939658,3815.6478821248706,205.24692381483425,12537.417132570316,2500.100710469829,878.0194949551887,76.5573099710343,6793.829511044267,0.1001340733661884,105.59818939636116,0.0025572913210528225,0.8998659266338116,409.1188763038882,399.84800777590885,336.48960950352597,494.9850591367254,204.5594381519441,197.59122373748184,156.37844301007695,252.65947020151157
2019-07-03,2018-07-03,2019-07-03,252,167,0.00104705396118987,12556.851206062287,0.000194996176089308,0.9989529460388101,4985.288745713551,3840.982295619809,205.41233376476328,12467.78955666526,2492.6443728567756,851.5046655511585,76.4959399109336,6799.726286538252,0.10145756462950639,103.91055172949511,0.0026390366550834675,0.8985424353704936,408.5671338863655,399.32728920412586,336.38586462758013,494.9687017124464,204.28356694318276,197.6781431312633,156.06874285878254,252.75925038293826
2019-07-05,2018-07-05,2019-07-05,252,167,0.001030173430004444,12764.359919080192,0.00019464478933709168,0.9989698265699956,4948.138091258619,3825.0765901247387,205.12077808121018,12386.147121631917,2474.069045629309,850.7504689464649,76.7903154402098,6804.392241130062,0.10188967241623903,103.38219206747313,0.0026627190009816106,0.898110327583761,408.14207103819547,399.11211150679225,336.19543219154804,493.191728950831,204.0710355190977,197.36092825474452,155.93754979908962,251.0458757380305
2019-07-08,2018-07-06,2019-07-08,252,167,0.001029900258130767,12767.860259030635,0.00019462179596267993,0.9989700997418692,4969.9021676797265,3814.4136924575387,205.3050727909966,12405.880424286626,2484.9510838398633,799.7334643275537,77.13685128242687,6816.716900908842,0.049868726363532234,222.47788396452026,0.001519280317806122,0.9501312736364678,452.40107619202627,424.71209474543144,324.03138463064914,610.0283149305578,226.20053809601316,205.55955347380373,144.45705715580235,350.7567094679471
2019-07-09,2018-07-09,2019-07-09,252,167,0.0010297689625433648,12774.992591295812,0.000193521743702928,0.9989702310374566,4965.943800816543,3809.039617763824,205.09706835501652,12402.049221862855,2482.9719004082717,799.7451693073458,77.17297293203283,6820.000855387745,0.049939875218018015,222.11162837558757,0.0015230249553355294,0.950060124781982,452.61805954412193,424.9280980956263,323.8805697373798,609.4012901042586,226.309029772061,205.76205750283594,144.23837406480914,350.2572062462204
2019-07-10,2018-07-10,2019-07-10,252,167,0.0010512646118204794,12524.173446715842,0.0001914181701006431,0.9989487353881795,4980.472946724989,3816.976002729035,204.84106212502815,12503.735628022687,2490.2364733624945,815.536229679595,76.89209319979607,6799.31864438985,0.05076493143797589,218.81791446096022,0.0014987763971153986,0.9492350685620241,452.00242836518066,424.0202070570204,323.51478926705045,607.5284564233407,226.0012141825903,205.58604076810707,144.06662751689697,348.8668260526335
2019-07-11,2018-07-11,2019-07-11,252,167,0.0010437567966690153,12614.829584130614,0.00019130454347648481,0.998956243203331,4962.7919089029265,3820.726804433401,204.53901354308283,12493.119374497106,2481.3959544514632,759.2825503898207,76.74255744715593,6810.025125468556,0.05041904464570268,220.42103300574954,0.0014910902458323328,0.9495809553542973,452.49522726548446,424.6545426814462,323.94052460716625,608.9328917661395,226.24761363274223,205.3526794348917,143.87839429557937,349.69978590134895
2019-07-12,2018-07-12,2019-07-12,252,167,0.0010546943437038658,12490.260884329133,0.00019004734738224332,0.9989453056562961,5029.487850478949,3836.7734789904434,203.6957957360694,12578.54007316629,2514.743925239475,869.1716155489069,76.45759288755245,6867.939333521044,0.05032886507685452,220.68778208455717,0.001500742305939296,0.9496711349231455,452.5901007252365,424.8488003970868,323.7728492926053,610.2520555858869,226.2950503626182,204.85240024171028,144.31275791699267,346.6979760959156
2019-07-15,2018-07-13,2019-07-15,252,167,0.0010551511858453155,12484.91908328087,0.00019003410727916567,0.9989448488141547,5000.944867634235,3819.073414080134,204.8925737983029,12530.161068704438,2500.472433817118,896.9077308352253,76.40445897821338,6863.664742159257,0.05041106070141477,220.63091924459846,0.0014779955361449726,0.9495889392985852,452.53570731466516,424.746294486373,323.83612902359914,609.4956856508192,226.26785365733258,205.01453056254016,144.3228235289146,342.2917203881987
2019-07-16,2018-07-16,2019-07-16,252,167,0.0010697408897162308,12314.207621934118,0.00019012263785123673,0.9989302591102838,5026.299067070576,3816.5321877685715,203.61966028762163,12603.70999164739,2513.1495335352874,824.5792700285009,76.4443356661781,6875.441088059584,0.05046323779108364,220.22055058992424,0.0014916508416720827,0.9495367622089164,453.25932721466364,425.47457564326663,323.6993918286471,610.443160737264,226.62966360733182,204.84463666449483,144.19553405542985,340.48473339178764
2019-07-17,2018-07-17,2019-07-17,252,167,0.0010730547069891516,12277.473548905013,0.0001898586717272623,0.9989269452930108,5032.425839784836,3837.356360922237,204.58158111433337,12577.59378689252,2516.212919892418,857.4980978906856,76.58345978745682,6864.628358919536,0.05040252737395967,220.81008918491852,0.0014674686364273546,0.9495974726260403,454.00835987371653,426.02270719628785,323.35573475929783,611.0570284781181,227.00417993685824,205.0900246804074,144.1561344845389,339.5744326995821
2019-07-18,2018-07-18,2019-07-18,252,167,0.0010578732304645788,12448.680294626623,0.00019086284968815724,0.9989421267695354,5032.135029236132,3824.627365958856,205.18322640334932,12501.05387894047,2516.067514618066,858.1324300103872,76.98696353708468,6827.282402047846,0.10303873201089264,102.55855945429899,0.002573898155943161,0.8969612679891074,408.793440587606,399.6520236641439,335.21986656028633,496.3253583149561,204.396720293803,198.20439293742749,154.6016841867422,252.86813306354955
2019-07-19,2018-07-19,2019-07-19,252,167,0.0010305947654319914,12775.511368753992,0.00019138853980468009,0.998969405234568,5027.809710428794,3812.526955627241,204.6794456895121,12407.382812024985,2513.904855214397,708.1123335166776,76.7897333058401,6798.666368663092,0.050388839527297336,220.9025553011319,0.0014650685815698328,0.9496111604727027,453.98493860510445,424.40647610111535,323.60584703829915,608.5735378714953,226.9924693025522,205.35843107067416,144.39465695087654,340.1333222477578
2019-07-22,2018-07-20,2019-07-22,252,167,0.0010440757881137186,12613.821720026712,0.00019073688072816273,0.9989559242118863,4968.86318437637,3481.535735804783,204.9985336935141,12472.62385139316,2484.431592188185,759.9689237155712,76.51316346360841,6808.76946236095,0.050523999288084376,220.283153497673,0.0014671761610646145,0.9494760007119156,453.51163601846804,424.3951681028558,323.49835969994604,607.5205424020446,226.75581800923405,205.34984712064738,144.525733501421,341.68220885111225
2019-07-23,2018-07-23,2019-07-23,252,167,0.0010535576420537263,12506.122223558088,0.000189570332394477,0.9989464423579463,4952.529102842473,3470.7620957267063,204.68681752909765,12348.376056522771,2476.2645514212363,711.4124614133016,76.6393072330321,6766.904789431007,0.051059495269513144,217.94746008328676,0.0014690826492249223,0.9489405047304869,454.03246750407226,424.33517179112636,323.6077907702633,612.500299933943,227.01623375203613,205.49861596841612,144.494482256857,343.0463657890427
2019-07-24,2018-07-24,2019-07-24,252,167,0.0010539507305620255,12495.65458394574,0.00019073336659801744,0.998946049269438,4924.241915182238,3440.2029759596194,206.2921060227103,12284.38463278674,2462.1209575911184,682.4951292368171,75.63661544615327,6740.704237836983,0.050827119203414206,218.802576203626,0.0014796725928480296,0.9491728807965858,453.01821895431675,424.39306282135544,323.94049876734874,609.2422561064523,226.50910947715838,204.8275282115119,144.52274660886516,336.19358350313547
2019-07-25,2018-07-25,2019-07-25,252,167,0.0014749125713179323,8930.764312831509,0.00019029665325711014,0.9985250874286821,4348.6807885693015,3452.2304368078135,207.05918834492138,10390.629937059122,2174.3403942846503,687.0887151113304,75.46818605865313,5185.557395709064,0.101021491209485,106.04640709342479,0.00222545031295246,0.898978508790515,409.50998168353095,398.259608055049,335.40238333092094,497.2632189459464,204.75499084176548,197.1110531434202,154.33980452839128,254.73231303332742
2019-07-26,2018-07-26,2019-07-26,252,167,0.001466094675551588,8984.910106782203,0.000190176364549689,0.9985339053244484,4320.395296451948,2945.908810945715,209.57543985125773,10490.385663438692,2160.197648225974,757.9710458482855,76.13295148996453,5219.668764207412,0.050539321179656316,221.51661585612956,0.001373862436217622,0.9494606788203437,453.2821107055624,425.34726477785176,322.8310870636617,607.9595456324894,226.6410553527812,205.9442516931147,143.46397579554997,333.6935169290499
2019-07-29,2018-07-27,2019-07-29,252,167,0.0014827063490888692,8887.923547541328,0.000189142380948837,0.9985172936509111,4368.578707916541,3339.915669055649,209.00752934059244,10532.309818567957,2184.2893539582706,653.3003658726423,77.36028974929155,5225.670538038964,0.10151897726594916,105.5210267679878,0.002226740255989155,0.8984810227340508,411.3728809596629,398.58951685231415,335.05010177715315,507.0442047212549,205.68644047983145,197.3252103375923,154.85711586570753,260.5663295952738
2019-07-30,2018-07-30,2019-07-30,252,167,0.001459827810957215,9039.20438070513,0.0001858609475062005,0.9985401721890428,4276.7045839035,3744.5976530271982,212.07271381699647,10309.06291054805,2138.35229195175,675.2094436128509,77.00639786660274,5116.427727879367,0.10132427990331039,105.828881154509,0.0022031547027272728,0.8986757200966896,411.5007324974775,397.91383189543154,334.6233240399452,510.1875066296861,205.75036624873877,196.58485812531498,154.79077506050652,262.65811586557794
2019-07-31,2018-07-31,2019-07-31,252,167,0.0015768064853685093,8371.393236650369,0.0001850476939212365,0.9984231935146315,4117.572102284085,3715.372140940391,212.65373927477768,9929.264332855048,2058.7860511420427,578.4542536036837,76.0337391568862,5006.109502172254,0.10135356693038489,105.18052466300193,0.0023455129471471534,0.8986464330696151,411.38842568439634,397.9711212763793,334.27711408805004,510.53321682701704,205.69421284219817,196.67764018252953,154.80197807991524,266.68843077524883
2019-08-01,2018-08-01,2019-08-01,252,167,0.0016063128398461357,8222.185670279536,0.00018369528594417244,0.9983936871601539,4186.833139469234,3849.9279957371286,209.3804657229894,9989.499664666193,2093.416569734617,637.4392589751751,75.69402222244273,5129.1235824853175,0.05224494581933159,215.3497423587378,0.0012995133435054506,0.9477550541806684,455.1335338018662,422.24468874730553,322.35494696977355,619.1935392482346,227.5667669009331,202.44419879305264,143.96519886362168,324.37085238007893
2019-08-02,2018-08-02,2019-08-02,252,167,0.0015327695235504146,8617.97189465359,0.00018333518124271302,0.9984672304764496,4295.308250781322,3961.8074516563465,210.0070642079975,10198.82972362967,2147.654125390661,645.6866805327882,75.4017566367801,5153.821297063316,0.051911284045005,216.45650491061772,0.0013183623931672227,0.948088715954995,455.51026113081724,423.48576019616445,322.4896991883159,615.9901694532454,227.7551305654086,204.08122028890034,142.8722670616545,324.9534347005775
2019-08-05,2018-08-03,2019-08-05,252,167,0.001537955777733635,8623.91785469954,0.00017372549744775406,0.9984620442222664,4419.529109021422,3960.3781252923686,208.07110442183154,10567.026529199455,2209.764554510711,669.2046287453608,74.69703258047782,5468.119738822128,0.10233384460091866,104.24050487778328,0.0023293606660823867,0.8976661553990813,411.30452120931204,398.82116838231974,334.05884792200953,509.2855657875562,205.6522606046561,196.32126314428137,154.10162714855102,264.6650172567952
2019-08-06,2018-08-06,2019-08-06,252,167,0.0015469432398868,8573.5853001172,0.00017378708879276923,0.9984530567601132,4418.925765101912,3908.237269849936,207.0014093747135,10596.211242656927,2209.4628825509562,637.7759625489361,74.66544621257744,5484.17790073199,0.052434546673723714,216.01315744948008,0.0012048721702640687,0.9475654533262763,454.35676685897215,420.9461464372597,320.56962804258177,616.0482065894458,227.17838342948608,203.0085848939406,143.69412109267932,347.6728278198121
2019-08-07,2018-08-07,2019-08-07,252,167,0.0015498442710687454,8555.634808801382,0.0001743002087503856,0.9984501557289313,4316.88842205121,3907.234510445215,208.84582766725356,10392.12789745585,2158.444211025605,636.8153456411196,75.02875860175766,5163.807722698841,0.05236284280093573,216.38619265279223,0.0012000092616418845,0.9476371571990643,454.40577237292536,421.31294453636593,320.40617324892656,615.3768130427835,227.20288618646273,202.85495757381366,143.98888286962057,344.1347161009659
2019-08-08,2018-08-08,2019-08-08,252,167,0.0015350301834690105,8629.387195260202,0.00017667483177192023,0.998464969816531,4315.522146598348,3967.4607232721205,209.9555158935483,10493.505800887613,2157.761073299174,746.5185512407959,74.24818573967273,5418.065416377532,0.0,,3.5444543500745604e-05,1.0,3186.5074076947003,938.9319486059417,252.53899395393623,9213.490456627005,1593.25370384735,330.4460653075912,5.682486785378075e-10,7165.323743719386
2019-08-09,2018-08-09,2019-08-09,252,167,0.0015649632822858361,8465.248239237928,0.00017642186270151386,0.9984350367177142,4420.762161543624,3930.5019836579936,206.99636978966217,10565.388538790505,2210.381080771812,679.4917067262938,74.3662055601779,5463.879172273001,0.052879392911902245,213.55185881129322,0.0012466161690406123,0.9471206070880978,453.1452933712159,420.5244615658962,320.5303184387728,613.3438570178547,226.57264668560794,202.50328409874035,144.50239374867797,346.06697364755377
2019-08-12,2018-08-10,2019-08-12,252,167,0.0016770846664577732,7899.254277105564,0.0001764367613201809,0.9983229153335422,4314.8531337947325,3897.269053949,208.5213047290227,10283.9667880597,2157.4265668973662,647.2130865455008,74.32754704986743,5463.744763975196,0.10284015115101397,103.91742217968918,0.0022842598631630548,0.897159848848986,409.6894146207246,397.38084433091274,334.0147974508252,506.1439134877651,204.84470731036234,196.38347596143169,155.299328552725,255.2558069893843
2019-08-13,2018-08-13,2019-08-13,252,167,0.0016745245650416907,7909.348179623268,0.00017702357640034136,0.9983254754349583,4333.750926865185,3892.5144481426387,209.91126102886489,10316.139042602108,2166.8754634325924,751.0842719478269,74.35151141354442,5505.876047805581,0.10284308600017555,103.8388017952236,0.002302102053350148,0.8971569139998244,409.9086811591548,397.64656243266995,333.63655215358114,506.0606619774849,204.9543405795774,196.59513033019658,155.00863387384572,260.35528695233927
2019-08-14,2018-08-14,2019-08-14,252,167,0.001770064305175012,7473.620711475948,0.00017980833753990884,0.998229935694825,4347.646196619142,3945.3229835017432,206.8797125981413,10210.742367944305,2173.823098309571,641.7906225920866,74.40305728124919,5572.6355993546895,0.052171828237604245,214.33396113433375,0.0013919851018826235,0.9478281717623958,449.29741963673166,420.27094836104277,320.3474865944939,603.0415996359332,224.64870981836586,202.6561039252157,144.48897568627194,340.262345526348
2019-08-15,2018-08-15,2019-08-15,252,167,0.0017493387738578559,7563.569642545074,0.00017936719968183966,0.9982506612261421,4330.644219284344,3936.8296488706555,206.58842031674737,10143.847543524082,2165.322109642172,624.7180574900717,74.7233017985421,5327.310614355205,0.052122326885364334,214.2995498916444,0.0014093579895419928,0.9478776731146357,448.71887878066474,419.726254395532,320.4592957654621,602.3807268075199,224.35943939033234,202.13959186924978,145.39507185904674,344.59905399985144
2019-08-16,2018-08-16,2019-08-16,252,167,0.001845470913141578,7172.285162543418,0.00017847295831711882,0.9981545290868584,4281.132999644194,3963.329898111869,206.3233424528289,9977.317852538186,2140.566499822097,622.0249309696003,75.41584618737926,5355.890746837391,0.05231234026445408,213.57912733856307,0.0014050901750412043,0.9476876597355459,447.5651815997703,419.3399310338308,320.26959943513685,598.0994091163365,223.78259079988516,202.12485584460376,145.89001952990466,337.29467695984164
2019-08-19,2018-08-17,2019-08-19,252,167,0.0018343148760467942,7213.883390623936,0.00017913632827974043,0.9981656851239532,4401.203615052367,4023.6760530527845,207.05289878404213,10340.41034528671,2200.6018075261836,630.6521457472523,75.758454820405,5576.2105696594035,0.0,,0.00010305376304351583,1.0,2386.3695334740482,820.9363651962436,227.35894637071243,6684.245422225612,1193.184766737024,314.3785377242984,48.718354555373004,5000.038261616212
2019-08-20,2018-08-20,2019-08-20,252,167,0.0018392736264555287,7194.108518855841,0.00017924376218739468,0.9981607263735445,4321.7332302812965,4023.21511282316,205.57882467484148,9991.366411550982,2160.8666151406483,619.4356324188393,75.95793123013438,5373.866651823924,-8.881784197001252e-16,,9.615568444492641e-05,1.0000000000000009,2257.3818184326856,826.8366992034697,222.34282777011651,6182.158129816792,1128.690909216343,307.7185490697997,48.47144935262693,4548.870455974079
2019-08-21,2018-08-21,2019-08-21,252,167,0.0018197276295167653,7267.63611283832,0.0001804696298877112,0.9981802723704832,4333.50021419759,4016.748128523077,204.4303646838034,10034.991424668386,2166.750107098795,617.5090833435073,76.25998945275822,5384.897420877372,0.05205413528632663,213.77155643808305,0.0014699552318067212,0.9479458647136734,447.5514354866155,419.3218584911455,319.99977623009454,599.1101626350841,223.77571774330778,202.61748451789106,145.87727855481327,333.56837382952665
2019-08-22,2018-08-22,2019-08-22,252,167,0.0017877614480225068,7398.645869920965,0.0001801278524491286,0.9982122385519775,4445.811722600302,3977.2083468178043,203.3557404817927,10452.19797301511,2222.905861300151,634.9253111189005,76.57474448602939,5473.290929837929,0.05231392144169911,212.93677255095494,0.0014526186217260616,0.9476860785583009,447.32953661050044,419.36022749725845,319.6494503955927,598.1256936868473,223.66476830525022,202.6432056055454,145.79478332081592,333.91181571165805
2019-08-23,2018-08-23,2019-08-23,252,167,0.0018616900592652863,7109.126523123489,0.0001786968090949551,0.9981383099407347,4427.150257834339,4041.7477101468226,204.44327710541472,10427.924738843392,2213.5751289171694,613.3081896946735,76.44530589419247,5471.6171142376415,0.10195341165077965,105.19324087203402,0.002199248421628482,0.8980465883492204,409.6147741065535,397.29233845762815,334.23297667135586,501.75771023430394,204.80738705327676,196.07457653429657,156.292009544156,259.34084766529884
2019-08-26,2018-08-24,2019-08-26,252,167,0.001868315096465234,7084.8999381035355,0.00017836914169948705,0.9981316849035348,4442.019938996082,4038.5956123140395,205.3935422551707,10472.600716742958,2221.009969498041,629.9164862492426,75.84188934134262,5531.296382870383,0.10151343896655884,105.66586537882263,0.002195522565396594,0.8984865610334412,409.4772411609115,397.193529786889,334.2358014542394,501.49730596479134,204.73862058045574,196.04857345083747,156.31191422768185,258.27315871086773
2019-08-27,2018-08-27,2019-08-27,252,167,0.001881502754166875,7034.57704006913,0.0001785921418123221,0.9981184972458331,4548.77680398219,4037.3955389495977,204.1385188667767,10508.682427362091,2274.388401991095,613.7938293569431,75.91714899801735,5499.435677737572,0.10198055026072073,105.22553554230728,0.002185768425530154,0.8980194497392793,409.41550373938975,397.23418804846506,334.5226545319726,501.4269071628462,204.70775186969487,196.86102740223578,156.2851838666336,258.46455115782754
2019-08-28,2018-08-28,2019-08-28,252,167,0.001894981019821329,6983.7966122633525,0.00017884485844327463,0.9981050189801787,4494.590600004325,3982.512848250597,205.4731464057096,10456.923253052548,2247.2953000021625,613.8777215621551,75.80609870246012,5554.185983943192,-4.440892098500626e-16,,3.956425784545994e-06,1.0000000000000004,4632.913786138609,782.7567060107632,205.94829607216923,3602.0710018611708,2316.4568930693044,323.06370180379986,60.310570738421994,2296.770576097207
2019-08-29,2018-08-29,2019-08-29,252,167,0.001909429745439839,6932.417264121608,0.0001783444891116977,0.9980905702545602,4526.888618825403,4042.573770157007,205.99507692090543,10554.60677772762,2263.4443094127014,615.5813740905696,75.66944011238422,5641.857503057407,0.10165074297030152,105.29771691470809,0.002246412069185528,0.8983492570296985,409.57838555015263,397.54158965073566,334.146046063017,502.3499682807696,204.78919277507632,197.2230330703477,156.03294889661734,259.4765363317013
2019-08-30,2018-08-30,2019-08-30,252,167,0.0018928214248487008,6994.127927055744,0.00017804664303507542,0.9981071785751513,4532.365425568122,4093.9886167466516,204.96054140845925,10513.550651462687,2266.182712784061,615.9005104800667,75.70173645866316,5670.474982943128,0.10159613298728976,105.27556854878162,0.002264456563596299,0.8984038670127102,409.5807901117031,397.3437756558263,334.22046623326435,502.88556774910927,204.79039505585155,196.3941746812075,156.13587103716054,259.9168947553032
2019-09-03,2018-08-31,2019-09-03,252,167,0.0018507397034831508,7154.070569550055,0.0001777464860385331,0.9981492602965168,4547.398324802004,4066.3398999138944,205.73284372577444,10508.989545211953,2273.699162401002,636.7306964909775,75.17857239695034,5551.943129742057,0.10065412536711149,106.29977596317572,0.00225559656185015,0.8993458746328885,409.8677111208681,397.7727266443501,334.6913283618689,503.18643982652327,204.93385556043404,196.33648036538824,156.39525170292262,259.24928997785736
2019-09-04,2018-09-04,2019-09-04,252,167,0.0018790356854171408,7042.765849802506,0.00017894390702162478,0.9981209643145829,4511.38233551103,3991.6435144070833,205.64260597864197,10487.308975326474,2255.691167755515,638.0979231650824,75.1044479391843,5538.774193344963,0.10065332662437709,106.1965544201456,0.002279346972874898,0.8993466733756229,410.25667268773134,397.3048060532017,334.25286724708275,505.75843648215016,205.1283363438656,196.47200396290492,156.52908844078513,262.8352362795678
2019-09-05,2018-09-05,2019-09-05,252,167,0.0019085146717920942,6948.569880607984,0.00017403095380766966,0.9980914853282079,4586.6555360427155,4179.45313597519,203.37299878842126,10781.783283069597,2293.3277680213578,659.6108935296159,74.4129599706623,5567.057660574128,0.09976193774065467,106.82902623510067,0.002352444030766722,0.9002380622593453,410.03867817290035,397.3657007826814,334.1233412564225,505.2133335100939,205.0193390864502,196.42215685117284,156.7947709001806,261.9330702221068
2019-09-06,2018-09-06,2019-09-06,252,167,0.001917890103574793,6915.0329663614475,0.00017388731106935358,0.9980821098964252,4513.995036979332,4185.806374863967,203.28140276469674,10149.151769524242,2256.997518489666,657.3484310085678,73.84115989902003,5505.789064808795,0.0514488178121556,214.61018515335283,0.0016023721874052833,0.9485511821878444,445.09959764788186,417.71718471254553,318.98129294532174,592.546343974492,222.54979882394093,201.67367662986896,147.22179333699856,337.08893106085594
2019-09-09,2018-09-07,2019-09-09,252,167,0.0019529179818408293,6790.9058454194155,0.00017392055342682378,0.9980470820181592,4478.504796827881,4083.6073294466237,203.58615203855544,10199.129644764102,2239.252398413941,588.429685634895,74.33285864061705,5619.325392776673,0.10042449861158753,105.82291763148365,0.002424710219687821,0.8995755013884125,409.30581834395196,395.7480822723906,334.2113387385524,505.60551575382635,204.65290917197598,194.93020352355285,157.51900948251216,266.7223123052289
2019-09-10,2018-09-10,2019-09-10,252,167,0.0020373668026287817,6504.403867904109,0.00017570812409921515,0.9979626331973712,4395.788308277974,4175.628147404912,204.18117798433167,9819.10751951199,2197.8941541389863,586.3170574791036,74.26028327362225,5688.49508915687,0.10190570052019132,104.55622245333427,0.002358557898055595,0.8980942994798087,409.34263692163785,395.75133723773945,333.54718192463616,505.9534011388435,204.67131846081892,192.8575434823947,157.97360808197774,267.741247835041
2019-09-11,2018-09-11,2019-09-11,252,167,0.002072107320017169,6399.923823762382,0.0001740515885484784,0.9979278926799828,4154.81550134384,4208.28767732543,203.38689411932143,9651.08536272192,2077.4077506719195,538.06826609343,74.20451124261096,5620.019636513752,0.10262326722369464,103.87083763256494,0.002347523019120934,0.8973767327763054,409.374878487976,395.55241377548646,333.3181519390145,507.188643690455,204.68743924398797,193.14683659312612,157.86197189834218,267.301861212774
2019-09-12,2018-09-12,2019-09-12,252,167,0.002033759994894524,6520.566356152393,0.00017406238070332398,0.9979662400051055,4175.693035922863,4152.961106862449,207.3942307505111,9832.996678787378,2087.8465179614313,531.3667053384834,73.82708449514585,5815.311564669735,0.10341610146227942,102.96438145506943,0.002374413703701573,0.8965838985377206,409.06002563033263,395.5239214866862,333.4805155004981,505.72234546455394,204.53001281516632,193.8221714597526,157.54532610719673,264.29482919154617
2019-09-13,2018-09-13,2019-09-13,252,167,0.0020163936132108207,6577.056227896748,0.00017394628980695645,0.9979836063867892,4194.762013235348,4158.192714086113,204.43590210643382,9843.566387777219,2097.381006617674,528.2267671348552,74.23494276176179,5784.292024100278,0.10293081382142755,103.55902027248655,0.002347876328949341,0.8970691861785725,409.3153245730553,395.50167626871627,333.0922455233207,506.59672279083304,204.65766228652762,193.3586953238775,157.67288738389158,267.1643595908753
2019-09-16,2018-09-14,2019-09-16,252,167,0.002003493425632885,6621.222404173235,0.00017331403627690733,0.9979965065743671,4218.453368514152,4188.800635520627,204.9237913892327,9863.431094759397,2109.226684257076,522.0617484385691,74.00317438434129,5753.970856853009,0.0531734991071644,206.55812039858523,0.0016980956790344703,0.9468265008928356,443.01429689955893,417.8153891772479,318.70837557937256,587.8556671511897,221.50714844977946,202.10823354887214,147.7259380117288,330.57486671640237
2019-09-17,2018-09-17,2019-09-17,252,167,0.0020155081443471445,6581.733760826805,0.00017332054564855894,0.9979844918556529,4193.274718892194,4070.611298852562,205.61909067329776,9801.541532602658,2096.6373594460974,553.9649905707554,74.12764167851776,5764.403125698284,0.10385067395396819,102.85544278945234,0.0022963442719635112,0.8961493260460318,409.3517494833458,395.6023401795164,332.92743998724814,504.9146997307808,204.6758747416729,193.04442070755863,157.51374714346466,270.8412535592739
2019-09-18,2018-09-18,2019-09-18,252,167,0.0019982610787703248,6637.187333224687,0.00017378999125583023,0.9980017389212297,4265.609733960071,4087.0728332033914,206.5289728840552,9780.556225953793,2132.8048669800355,562.8127266802148,73.75550881994725,5720.364283951337,0.05344896447160252,205.55455018041962,0.001692569207056904,0.9465510355283975,442.8709624934946,417.01307951773055,318.5998784975074,587.5618288386175,221.4354812467473,202.0310600296999,147.8112167898384,327.7418693806858
2019-09-19,2018-09-19,2019-09-19,252,167,0.0020150014682167594,6580.988382972318,0.00017416088351930237,0.9979849985317832,4179.355661549,4135.013882274138,205.80149586300809,9623.624730455695,2089.6778307745,550.1129425803249,73.67927792835808,5741.327668285753,0.053689771782030826,204.2822113838757,0.0017247121321449725,0.9463102282179692,442.5460887637287,416.9043434479253,318.896935149292,587.9527985051028,221.2730443818643,201.70340776630627,147.93169675615212,327.03929170122706
2019-09-20,2018-09-20,2019-09-20,252,167,0.0020911541348506146,6344.6575616242235,0.00017295368635914071,0.9979088458651494,4155.185696863706,4107.986467275489,206.82390498391553,9627.961208658075,2077.592848431853,553.5619402748002,73.52629087262542,5647.144073772555,0.05357123751339399,204.80114019707284,0.0017185397375947431,0.946428762486606,442.8184578464149,417.48086388887225,318.5056290489349,588.6606202256272,221.40922892320742,202.010617876484,147.94816808940388,330.87414507597225
2019-09-23,2018-09-21,2019-09-23,252,167,0.002054233073950029,6459.604612904832,0.0001726294350959427,0.99794576692605,4151.826571955328,4107.820595232961,208.31052100536607,9625.575131987325,2075.9132859776646,548.0507291315269,73.63601585621925,5634.082410691585,0.053801591150567374,203.9821423076929,0.0017131977313063452,0.9461984088494326,443.0325431357716,417.12030370439584,318.42944747703785,589.5500844129419,221.5162715678858,201.82638612807207,147.73024694924175,331.62561549754315
2019-09-24,2018-09-24,2019-09-24,252,167,0.0020381930907519274,6511.75882204268,0.00017216596153034195,0.9979618069092481,4188.698353851255,4086.594797419924,207.87885096524846,9734.213455244188,2094.3491769256275,559.8346269560739,73.29243969998198,5523.071399694551,0.10254695670412117,104.01275506994632,0.0023320179696399894,0.8974530432958788,409.2054952015779,395.4869012402206,332.5163905512955,506.5103454513883,204.60274760078894,192.7470454663461,157.23466027913904,269.5543723497278
2019-09-25,2018-09-25,2019-09-25,252,167,0.00210484208748396,6307.886378999293,0.0001713273425249162,0.997895157912516,4291.393044065404,4119.882390412736,206.00083631867685,9906.86830119703,2145.696522032702,563.9526440500272,73.48489207119675,5869.930865906315,0.0543413176727916,201.85628234539905,0.0017225213210380192,0.9456586823272084,443.81255243501226,416.7377146979279,318.2211026072842,595.4806742841441,221.90627621750613,201.72378330713877,147.61885743826235,333.6781767107203
2019-09-26,2018-09-26,2019-09-26,252,167,0.00202601362799415,6551.5887256144315,0.00017192746983019143,0.9979739863720059,4295.301652234382,4141.4563135208,211.17107507925314,9827.61099286041,2147.650826117191,561.925336919503,73.31299192779298,6318.45019067408,0.05326246378530897,206.61300737270554,0.0016623090706114653,0.946737536214691,443.7601954916551,416.7395546532054,318.25577781761126,595.4240918160667,221.88009774582756,202.23943431113653,147.45926072621614,333.794996458313
2019-09-27,2018-09-27,2019-09-27,252,167,0.0020513006750233487,6470.280973196826,0.0001721195022421736,0.9979486993249767,4475.8137271365285,4132.149679264623,210.2602225357149,10482.940252566641,2237.9068635682643,573.5030508096689,73.33784357675907,6275.811089948798,0.053958648497232975,203.81001533877387,0.001674663897761492,0.946041351502767,443.1452888210983,415.8506325636079,318.2176287837607,594.7391263159697,221.57264441054912,202.08083861552473,147.60471397289518,332.5254705416484
2019-09-30,2018-09-28,2019-09-30,252,167,0.002051472739946325,6470.052030872134,0.00017200875498331498,0.9979485272600537,4442.963389077813,4102.454765783227,209.99873415991664,11031.990906014158,2221.4816945389066,586.1175533577431,73.33183219786316,6192.437052249298,0.10332868836730535,103.14828829086377,0.002350782211061183,0.8966713116326946,408.7502275734083,395.7138636097434,332.3233267767428,502.8028365488573,204.37511378670416,191.42345001834616,156.87163475261553,264.79895276762124
2019-10-01,2018-10-01,2019-10-01,252,167,0.0021493850034177697,6178.254126539419,0.00017092655769187134,0.9978506149965822,4323.785910010679,4104.53941432281,207.93852103863122,9888.941804272692,2161.8929550053394,588.3200488355935,72.97645176003326,5799.57043994488,0.10403086905007419,102.52486340920726,0.0023330462690536193,0.8959691309499258,408.4554340231775,395.7610557021516,332.1055559839622,504.0961370412368,204.22771701158874,191.45898037440153,156.71859247517767,264.415650709216
2019-10-02,2018-10-02,2019-10-02,252,167,0.0021871134038472517,6079.17629333024,0.00016814602334544012,0.9978128865961527,4342.435851881802,3958.477291504785,208.95017058028924,9936.999335215478,2171.217925940901,589.9888777652031,72.8931437684648,6019.355493548385,0.10439478861558238,101.91690182716303,0.002394877406693628,0.8956052113844176,407.9124443674353,395.5058243872245,332.0124410096572,502.5127962840826,203.95622218371764,191.6842673459982,156.89853748294075,264.4530208526509
2019-10-03,2018-10-03,2019-10-03,252,167,0.0021619176212102076,6152.688612521068,0.0001671806249956869,0.9978380823787898,4355.655776370453,4081.43332528914,208.7604019502787,9919.126275729288,2177.827888185226,558.751750129767,72.57855026913239,6020.341129347101,0.10380183834779821,102.4909226128663,0.002396907305824598,0.8961981616522018,408.18045624763204,395.6425452050644,331.98570329060567,503.7412984716412,204.09022812381602,191.31193261546176,156.79165665903008,263.8161244237213
2019-10-04,2018-10-04,2019-10-04,252,167,0.002254999086288567,5896.831760605917,0.00016789361114124662,0.9977450009137114,4349.958046776028,3956.7580708443456,207.2187314874806,9929.393902489528,2174.979023388014,545.5722189963449,72.85210939052537,6078.322435185884,0.05350435344382387,205.0041963913912,0.0017234161999579339,0.9464956465561761,441.3223969273226,415.89254235120166,318.31473373697554,594.8846195041368,220.6611984636613,201.59313872368216,147.5784847961744,336.73431814500776
2019-10-07,2018-10-05,2019-10-07,252,167,0.0022470219053217777,5917.001546101539,0.00016818232453857625,0.9977529780946782,4441.06079437626,3963.1808676785495,206.04695001122244,10477.829871921835,2220.5303971881303,546.7410336922676,72.4913132671591,6183.699532888387,0.05351456683739819,204.84160693184424,0.0017348407106075891,0.9464854331626018,441.09183633496536,415.6846921954684,318.0172076366765,595.5957016203236,220.54591816748268,201.44976790738252,147.60445821031195,338.67937314752675
2019-10-08,2018-10-08,2019-10-08,252,167,0.002228187950340521,5970.7396730910505,0.00016679250414743354,0.9977718120496595,4470.732486517073,4031.4882684204367,206.69021848826026,10478.009955828738,2235.3662432585365,570.7447535771194,72.89967697281426,6191.9904200305145,0.05323351015017108,207.41608255304675,0.0016022987695016797,0.9467664898498289,442.2628427927001,415.6908299744896,317.83198835574467,593.3874481058872,221.13142139635005,201.2098585144509,147.4946270308973,342.52383431336614
2019-10-09,2018-10-09,2019-10-09,252,167,0.0023146323810312452,5749.612175781617,0.00016607545337962566,0.9976853676189688,4610.904768749059,4206.862182185331,206.3535550630944,11454.08188282577,2305.4523843745296,567.5469998741439,72.99497727542973,7177.913482336176,0.05357769919759148,207.17692671568227,0.0015111370862919398,0.9464223008024085,442.5863644590453,415.57652220124487,317.8010183680977,594.5388026095349,221.29318222952264,200.57794331913786,147.2333451637556,342.0942295215336
2019-10-10,2018-10-10,2019-10-10,252,167,0.0022976049142087174,5793.148558623616,0.0001657224078807686,0.9977023950857913,4758.847996253801,4228.326823219719,202.74981031280092,12346.295874713414,2379.4239981269,621.0903062984682,72.80498105888381,7814.1323801308845,0.10334208981489723,103.96088926480085,0.0021584490024076255,0.8966579101851028,408.5821961803407,395.32750249755884,331.30586353180234,504.3027482447498,204.29109809017035,190.15811390774462,156.44608381622115,272.18773062307343
2019-10-11,2018-10-11,2019-10-11,252,167,0.002251124711989516,5936.031075174561,0.00015726534896368457,0.9977488752880105,4697.21598768066,4216.585980105892,201.51714773642985,12026.47397932961,2348.6079938403304,643.8289040767827,73.81209616470865,7789.364889581702,0.05485453925173078,202.62685498923045,0.00148872893853677,0.9451454607482692,442.24876820321015,415.08292394753676,316.8846044034303,593.2998515365196,221.12438410160513,200.77507743940157,147.07295942621477,336.0918086180453
2019-10-14,2018-10-12,2019-10-14,252,167,0.002322954008464606,5768.077137619356,0.00015166935205548424,0.9976770459915354,4810.331289915108,4225.623753437905,199.15354827864726,12742.278150355924,2405.165644957554,645.5779322335775,73.4819303520868,7936.387210114226,0.10387326692958054,103.663254530195,0.0021066195555446603,0.8961267330704195,408.7768481975418,394.5930835039953,330.8408048720548,506.69145066781067,204.38842409877094,190.7521487352401,156.56763202146158,271.3260814711403
2019-10-15,2018-10-15,2019-10-15,252,167,0.002320637774960388,5773.422809477116,0.0001518142420128043,0.9976793622250396,4770.754846908998,4226.320919831435,199.38996745269168,11999.704655198964,2385.3774234544985,721.1228701380116,73.3888381114183,7864.042404336752,0.0,,4.9919678868783034e-05,1.0,5999.0323017648325,814.0282553992785,252.58726662915188,25119.160478693073,2999.5161508824162,324.30560252577914,2.213907719309899e-09,18770.425093992944
2019-10-16,2018-10-16,2019-10-16,252,167,0.002322906268394931,5767.552141159624,0.00015189624999321845,0.9976770937316051,4775.070083469486,4215.375232714879,199.24380329900444,11990.705988730177,2387.535041734743,717.9779840670931,73.18048423620546,7853.867231136316,0.10481002740056178,102.39928106005951,0.0021824629033499747,0.8951899725994382,408.07182114039193,394.40802708774436,331.08911625270434,504.57442775696944,204.03591057019594,190.35972767013862,156.80407424870285,272.99558266046336
2019-10-17,2018-10-17,2019-10-17,252,167,0.002333045788634247,5740.979086927868,0.00015243124814528103,0.9976669542113658,4777.761570701278,4171.925312422533,200.39267271384566,11963.033336205986,2388.880785350639,750.5856440168942,73.05528320328244,7817.481080551697,0.10497474635197346,101.5518284626314,0.0023456159450118332,0.8950252536480265,407.87305631075526,394.68155939629037,330.5258599556523,505.2045693442781,203.93652815537757,190.22194971051385,156.40826790618692,270.3430773939029
2019-10-18,2018-10-18,2019-10-18,252,167,0.00232464562036816,5761.677059199319,0.00015244797683037402,0.9976753543796318,4921.302418693729,4206.598200237597,200.8368642062922,12057.602837061379,2460.6512093468646,752.6497424203042,72.97544661713516,7847.4059285255435,0.10612622464432564,100.65887431147287,0.0022941884337760138,0.8938737753556744,407.7847530392359,394.36557745661906,330.8151502801144,506.0594339311447,203.89237651961793,190.57060221749617,156.75188718669057,269.61183220668823
2019-10-21,2018-10-19,2019-10-21,252,167,0.00239212619316842,5599.020379792735,0.0001524928084707052,0.9976078738068316,4631.967010607789,4212.300645217431,205.17326749255312,11348.586079316305,2315.9835053038946,641.3710181526633,72.5819522704376,7652.030437060489,0.10523206672703644,101.50940811439743,0.0022953392566913973,0.8947679332729636,408.0030013957039,393.6914467168959,330.6575995332748,508.31070496812896,204.00150069785195,190.3900087847336,156.65266207228373,269.9172605831794
2019-10-22,2018-10-22,2019-10-22,252,167,0.002429599164413876,5514.049906213387,0.00015198011642254125,0.9975704008355861,4589.78912741438,4207.974518851514,205.3020139954685,10618.52204248327,2294.89456370719,634.534260715511,73.02569230609427,7153.047981265945,0.1053685978217559,101.51028765771751,0.002263537352810563,0.8946314021782441,408.0014332268722,393.95720681576967,330.02873243827867,507.6116026793981,204.00071661343605,190.51417509259255,155.4653344620497,264.9905547999748
2019-10-23,2018-10-23,2019-10-23,252,167,0.0024669401264956203,5430.456303392168,0.0001520288315232566,0.9975330598735044,4620.417208212269,4235.107334141867,206.91609991999422,10672.92788103588,2310.2086041061343,651.4286819533249,72.36938111116423,7163.081531377301,0.053607538605351834,206.99208062668924,0.0015167797648918447,0.9463924613946482,442.6179275160651,416.793089184531,315.7437751800838,597.8805002144918,221.3089637580326,198.91737235010703,146.20818101126196,332.0222424388731
2019-10-24,2018-10-24,2019-10-24,252,167,0.0024173531771696233,5541.605454524557,0.00015211901255833977,0.9975826468228304,4551.434027832882,4238.014946777671,209.4298365333862,10468.03881935392,2275.717013916441,733.8540394824108,72.55337482434342,7067.24158943704,0.05334585900145172,207.8909919901891,0.0015262319478459572,0.9466541409985483,440.94494611015415,415.65405672820754,316.9516178716317,592.5331151769988,220.47247305507707,200.03135906176934,146.71742415592553,333.245147610168
2019-10-25,2018-10-25,2019-10-25,252,167,0.0024291479078012435,5502.49649801074,0.00015669525813605581,0.9975708520921988,4480.862443362806,4260.923553222492,213.553550579274,10162.877145890838,2240.431221681403,634.8304607248808,74.32653423311976,6043.6832529240055,0.05643306366472789,196.66547556520416,0.001513598853341876,0.9435669363352721,441.30450329457204,415.6368597607936,316.58527803754976,593.6315835212321,220.65225164728602,199.45201234882722,144.97242942344118,324.75394941937026
2019-10-28,2018-10-26,2019-10-28,252,167,0.002239835087854969,5963.004101586407,0.00015830680092131284,0.997760164912145,4362.767939763171,4232.452819908343,214.8389882491086,9986.678190785477,2181.383969881586,558.2244197397914,76.58153955873152,6053.484114225239,0.10184399037157932,104.50765034474603,0.0023855968139741644,0.8981560096284207,407.5069338120191,395.46495408205567,331.052883591862,503.7274094982623,203.75346690600955,190.023668977649,154.95030579988537,267.4986179242007
2019-10-29,2018-10-29,2019-10-29,252,167,0.0013213646755273478,10110.678391928357,0.00015771466319739182,0.9986786353244727,5307.199731605388,4221.222380724795,212.47949512407087,13509.519395514151,2653.5998658026933,582.9700923423085,76.80798771637706,7808.45222116674,0.10281690583552083,103.19939530475322,0.0024652246904150366,0.8971830941644792,407.2400687421498,395.87090422624914,330.8129922657934,501.950833772452,203.6200343710749,191.32004216003196,155.71736715286053,266.23664152254906
2019-10-30,2018-10-30,2019-10-30,252,167,0.001264862618486795,10578.813989782371,0.00015445987909036216,0.9987351373815132,5531.539938441002,4252.148298641465,212.10297907806535,14265.204159748782,2765.7699692205006,554.0061547219555,75.90942695667866,8471.618417549276,0.10235184714958989,104.09644710072588,0.0023595285272755484,0.8976481528504101,407.3853059672435,395.5813003189385,330.2767442780149,502.0408320036414,203.69265298362174,190.5352937946435,155.6910807112212,271.2258953323083
2019-10-31,2018-10-31,2019-10-31,252,167,0.002389231997861674,5597.527159950833,0.0001555379486324373,0.9976107680021383,4450.806579275455,4253.301528647099,212.66043316335083,10105.846224943441,2225.403289637728,563.8740388119231,74.92116207227636,6573.944991447092,0.1019892617035234,104.46948805557724,0.002358815314541344,0.8980107382964766,407.74432921091335,397.37608831549096,329.2303329824748,501.83896878976617,203.87216460545667,191.68343187949614,154.36134541337356,262.90689821630394
2019-11-01,2018-11-01,2019-11-01,252,167,0.002487085349898721,5391.159874619147,0.00015026584130338306,0.9975129146501013,4487.760473200395,4284.808557038581,213.88719215276967,10117.675536854136,2243.8802366001973,558.7296282350287,74.5365565691344,6713.454423863659,0.05767615020242345,192.93016689874077,0.0014702848835387156,0.9423238497975766,443.2784650046258,416.88267699664357,314.6011652783304,595.0632229942445,221.6392325023129,199.57507332483863,143.29244810422975,320.4422048755912
2019-11-04,2018-11-02,2019-11-04,252,167,0.0012558824330939355,10689.441411993172,0.00014782055250586057,0.9987441175669061,5339.148783988709,4247.411211463867,212.9863378887802,13276.324886022872,2669.5743919943543,549.8272560135207,76.8626546467376,8031.246125480209,0.10278180848433616,103.69932637869557,0.002350248720721548,0.8972181915156638,408.9699551936982,398.5217356378946,329.01240024085183,505.6503323598795,204.4849775968491,190.92903574743895,155.20373341450906,266.50043237322376
2019-11-05,2018-11-05,2019-11-05,252,167,0.0017973063174805404,7472.868272422141,0.00014688462111665896,0.9982026936825195,4674.070664766945,4249.9150019091085,214.2226499553219,11096.018308220726,2337.035332383472,487.230749520986,76.86584490076083,6207.978006778524,0.10595541411775145,100.56724628574214,0.0023567445483448604,0.8940445858822486,408.0155107907014,398.0156340715904,328.49403757633354,503.0095915988454,204.0077553953507,190.11122045795767,155.05802206147405,267.3418471352291
2019-11-06,2018-11-06,2019-11-06,252,167,0.00181985460401346,7384.81134155869,0.00014567787145981144,0.9981801453959865,4604.328357795059,4244.4076305506915,215.03620374202472,11241.01406659702,2302.1641788975294,499.77252114145404,76.30981392380335,6113.925372649959,0.10484769556642126,101.67407464989184,0.002345815350907985,0.8951523044335787,407.97213329681415,398.18260272207874,328.7818333757479,501.51500069765063,203.98606664840702,190.66685831677637,155.0701571577654,264.2962021802034
2019-11-07,2018-11-07,2019-11-07,252,167,0.001970574067105435,6821.411560030659,0.00014526853900050698,0.9980294259328946,4458.9469260078085,4272.763503013453,212.27426375821332,10488.89448956805,2229.4734630039043,508.76664059146015,75.79919992368514,5631.047701060086,0.10633174537239354,100.17649300157893,0.0023654874693597072,0.8936682546276065,408.04114671271714,397.860269973333,328.5818566351638,503.45126369774755,204.02057335635857,190.50860040494973,155.20426547378025,263.2746317032002
2019-11-08,2018-11-08,2019-11-08,252,167,0.0019505412410636414,6890.031873969963,0.0001456766473753157,0.9980494587589364,4483.193689356326,4183.621198781669,211.6314231239673,10587.843829361927,2241.596844678163,547.468143734483,75.65334929830738,6236.919452688641,0.0576890562379998,193.3219881407363,0.0014338489746278727,0.9423109437620002,448.0228681121503,418.92169016400925,313.9858185366119,609.3383928729593,224.0114340560752,199.72780443734126,142.12723829739608,323.6247687437974
2019-11-11,2018-11-09,2019-11-11,252,167,0.0019416932849158908,6915.601235134551,0.00014733431621583934,0.9980583067150841,4578.47607646077,4251.5035238396695,211.30908819564144,10608.453363672132,2289.238038230385,546.5252982303216,76.23355856475592,6262.558228662053,0.10451859203315583,101.44953733773936,0.002483236277353344,0.8954814079668442,408.1311310402881,397.57645823283036,328.4824765568564,505.2494787274738,204.06556552014405,191.21417815503958,155.55912632346903,262.128014600901
2019-11-12,2018-11-12,2019-11-12,252,167,0.0019143179053846548,6953.835300129396,0.00016547652102237866,0.9980856820946153,4517.752652828223,4244.776781077177,213.87280861346252,10625.149036775036,2258.8763264141116,555.2480536730949,76.05609978073402,6225.153673764494,0.10422409623552509,101.65130001154903,0.0025053052667853757,0.8957759037644749,407.84477767555813,397.9323294550706,328.67782194809416,503.08592134037025,203.92238883777904,191.06973553679856,155.54648462912755,264.5035087288451
2019-11-13,2018-11-13,2019-11-13,252,167,0.001880515107035241,7077.772760472122,0.00016580661572123903,0.9981194848929648,4415.165522653463,4216.699130300534,213.77924809632228,10377.99489335043,2207.5827613267315,559.5767594494569,76.33215179255086,5704.521255700515,0.05803459730189031,192.71137495241302,0.0013895756657721398,0.9419654026981097,448.85406141897374,419.5344254167555,315.1307895147995,610.4546510030955,224.42703070948687,198.79562067756973,142.8443134345363,322.7476093557592
2019-11-14,2018-11-14,2019-11-14,252,167,0.0018810223547776062,7079.637042684184,0.0001646340616848826,0.9981189776452224,4434.502339336862,4222.865741508485,213.0681503041686,10378.809414338573,2217.251169668431,553.3707991643275,76.0699697993395,5722.695072119068,0.05824800667968111,191.570024347316,0.001425258794149632,0.9417519933203189,447.9283763484618,419.16880752244833,315.0772654490872,606.1710121972324,223.9641881742309,198.33903454711907,142.97264143232366,322.1993835252445
2019-11-15,2018-11-15,2019-11-15,252,167,0.0018842278078082808,7064.610232889857,0.00016556199086001483,0.9981157721921917,4407.880671397952,4219.518341257513,215.3700842065554,10357.797597534876,2203.940335698976,527.6938148526059,75.17255742893882,5690.124584890755,0.05820241203574017,191.05994277830774,0.0014810865174768881,0.9417975879642598,447.41785966266553,418.21446893341465,314.97602830774315,605.2318620091171,223.70892983133277,199.48098087586197,142.98085964850583,326.83324507307213
2019-11-18,2018-11-16,2019-11-18,252,167,0.0022311967173226366,6001.260676185087,0.00015303820918518334,0.9977688032826774,4126.7027380283425,4213.798742064911,217.5812953152623,9440.887780539415,2063.3513690141713,555.8730809766731,74.15413460003256,5371.7570362935285,0.05894518647838276,189.70166084194835,0.0013922563318212405,0.9410548135216172,446.9193413340819,417.46269951471396,315.4989289809151,605.295381705718,223.45967066704097,199.51546334271177,143.18628431707845,329.63701828811105
2019-11-19,2018-11-19,2019-11-19,252,167,0.0022009955220635424,6045.011347709887,0.00016660701518836496,0.9977990044779365,4162.337351336369,4234.84289813537,217.53262925722473,9628.748601310364,2081.1686756681843,550.2474670759725,75.1178436319194,5655.869950013758,0.10127608156785228,104.37633533064201,0.0025653610123399033,0.8987239184321477,407.6844337033267,397.23355993094185,329.08104101632955,502.0409370366695,203.84221685166338,192.7543649714665,155.84259550400495,264.39728520352463
2019-11-20,2018-11-20,2019-11-20,252,167,0.002185811023474815,6094.034667333389,0.00016406662423386733,0.9978141889765252,4260.879398648622,4275.516267857383,219.86291418531414,9793.685188768673,2130.4396993243104,626.0988096614066,75.15003272565647,6144.8971993418845,0.05894330406087589,189.47356472717993,0.0014116052440176802,0.9410566959391241,447.7731800383835,418.6360739193706,314.75615725668155,604.3491833548458,223.88659001919174,198.4820073427758,142.94713911929276,326.8403941581834
2019-11-21,2018-11-21,2019-11-21,252,167,0.002167562470827722,6142.279899935882,0.00016515845518547733,0.9978324375291723,4248.113605575375,4296.600053864941,219.61180193824904,9777.650013254524,2124.0568027876875,582.0229464494539,74.42495206355079,6133.627707226438,-4.440892098500626e-16,,3.9453541479106575e-07,1.0000000000000004,33368.48252247093,735.8934395178381,258.29564897399064,9387.099143169793,16684.241261235464,375.46181464994993,4.331926938298565e-11,7447.088941670577
2019-11-22,2018-11-23,2019-11-22,252,167,0.002168041020880085,6137.751650491384,0.00016629833759264026,0.9978319589791199,4301.572802748524,4298.075014575354,219.2791975559073,9826.187907828278,2150.786401374262,579.2073786785325,74.679198855121,6062.556157917978,0.10107843634301417,105.08819066077255,0.002437018765507719,0.8989215636569858,407.8780300034284,398.07309614678474,327.77921055734083,501.71496708977656,203.9390150017142,192.10813783394687,155.0635970473646,270.7937749680376
2019-11-25,2018-11-26,2019-11-25,252,167,0.0021662741346964998,6134.354886933603,0.00016935319059679905,0.9978337258653035,4261.273525543373,4295.108583882134,218.4763060310257,9624.960859487232,2130.6367627716863,584.2477822806648,74.6622803592588,5680.813177584936,0.059203708283761536,188.18734421342188,0.0014499612551118711,0.9407962917162385,446.59894565829995,418.58679939865874,314.1922414601935,604.8015710305874,223.29947282914995,199.60675725371726,142.95776090179538,325.5192341397626
2019-11-26,2018-11-27,2019-11-26,252,167,0.002169591665730386,6128.529652778455,0.00016805207239388022,0.9978304083342696,4169.238823310597,4277.105243989545,214.61017607275,9428.308111160048,2084.6194116552983,560.6769165171696,74.58511491018595,5272.624378673005,0.10174401364325136,104.39183848975308,0.002439226120880882,0.8982559863567486,408.23812571838795,397.63703587935794,327.9794449800711,503.2565383135065,204.11906285919397,192.47318896088294,155.09627633249787,273.7731507313393
2019-11-27,2018-11-28,2019-11-27,252,167,0.0021924319241837242,6066.946641665898,0.00016722049057786396,0.9978075680758163,4145.66091263471,4265.657553468153,216.1524933633657,9426.541417317665,2072.830456317355,562.5474830767585,74.81785937634079,5221.224990747834,0.10215107574096471,103.99526538437534,0.0024343924883990812,0.8978489242590353,408.3602244778042,397.2305646916488,327.5536902900898,505.31066280245227,204.1801122389021,191.94500825462393,155.36912118715176,273.6498554646717
2019-11-29,2018-11-29,2019-11-29,252,167,0.002181638831867505,6095.466021435933,0.00016776687606385708,0.9978183611681325,4142.711093953141,4272.3652899733515,216.33429287954175,9410.003235752334,2071.35554697657,606.5556940727834,74.25885579076075,5409.971311133824,0.05923275625009816,188.65406531096278,0.001402736818654339,0.9407672437499018,447.86248066727865,419.144827176038,314.54721285118194,602.3707413930996,223.9312403336393,200.26518324221698,142.53034395595049,328.67705227799684
2019-12-02,2018-11-30,2019-12-02,252,167,0.002112493913957958,6312.6492646355,0.00016161995000340897,0.997887506086042,4196.506123908885,4264.275114290338,215.4318115695211,9499.302474451108,2098.2530619544423,578.6601503673933,74.51426991370282,5480.0520031791675,0.05875603350495362,191.5919786981749,0.0012914178783811601,0.9412439664950464,448.59455799403156,419.4957888023851,314.17225004100897,602.3150120342333,224.29727899701578,200.5909146218259,142.602365074585,326.01043670182906
2019-12-03,2018-12-03,2019-12-03,252,167,0.0021814313190926526,6117.543853856327,0.00016008084761814928,0.9978185686809073,4092.238645971184,4251.79618581989,217.3282303143773,9322.479633524335,2046.119322985592,533.6087566766516,74.30452195285869,5312.369290096278,0.05899419767748526,190.63148958867959,0.0013057449027379024,0.9410058023225147,448.28390000472325,418.9846114385971,314.64322551600856,600.8697605890104,224.14195000236163,199.6996985837472,142.817870879022,329.1772811432216
2019-12-04,2018-12-04,2019-12-04,252,167,0.00216586019619025,6155.692064762328,0.00016211603120820973,0.9978341398038097,4129.868427332269,4237.585817606236,218.6678639472418,9371.779398939208,2064.9342136661344,534.0287235888337,74.65139766478029,5339.284439708994,0.05922629655720679,190.85785286255756,0.0012325949605432596,0.9407737034427932,449.5010281751667,419.26485862216134,314.6018666914761,603.6159721347938,224.75051408758335,199.2140534243074,142.96876005468843,324.4990505445364
2019-12-05,2018-12-06,2019-12-05,252,167,0.002091093074672923,6358.1991065321445,0.0001681900558646695,0.9979089069253271,4164.619484772598,4212.059387913621,216.31245602455513,9601.477687939683,2082.309742386299,538.278815787954,75.10885761099019,5531.125025165154,0.059402169965152796,188.01277389795467,0.0014113669661172154,0.9405978300348472,450.74491498771624,421.18243346350994,314.4854252823323,611.2512675662682,225.37245749385812,198.29002376539734,143.23897323471726,326.7909974970257
2019-12-06,2018-12-07,2019-12-06,252,167,0.0021095860414725998,6304.529683446014,0.00016745805897044945,0.9978904139585274,4216.029646266158,4233.933309573541,214.92963873144726,9635.331396846776,2108.0148231330795,539.9357068714113,74.44195583120622,5507.984094744174,0.059164709621285505,188.65983169617587,0.0014203755457214624,0.9408352903787145,450.9080457951337,421.32333932980845,314.36396450816636,612.8447055811527,225.45402289756686,198.1998059036511,143.218945608852,329.695665778115
2019-12-09,2018-12-10,2019-12-09,252,167,0.0020370085248049286,6539.823034384915,0.0001638588640413722,0.9979629914751951,4109.723060514641,4235.807318534244,217.23034530694648,9500.924941553203,2054.8615302573203,541.6165208593659,75.27518873592419,5444.981359850567,-8.881784197001252e-16,,0.00015399116521361966,1.0000000000000009,1860.9279135591119,701.3194459875384,199.910495988773,5617.244527692295,930.4639567795559,279.33271305119644,2.307144687724912e-24,3978.4730237190033
2019-12-10,2018-12-11,2019-12-10,252,167,0.0020301030748667293,6553.923486521375,0.00016659080256632074,0.9979698969251333,4119.822848178289,4247.000507400207,217.4444251250016,9532.53672678602,2059.9114240891445,542.5511268563039,75.1820675369237,5472.5729970452985,-8.881784197001252e-16,,0.00016176502549103468,1.0000000000000009,1864.255666262522,702.6839854360671,198.25343141330814,5674.391265153394,932.127833131261,281.3190152339065,1.9254345228294663e-25,4008.0146894441423
2019-12-11,2018-12-12,2019-12-11,252,167,0.002075779715165149,6413.008096885335,0.0001654532410119906,0.9979242202848349,4150.5776731330525,4234.84517542653,216.15607417123587,9588.014466782859,2075.2888365665262,554.2851793267619,75.07840481708001,5438.99282523448,0.059261698168965316,189.33242756835315,0.0013401268703102155,0.9407383018310347,450.97526107149497,422.08317005128913,314.37558023318377,612.2923944428352,225.48763053574748,197.84196527648407,141.81053798797635,330.7390522090947
2019-12-12,2018-12-13,2019-12-12,252,167,0.0020759678365769307,6410.07244631452,0.00016626393827593925,0.9979240321634231,4141.645575739122,4272.611246155869,216.35435904806755,9627.677671646461,2070.822787869561,623.481452216207,74.86440817050159,5519.857974958687,0.05968860898502204,187.6243505054266,0.0013687377593240642,0.940311391014978,451.05929917267605,422.06215082899297,314.1739463303577,616.5510377714882,225.52964958633802,197.24603834101868,141.756404743479,330.5100861837102
2019-12-13,2018-12-14,2019-12-13,252,167,0.0020705321509141283,6424.437217702472,0.00016711412014028701,0.9979294678490859,4136.753721006206,4225.792083891552,216.4820263408754,9772.86325319749,2068.376860503103,646.4995693667361,74.62847746053845,5913.970457425866,0.059224611738531,188.80132820367305,0.0013926941469284712,0.940775388261469,451.3765676804438,422.0306409484741,314.28949656276353,617.1127078098432,225.68828384022197,196.7707363114388,141.75004066105572,334.19187262940704
2019-12-16,2018-12-17,2019-12-16,252,167,0.002068152589658534,6432.078283120518,0.00016702798710493554,0.9979318474103415,4151.524844656709,4235.3156505295365,220.74192416589122,9747.165006912699,2075.762422328355,643.8988965802723,74.823192060112,5872.876776624979,-6.661338147750939e-16,,5.61465711636679e-05,1.0000000000000007,1603.297256408841,723.2832292922541,169.44845568834953,3447.804087884543,801.6486282044204,257.03469792633905,5.6325496306804836e-24,2369.2383929285784
2019-12-17,2018-12-18,2019-12-17,252,167,0.002165459500113487,6146.29765438032,0.000165856357543125,0.9978345404998865,4302.705043124531,4271.440586926351,221.47826017587158,10024.211313641938,2151.352521562265,629.1648237036038,75.20770324997781,5887.803249675224,0.10405088939990814,101.89185582477477,0.0024867763764625586,0.8959491106000919,406.49674971877903,396.84911793948436,328.1440108279165,498.41672310616605,203.2483748593895,193.1305146230534,154.97436125920123,269.1604367444762
2019-12-18,2018-12-19,2019-12-18,252,167,0.0021679358597006537,6138.472613254073,0.00016614582089620927,0.9978320641402993,4415.650862954593,4278.07687248342,218.69519908817315,10320.63675503387,2207.8254314772967,630.8575587283683,75.51778020155317,5903.850864801683,-4.440892098500626e-16,,5.6491958138334716e-05,1.0000000000000004,1847.883350273589,697.6186598747497,180.71091369268274,4803.112012478371,923.9416751367945,264.3011726287393,7.09073622363051e-26,3470.8773521064973
2019-12-19,2018-12-20,2019-12-19,252,167,0.002137307740214922,6232.137700549644,0.00016413423489397986,0.9978626922597851,4410.96884089275,4306.55936931802,217.35648127390252,10493.277437925319,2205.484420446375,591.5365557013204,75.30558079830611,5897.007897905713,0.10387265617040131,102.30799706336639,0.002425219564917448,0.8961273438295987,407.2710503396851,396.1569095211877,327.93143158852047,502.02939855511335,203.63552516984254,193.58820136429142,154.81624977959,267.21420735682335
2019-12-20,2018-12-21,2019-12-20,252,167,0.0011765884369151491,11328.235456766157,0.0001627165768252112,0.9988234115630849,5234.460254429254,4325.4957646136445,218.25602093006705,13065.266239886401,2617.2301272146274,628.9237324946853,76.08322620732547,7547.764355348924,0.10460264976270206,101.78648266383479,0.0023768822937073695,0.8953973502372979,406.9787302501397,396.34030426116414,327.5555061723988,500.8281338470167,203.48936512506984,193.13517174816243,154.10386109206067,271.94333627390694
2019-12-23,2018-12-24,2019-12-23,252,167,0.0011634953055323916,11439.581141187164,0.00016579992476379492,0.9988365046944676,5231.745876593171,4291.454403957466,218.74166456983505,13012.537929405502,2615.8729382965853,637.5202417730607,75.93047043324495,7535.279608317877,0.10526307585326133,100.84169707408168,0.002454733635763896,0.8947369241467387,406.805883660094,396.12670430299914,327.1545695662213,500.35104519617676,203.402941830047,193.44722572675795,152.92477611196145,271.3039395195696
2019-12-24,2018-12-26,2019-12-24,252,167,0.002667355602605559,4990.671509271859,0.00016546920962258167,0.9973326443973944,4679.131523557955,4278.550834160509,214.84711311386513,11287.472397018208,2339.5657617789775,633.7076061778032,73.88299837467981,6457.928044747192,0.11153407616145028,95.4390251862641,0.0023826706038879235,0.8884659238385497,405.6420959778525,395.1935998816732,326.7522490116542,496.68245856206954,202.82104798892624,193.26030322757111,152.7317679095659,270.60366355058164
2019-12-26,2018-12-27,2019-12-26,252,167,0.001286480079270902,10360.4025382817,0.00016275227593414362,0.9987135199207291,5412.927416591107,4264.38501419151,217.3761218480558,13858.445586566448,2706.4637082955537,627.2415252226215,74.9679495990698,8199.509251127061,0.05986808765664031,195.7313579582473,0.0008145360184039451,0.9401319123433597,475.4045959595831,427.8638170613398,311.90334263264816,687.3610701004378,237.70229797979155,200.61931501829514,138.3437769467616,361.31808766412394
2019-12-27,2018-12-28,2019-12-27,252,167,0.002215051042144145,6016.787949880957,0.0001629084400025106,0.9977849489578559,4499.216913312123,4239.654098720286,218.66755861529288,10574.88883518703,2249.6084566560617,633.8821762818636,74.32355516307943,6162.7716525514525,0.11314748603762892,95.0349048281335,0.002138201163703561,0.8868525139623711,405.9991093563066,393.98524044289394,325.31667784011455,499.3658237563737,202.9995546781533,193.01740163370303,152.1776403983551,276.85430461562174
2019-12-30,2018-12-31,2019-12-30,252,167,0.0013088479178623436,10186.955975462746,0.00016198514380382805,0.9986911520821377,5335.066260185129,4235.687578871791,216.53945201605788,13602.348236148217,2667.5331300925654,648.1425137770652,74.63972492999692,8227.463278361136,0.11405012424144467,94.32453788829976,0.002128037513381539,0.8859498757585553,405.94415871632293,393.84259222407894,325.2363100316887,500.12955312946406,202.97207935816147,193.08278810063396,152.6001122116296,279.01821723588733
2019-12-31,2019-01-02,2019-12-31,252,167,0.0021972721413561214,6067.813290031287,0.0001620724800378029,0.9978027278586439,4488.920660790454,4271.177896141662,217.79326476725652,10539.504182045826,2244.4603303952276,608.2196346714817,74.27581077851795,6160.4192147497215,0.05986486404822944,195.43485483687476,0.0008296465185873357,0.9401351359517706,474.794530569464,427.78969991035945,312.03175562844876,685.9275639875276,237.397265284732,200.22386552108566,138.77724531868964,362.2273268082829
2020-01-02,2019-01-03,2020-01-02,252,167,0.00135828781884606,9808.320981835466,0.00016372002936626586,0.9986417121811539,5625.132967215251,4311.386440396218,218.56284087677918,14281.372215666743,2812.5664836076253,623.6199047980559,73.80139430637398,9199.753317242952,0.05915054651110274,197.3960009737084,0.0008494587714858817,0.9408494534888973,473.3825705099037,427.22870273364185,312.36094528128086,678.5748961220938,236.69128525495185,200.63550586220532,139.1090697359501,361.3937446882623
2020-01-03,2019-01-04,2020-01-03,252,167,0.001318201366239946,10113.85423505136,0.00016216012505982714,0.99868179863376,5371.51460316923,4268.021549472129,223.654537899817,13999.653743301516,2685.757301584615,633.798396161474,74.24847069902778,8553.535029443232,0.11123303768382486,97.24642848109949,0.0020055329203255493,0.8887669623161751,406.3320895607092,393.5688965846987,325.90940113856203,500.6828198219434,203.1660447803546,192.66368246283298,153.42595282015998,269.2727875836914
2020-01-06,2019-01-07,2020-01-06,252,167,0.0022607384480652915,5892.700572363807,0.00016382945809073724,0.9977392615519347,4474.93758168213,4134.866730505102,221.2529035283261,10572.250233497285,2237.4687908410647,627.8670424936529,73.60686664909512,6124.387267126149,0.11242293431032468,96.18198299009909,0.002013480284162619,0.8875770656896753,406.28965629052425,393.80669973293595,325.34447351531065,500.80596132741584,203.14482814526212,194.18049803025662,152.33987012470405,264.88166049305556
2020-01-07,2019-01-08,2020-01-07,252,167,0.0022500860329042194,5925.933243171606,0.00016187446405143118,0.9977499139670958,4569.438739529993,4202.358887811179,221.18438154789882,10714.60889001241,2284.7193697649964,605.0016907414192,73.55472370044525,6235.75624202488,0.1112494095737544,97.62228258152919,0.0019203436733014503,0.8887505904262456,406.8779077931863,393.69273325396034,325.22547764485694,501.76343096385153,203.43895389659315,194.23512284611905,152.10967442283285,267.184742901822
2020-01-08,2019-01-09,2020-01-08,252,167,0.0022796091108684413,5854.628842405024,0.0001598787146034768,0.9977203908891316,4637.207949714873,4237.155562592979,219.93893506502,10866.297769721474,2318.6039748574367,617.9172230273309,73.55622187354157,6308.060658751784,0.058314269225248294,201.8851654568221,0.0007711592120199969,0.9416857307747517,485.39918243780346,429.69973404571977,312.16156658102625,715.6489038074121,242.69959121890173,201.367051895075,137.57736492312148,374.7817997418177
2020-01-09,2019-01-10,2020-01-09,252,167,0.002281352585644658,5850.7587306590885,0.00015965850424228207,0.9977186474143553,4615.4023882091315,4208.791469138448,222.4703464621162,11624.667517411472,2307.7011941045653,597.4545992895476,73.45890761529212,6365.236572496928,0.05891255382737781,200.39437490189235,0.0007461572328127912,0.9410874461726222,481.46862634665575,429.9444227080745,312.147499513736,694.5746398583486,240.73431317332788,200.99477579661493,137.31790341937827,374.3260248126114
2020-01-10,2019-01-11,2020-01-10,252,167,0.002368974548644376,5634.483278966362,0.00015960998749045145,0.9976310254513556,4660.841627002474,4216.891160796057,220.34817779147792,11061.606504146399,2330.420813501237,623.5468788794498,73.20769379507067,6373.028303341157,0.11182721519611749,96.91715266716724,0.001963935125303693,0.8881727848038825,405.4547551749561,393.5302288263489,325.18933274589534,497.1046669015394,202.72737758747806,194.68661061158582,152.57292652603957,258.8212635296941
2020-01-13,2019-01-14,2020-01-13,252,167,0.0023215279750686824,5749.026834867328,0.00015983693149898516,0.9976784720249313,4611.470496741104,4244.367100437979,220.85265699599736,10900.574003623025,2305.735248370552,598.8144359470441,73.40244099393476,6369.686909247103,-4.440892098500626e-16,,4.311757066181967e-05,1.0000000000000004,1436.735836485286,526.2414312247992,90.9693715124873,3448.211925599662,718.3679182426431,184.16081244257617,0.0,1163.3389800549878
2020-01-14,2019-01-15,2020-01-14,252,167,0.0023619231315302747,5646.155032948409,0.0001615632274727721,0.9976380768684697,4595.329545525549,4226.390851216529,222.45765790822406,10539.310731226175,2297.664772762775,550.7693472691672,73.3221613995152,6149.85603574013,0.11170403381056859,96.8144847225846,0.002010446808524505,0.8882959661894314,405.1432559777086,393.37188435864056,324.8144738185119,497.4233822700948,202.57162798885426,194.5711387011678,152.3191117472786,257.40835448968676
2020-01-15,2019-01-16,2020-01-15,252,167,0.0024074438986320112,5538.683991505777,0.00016184025397433528,0.997592556101368,4650.722820754071,4291.416685449129,222.65385186989184,10720.120518224607,2325.3614103770356,568.308009435249,73.42825047276597,6040.094042042365,0.11214777361056416,96.52318833215278,0.001989861009303622,0.8878522263894358,405.593098644527,393.50424125552183,323.871624023701,499.73423708730513,202.7965493222635,194.82803535548823,151.78772736939308,260.1863204471796
2020-01-16,2019-01-17,2020-01-16,252,167,0.002408028760488845,5539.838189794902,0.00016086911024168122,0.9975919712395112,4657.388935026257,4294.144391796434,222.3154654600877,10724.182599226768,2328.6944675131285,586.7894909063793,73.59238134158953,6089.084093405178,0.11281253732840457,96.14465212819226,0.0019476106388050753,0.8871874626715954,405.90512507480105,393.6830487653757,323.2870338968414,501.15349690800883,202.95256253740052,194.47935576265968,151.1562045561365,262.0435349925356
2020-01-17,2019-01-18,2020-01-17,252,167,0.0024095950854838843,5549.703357027699,0.00015573296987070526,0.9975904049145161,4645.445795919127,4294.083136491019,222.66932128081424,10719.199372518518,2322.722897959563,579.8614201836863,73.60509539415271,6100.0206177145465,0.05961225413961402,202.28091922464424,0.0005795541954955063,0.940387745860386,483.3668201377822,430.99851351453225,311.1786653394078,685.5446456686295,241.6834100688911,202.21691494432585,136.54483722915415,377.8747060552897
2020-01-21,2019-01-22,2020-01-21,252,167,0.002185918958236055,6121.741811127768,0.00015432322423903128,0.997814081041764,4726.733986262264,4157.473086715142,223.88986055084177,11198.55408043049,2363.366993131132,553.9475338234306,74.59645899316561,6511.651134727769,0.05931853616260163,206.24652075506387,0.0004861119971353855,0.9406814638373984,488.11608946861736,431.2816643992603,310.958694586686,689.9148474687036,244.05804473430868,202.82922930070464,136.7683277487885,382.3610476060948
2020-01-22,2019-01-23,2020-01-22,252,167,0.002157449176016679,6211.515512491265,0.00015135857940371824,0.9978425508239833,4602.170283085039,4185.736090590093,223.2538210625348,11092.500694555205,2301.08514154252,552.364760510543,74.81885004762711,6640.52884235789,0.058858531226032795,209.61790041686126,0.00043828921764859556,0.9411414687739672,492.6553167187851,432.1286576738607,311.75319303573383,692.0488842535202,246.32765835939253,203.46071509704325,135.91352379969487,386.79558206661153
2020-01-23,2019-01-24,2020-01-23,252,167,0.0021570662488406,6231.278760180384,0.00014538707133791745,0.9978429337511594,4668.329430817734,4283.393338763185,224.96157130570845,11157.658888366635,2334.1647154088673,634.8572267541715,73.92127050484457,6913.1127882019255,0.0,,1.1259468612061572e-06,1.0,6589.139697667645,542.7784150999678,84.09814071539107,2784.9356867855477,3294.5698488338226,182.7057091027304,0.0,1247.5977383009285
2020-01-24,2019-01-25,2020-01-24,252,167,0.002182165020585547,6166.659210508769,0.0001431671345578943,0.9978178349794145,4571.544405078723,4188.069778568008,223.12815514258205,10880.547099822998,2285.7722025393614,645.2232243372964,74.92742380262222,7023.434858228839,0.11171587567058072,96.97253206007017,0.0019729978353154555,0.8882841243294193,409.19355035179973,395.06013792856896,323.68176534067993,511.8371724970835,204.59677517589986,193.42507136904754,150.63365411230095,264.24140352970187
2020-01-27,2019-01-28,2020-01-27,252,167,0.002143669915662727,6281.9100319915715,0.00014178888067483783,0.9978563300843373,4612.68093111329,4257.185571684668,222.96605390201597,10942.653372267272,2306.340465556645,660.043192960436,74.9323895568527,7087.966174008338,0.11216353625527575,96.34510628717574,0.002026920493376876,0.8878364637447242,409.326008504701,394.76756874446147,323.9848665346749,512.84907343355,204.6630042523505,194.1409183591045,150.0224679997169,266.3810071119971
2020-01-28,2019-01-29,2020-01-28,252,167,0.002162129168467586,6238.480004736171,0.00013869553829938482,0.9978378708315324,4633.558706377284,4278.665772941325,223.88347109391933,10921.554919794846,2316.779353188642,664.7760309453963,74.16371470917045,6211.934528593437,0.11217887066896592,96.50918179783937,0.0019870168461216912,0.8878211293310341,408.978428295558,394.5022750235158,323.66873502138475,511.437099658655,204.48921414777902,193.25663539739872,150.1882681702868,268.90682339949694
2020-01-29,2019-01-30,2020-01-29,252,167,0.0021849256829729047,6160.1055722431865,0.0001427804119579329,0.9978150743170271,4665.426442515456,4255.404554203899,222.43334896032542,10985.204564279707,2332.713221257728,682.447646987046,74.269121829323,6225.804100840678,0.11268775481007798,95.92644854160937,0.00202018552632661,0.887312245189922,409.2180880740675,394.85482401835503,323.279691541564,513.5349044696751,204.60904403703375,193.80379614284823,149.8592823119309,271.0374777657009
2020-01-30,2019-01-31,2020-01-30,252,167,0.0021321292910765344,6315.931783900618,0.00014178298118690358,0.9978678707089235,4673.158607048489,4236.853075647762,223.20142673621595,10963.540376427012,2336.5793035242446,670.250572611111,74.53819875038143,6278.270764725588,0.06056292100096239,206.9126784098777,0.000361204596579024,0.9394370789990376,497.05427976271324,432.3885968860536,310.2152948578883,688.2648632176969,248.52713988135662,199.249002217034,134.44939230212663,373.56701712300173
2020-01-31,2019-02-01,2020-01-31,252,167,0.0021768869466045615,6182.389625587601,0.00014292463583288353,0.9978231130533954,4558.611463756075,4179.824938545994,227.1958044257971,10748.01732821507,2279.305731878037,628.079909238752,73.43079752047277,6140.032222277853,0.11331551770391823,96.20967946504437,0.0018420440066932683,0.8866844822960818,409.67033317571173,395.0755087382079,321.4229089836167,511.843427400808,204.8351665878559,193.6174798428132,148.31423175191512,272.96096511150427
2020-02-03,2019-02-04,2020-02-03,252,167,0.002212096039415634,6078.781785568719,0.0001445798039571357,0.9977879039605844,4596.134579488856,4238.027299049089,227.98923302443396,10683.425045097882,2298.067289744428,608.9862786965871,74.65181682259771,6161.0711635058215,0.11435711063285181,96.28699874871604,0.0016517287993139665,0.8856428893671482,410.564308046399,394.2203654942066,321.6081590236102,512.3542937782265,205.2821540231995,194.24365904112256,148.0581141377348,273.89058716468355
2020-02-04,2019-02-05,2020-02-04,252,167,0.002330344041630683,5767.962276242864,0.0001453790139057443,0.9976696559583693,4741.150129825854,4171.485937605994,223.89571590991102,11400.890925545596,2370.575064912927,657.1027989851339,74.56390942564187,6195.321737129198,0.11635907108032928,94.65738272790011,0.0016465469539466845,0.8836409289196707,408.80403272710834,393.49877334996955,321.35468265453125,510.1930341124704,204.40201636355417,193.79894696260533,148.3538197794622,274.1155912623235
2020-02-05,2019-02-06,2020-02-05,252,167,0.002389597711984215,5628.97257090732,0.00014398379632019558,0.9976104022880158,4782.503442082017,4310.24323990787,220.77836844958756,11386.857431320796,2391.2517210410083,639.2525800825654,75.65131191670865,6051.719565221587,0.11605961960402122,94.36461190473044,0.0017524319400040187,0.8839403803959788,407.5338484155576,393.92042134035216,321.7463835802548,506.1386555633319,203.7669242077788,193.00225458658025,148.42167693682416,278.4597046902712
2020-02-06,2019-02-07,2020-02-06,252,167,0.002351481611456485,5718.395115077639,0.00014460122535716558,0.9976485183885435,4883.521859511496,4299.577246345768,220.50258492115498,11553.40216581763,2441.760929755748,707.1525234671258,74.49605850246698,6304.1172413535,0.11777117248488023,93.34158468999519,0.001681989963337457,0.8822288275151198,407.00498482976377,392.54419008143066,321.35390743351866,505.5329313304833,203.50249241488189,193.26792563007382,147.8906483103929,281.7146832567271
2020-02-07,2019-02-08,2020-02-07,252,167,0.0024153849443195874,5567.501526213994,0.0001444627053907455,0.9975846150556804,4873.156833718949,4304.351603829039,218.97516455158544,11712.638756371343,2436.5784168594746,686.440144441699,75.37332060087756,6288.733435821952,0.1177511630500725,93.2580614833442,0.0017017893588105368,0.8822488369499275,407.1420334834381,392.27423379835665,321.1591880739099,507.3550158797151,203.57101674171906,193.63095935235367,147.59861023313206,280.0891030586156
2020-02-10,2019-02-11,2020-02-10,252,167,0.002653465117944065,5069.051872369756,0.00014404538442955523,0.9973465348820559,4690.527262974553,4272.886572304787,218.93542824195097,11271.18643995913,2345.263631487276,696.1318561219518,75.4531592029786,6178.011454507786,0.11842593160470061,92.46586090113436,0.0017551770694866488,0.8815740683952994,406.55693219350843,392.17091367551944,321.4342516108546,506.1889030929852,203.2784660967542,192.83029140275607,147.61297174065598,278.06591775817674
2020-02-11,2019-02-12,2020-02-11,252,167,0.00262100616484251,5133.095034859319,0.00014356774478052877,0.9973789938351575,4856.252995957052,4284.868318617352,217.6041635621275,12034.13911179145,2428.126497978526,698.5004820769311,74.81222510009354,6881.062239843881,0.11698678949121277,93.91419659724124,0.0016924972777989048,0.8830132105087872,407.1113230781848,392.56470692062294,321.50274762099633,507.1079975581417,203.5556615390924,193.50126600204453,147.2566111075901,279.7066417576485
2020-02-12,2019-02-13,2020-02-12,252,167,0.0024403242594571717,5504.082137033721,0.00014678010447616072,0.9975596757405428,4806.061716448583,4278.807737509025,217.96075077083395,11398.909262856667,2403.0308582242915,687.1753074402125,75.09348694584966,6155.058658549496,0.11765275909093076,92.35497939942259,0.0019100077943124843,0.8823472409090692,405.88465971571185,392.8314085774355,321.1221789448803,504.9073060727731,202.94232985785592,192.78471939799635,147.8935391055865,272.33664820866005
2020-02-13,2019-02-14,2020-02-13,252,167,0.0023899369398994175,5627.034980214529,0.00014437614076269508,0.9976100630601006,4802.804377280596,4321.555164527762,220.129617959204,10966.695280323747,2401.402188640298,730.8668732522027,74.94972479971942,5883.425834230867,0.061496401031733705,204.29330247204047,0.0003498057103392139,0.9385035989682663,494.0987227730379,426.5126167912567,309.52955312422904,673.4833699980719,247.04936138651894,199.67789526950912,133.90483315602938,394.76711947302147
2020-02-14,2019-02-15,2020-02-14,252,167,0.0025165285957083894,5343.119227560419,0.00014468636756961625,0.9974834714042916,4635.9777967842365,4286.078900569218,220.17454182172688,10640.830802969524,2317.9888983921182,709.2497579229578,75.57381474235974,5535.427703493051,0.061239396796633594,204.7851780979333,0.0003577233650398494,0.9387606032033664,496.3363057223277,426.998374458954,309.36080750013804,690.1272749498609,248.16815286116383,199.0329426522569,134.26650159019928,396.16861222874206
2020-02-18,2019-02-19,2020-02-18,252,167,0.002502770071671989,5358.08467221935,0.00014999872361659577,0.997497229928328,4505.783258702954,4290.944600588287,222.114185345385,10470.833450515729,2252.8916293514767,667.029937407206,75.20668050667037,5511.019504517124,0.06072026055985047,203.60945216418168,0.0004272894942941411,0.9392797394401495,491.77595458587797,427.3444440517773,309.29312624742806,692.6082596289292,245.887977292939,198.91744454260066,134.79389446520503,400.34986892821945
2020-02-19,2019-02-20,2020-02-19,252,167,0.0025120477160233134,5336.839578375931,0.0001505484667136498,0.9974879522839767,4623.022402030899,4337.74932881867,222.37298355815835,10634.857103094555,2311.51120101545,669.1158660712067,75.52014422283402,5510.979881197024,0.117379145127258,92.65246341633703,0.0018916671216630328,0.882620854872742,406.7087572852081,393.64098088900295,321.3391201629476,505.3652821887699,203.35437864260405,192.40431031063198,147.41232798313195,272.66238359916406
2020-02-20,2019-02-21,2020-02-20,252,167,0.002441256239937073,5423.833446003587,0.0001776319120737736,0.9975587437600629,4711.224591117033,4349.3736614074305,220.902771676006,10791.412572467214,2355.6122955585165,703.768869044045,75.11006471351192,5607.80611239279,0.11809562689594744,88.94604665687335,0.002742270769335197,0.8819043731040526,404.12588291967444,393.5183545739958,322.1239245190462,501.68689675449957,202.06294145983722,192.9973016311332,147.45070116036004,276.73383992898056
2020-02-21,2019-02-22,2020-02-21,252,167,0.002616812117190115,5057.349309966444,0.00017885005778002055,0.9973831878828099,4669.857439402703,4304.804665745339,218.1148770634755,10840.207156783297,2334.9287197013514,657.8591422319035,75.55999589655322,5614.148383324724,0.11921899681435677,88.02303360535802,0.002770167262590839,0.8807810031856432,404.16807416079644,393.5486214580209,321.5649000513034,502.9361001852972,202.08403708039816,192.34144726988535,147.48305747115663,273.8119796429296
2020-02-24,2019-02-25,2020-02-24,252,167,0.002633693894008693,5033.8090172016555,0.00017471720086578748,0.9973663061059913,4984.0709844785715,4347.340473095277,215.70658937870817,11825.191660160255,2492.0354922392858,736.9703074376278,76.11924046987096,6776.600923000332,0.062045968375194716,184.18498498104273,0.0010887058656545868,0.9379540316248053,469.868203684206,427.6449589284861,308.7496744632758,675.3097887249866,234.934101842103,200.4612428732368,134.9073585659822,388.5488999662532
2020-02-25,2019-02-26,2020-02-25,252,167,0.00267308089972329,4962.357502133339,0.00017345144206676268,0.9973269191002767,4955.01121781178,4383.2025133433635,214.72506340743914,11036.96726323385,2477.50560890589,742.2010764344852,75.87174301859929,5883.025066707617,0.061851567775841776,186.70163634583432,0.0009657372793223555,0.9381484322241582,467.73241315574035,425.5160214602987,309.64262468165447,656.6511919778018,233.86620657787017,201.0368429607281,135.02324939677948,377.2987961068561
2020-02-26,2019-02-27,2020-02-26,252,167,0.002595003066566015,5115.517828221297,0.00017172533186661618,0.997404996933434,5079.797508275951,4372.289225691215,215.24998591959525,12296.917480700684,2539.898754137976,778.4898156732816,76.18347021372152,7128.130235007833,0.116567630998901,89.510405555121,0.0029414702449264084,0.883432369001099,404.948835787974,395.5376079614609,321.9452496569672,503.893298157101,202.47441789398707,192.85813595227938,148.16273201491092,273.2430674024369
2020-02-27,2019-02-28,2020-02-27,252,167,0.008919896243575809,1495.7863762979405,0.00016052046862626804,0.9910801037564242,3983.471995640964,2104.1915130594516,224.73074575407995,10642.248126067469,1991.735997820482,414.05243050770355,76.88401622801403,5568.961655072957,0.06324783927203426,180.55994324361552,0.001097351112015193,0.9367521607279657,457.6496323005777,421.08213667376486,310.60714161493536,649.6768435709394,228.82481615028885,199.77134555576754,136.8946623639783,367.3728556280772
2020-02-28,2019-03-01,2020-02-28,252,167,0.009933494108626983,1341.1599865621117,0.0001637393638325431,0.990066505891373,3738.132116612503,1892.721164917368,225.4673894225603,10062.02003931162,1869.0660583062515,410.13751963984964,77.90783981264163,5130.37210167431,0.1132644436368122,91.80318814393523,0.003049227975409605,0.8867355563631878,403.90413712178963,395.3086172178917,323.20763603210713,497.9087753175345,201.95206856089482,193.76698925933533,147.88114960891147,270.4773413406228
2020-03-02,2019-03-04,2020-03-02,252,167,0.019685133752627593,677.770799500417,0.00016056067397982913,0.9803148662473724,3423.7438945392096,1100.9154751692467,228.51959847242443,9609.443400622362,1711.871947269605,327.02226887835,79.04163999801925,4981.893829053354,2.220446049250313e-16,,3.414011886956831e-05,0.9999999999999998,1281.714984019782,528.8861728016905,130.3917746801534,1942.494525090188,640.8574920098908,216.59861448409214,2.4215378447266605e-26,932.8251269857965
2020-03-03,2019-03-05,2020-03-03,252,167,0.019849618156908666,674.9133062407353,0.00015200437845509188,0.9801503818430913,3471.635878829594,1086.2472648878795,233.0040533549517,9998.368243340676,1735.817939414797,326.8559021682506,80.5195364969012,4985.987769792507,0.11334025995485641,91.65476944408921,0.003079447106745967,0.8866597400451436,403.5913035051705,396.3971003628186,322.75507592213324,494.8813696151091,201.79565175258526,194.13062774311544,146.65652695855812,268.68228933906613
2020-03-04,2019-03-06,2020-03-04,252,167,0.020279552567812442,661.5716465951118,0.0001490532700927816,0.9797204474321876,3105.8432696104055,961.6037814557959,235.47465204879958,9298.511469916513,1552.9216348052028,294.63842898411434,78.64708317510828,4691.914068065582,0.11178042590471493,93.12318201401824,0.00301492971411969,0.8882195740952851,403.5388886736406,396.04937999777565,323.6462641375411,495.1567912543069,201.76944433682033,195.28000637908573,146.54822604963093,269.2374220196001
2020-03-05,2019-03-07,2020-03-05,252,167,0.020260216886428872,667.26784710909,0.0001345168459881929,0.9797397831135711,3292.823617234711,1015.7669052893003,229.98943374542077,9593.067392735824,1646.411808617355,291.22585554799906,79.15056680242381,4886.977105648459,0.0,,1.3017800132924042e-06,1.0,9895.691351107125,471.4282187406054,173.5974586620118,1504.617051534465,4947.845675553563,212.37184130938314,4.1762843000000214e-15,671.9264622313634
2020-03-06,2019-03-08,2020-03-06,252,167,0.021471663932618346,629.549961560839,0.0001347195944976156,0.9785283360673817,3182.7845472062736,1013.0703669068475,231.97807291362713,9157.190530432192,1591.3922736031368,290.7172305472583,78.30117873547886,4900.009741695909,4.440892098500626e-16,,1.1711949887482904e-05,0.9999999999999996,1921.7870493299533,472.30197076494227,151.47999028077368,1840.566858499715,960.8935246649767,210.0990933500304,4.552718316501783e-14,779.012501393156
2020-03-09,2019-03-11,2020-03-09,252,167,0.039861766554985745,342.002421854571,0.00012004420413532929,0.9601382334450143,3349.691285543406,1417.9221119299784,224.3107913058645,8849.579678015398,1674.845642771703,326.3369695157844,77.21340181079113,4967.609981454555,0.10743393668929213,96.71341640501257,0.003072902055096284,0.8925660633107079,404.02772656296554,396.80891604371345,324.39558582953816,493.5204496609159,202.01386328148277,193.55413714145732,147.67762618712416,270.0094853814672
2020-03-10,2019-03-12,2020-03-10,252,167,0.04231293711160833,323.1738097310685,0.00011515138531074622,0.9576870628883917,3490.28592112329,1635.72418719648,228.65806554718074,8941.324926039055,1745.142960561645,310.9692856440673,76.6134147937378,5281.6984051167265,0.06446418125291187,181.52800337640576,0.0008276800211566122,0.9355358187470881,447.65214337595927,405.21222126898016,312.01647662928656,597.2852710595274,223.8260716879796,196.23172843421628,138.18217135312133,321.1975970000899
2020-03-11,2019-03-13,2020-03-11,252,168,0.0617176782135469,221.79928078222787,0.00011349333408166018,0.9382823217864531,3290.9779749282347,1687.7858099921827,229.60738127259253,8726.215380102898,1645.4889874641174,302.6406766885558,75.74669571927362,4723.454904882501,0.10241263834585201,101.65338736013,0.003011185540907272,0.897587361654148,406.76268526800186,400.13685147332285,325.48089587581063,497.9802170367042,203.38134263400093,194.97931350399125,148.75894263842213,275.46840524198853
2020-03-12,2019-03-14,2020-03-12,252,169,0.08560219108147504,159.39276404389037,0.0001186657715767357,0.914397808918525,3117.26123377269,1640.6222714551998,218.07099705338942,8322.258452523973,1558.630616886345,368.34535398436094,74.5260110352667,4658.79564743561,0.08658584639974487,120.2610137118094,0.003004237535490597,0.9134141536002551,414.8056622139087,402.45212477886264,331.0241521653842,507.847539787946,207.4028311069544,194.9401325064133,151.63793347343085,282.5081231514445
2020-03-13,2019-03-15,2020-03-13,252,169,0.07839478151357604,174.53952100392138,0.00011417052103624862,0.921605218486424,3358.12982130842,2079.202229055183,210.5265240089183,8390.77242749126,1679.0649106542103,395.2490301637097,73.41837849072802,4933.154861652073,0.08333848875556193,124.79125605340505,0.003043507933255996,0.9166615112444381,414.3518217742904,401.8212459080536,332.56458174215385,502.684210435243,207.1759108871452,195.72962402090783,152.05273890167425,274.72324891900575
2020-03-16,2019-03-18,2020-03-16,252,169,0.030266500076980174,446.21218878728,0.0001363737799291696,0.9697334999230198,3899.3534505812854,3783.585611978415,220.19918017214522,8728.733262359608,1949.6767252906427,325.86156604683674,74.08102712140236,4637.759125131027,0.07232101412173986,157.2647251399431,0.0011495620655390152,0.9276789858782601,429.2483789539416,394.3530256373357,321.425474376546,566.6859904236974,214.6241894769708,190.35771081572597,149.03719157154345,295.9796343503143
2020-03-17,2019-03-19,2020-03-17,252,169,0.10990914856106748,122.17403382737352,0.00014732436340868127,0.8900908514389325,3155.5581602229704,1879.0218026590787,224.61574507291186,8194.791099802302,1577.7790801114852,286.0025895847291,74.45561467353954,4520.208957653413,0.07909061728306732,142.18662604571662,0.0013064289748933955,0.9209093827169327,426.10350030256853,394.73340715011096,323.8593756481128,555.962087821627,213.05175015128427,189.83445536947235,150.23306751437525,287.648918787707
2020-03-18,2019-03-20,2020-03-18,252,169,0.051764416088257104,259.74297019535965,0.00014478321558430835,0.9482355839117429,3581.1868566892304,3730.5470082132188,204.3728270007587,8751.87647839721,1790.5934283446152,326.5990174300672,77.03270644627901,4748.877374731399,0.08527979511513317,131.448168498882,0.0013539856647850096,0.9147202048848668,423.59940345642923,393.7052369058665,324.29138941827125,549.7606070294488,211.79970172821456,190.9783361204606,151.7120018019802,287.14518050248734
2020-03-19,2019-03-21,2020-03-19,252,169,0.0340362124977841,391.8480944832875,0.00016136287862699442,0.9659637875022159,3541.793100601495,2229.66614189092,205.27227115659423,8638.2928098797,1770.8965503007475,320.9658614304732,78.46266668526513,4755.058060807374,0.09368777333816203,118.27146238121875,0.001540851992035995,0.906312226661838,422.3503444059762,394.1760761658834,323.9414997275383,551.0810050823032,211.17517220298808,191.04808235165805,151.48494627185383,294.7561337727566
2020-03-20,2019-03-22,2020-03-20,252,169,0.09605940053143824,138.49821200175745,0.00016677165215755018,0.9039405994685618,3083.8749962446454,1540.7623593258486,207.9893826094144,8108.692011972462,1541.9374981223227,300.86871492774264,81.1138360934736,4688.15131556754,0.09478038287868262,116.45306504862778,0.0016087530442999564,0.9052196171213174,420.56721761142904,395.32610251842726,324.2604916653654,545.2295592854964,210.28360880571455,191.2061990896687,150.77352919036304,289.75801576067056
2020-03-23,2019-03-25,2020-03-23,252,169,0.057515997939658114,231.59361262589385,0.0001640781760245561,0.9424840020603419,3123.3127398597976,1593.647044520786,211.46369262189108,7996.213354205461,1561.6563699298993,282.3056126967945,80.15245399220902,4476.550408247613,0.09219673397847927,140.82758323823842,0.00022971456473019366,0.9078032660215207,575.5146447135373,392.857715509982,262.0440171755967,966.2577375260754,287.7573223567687,179.07969794269712,119.03891504269237,449.11728001284047
2020-03-24,2019-03-26,2020-03-24,252,169,0.11939167641009285,111.50402216494733,0.00016534407591050235,0.8806083235899071,3127.511442066088,1990.1272380565838,217.4723277144025,7866.891686824862,1563.755721033044,277.3869094381204,80.30409226854272,4681.24495145526,0.09502680372878436,129.26646162938286,0.0004626181880248251,0.9049731962712156,528.7224929720412,381.8988295317731,265.41644626344333,926.1664588115042,264.3612464860206,176.90063623747946,121.07597389316601,403.4155857292974
2020-03-25,2019-03-27,2020-03-25,252,169,0.09933293153919143,134.02775408282218,0.00016522546955942532,0.9006670684608086,3046.5566519246054,1947.8270862462587,215.1587058760401,6848.66845710946,1523.2783259623027,276.3792250805338,81.36409041893339,4701.591373001642,0.10040765870328427,109.55275034566651,0.0016702783651495509,0.8995923412967157,416.0436400261305,392.2943143966521,324.7687298440839,536.4858224998414,208.02182001306522,191.26734067762396,151.15849057142182,283.7769318106365
2020-03-26,2019-03-28,2020-03-26,252,169,0.121839925570006,109.16506855847275,0.00016733820028069416,0.878160074429994,3018.5442137499444,1978.3042369588754,215.46013355594374,6720.325659460337,1509.2721068749725,269.99616172247966,81.0006627420409,4550.537088581581,0.10116650184329334,109.09623230289193,0.0016096894603198182,0.8988334981567067,416.36530507782203,390.7960024314542,324.8751573191026,534.8487832003357,208.18265253891096,190.22700376508988,152.56239876453577,282.2454361710008
2020-03-27,2019-03-29,2020-03-27,252,169,0.1293887195891994,102.7905196142077,0.00016746042005472253,0.8706112804108006,2924.535740332771,1656.554117152968,219.254857049853,6436.504534841549,1462.267870166386,261.2535011831202,80.61418413894584,4516.778615255121,0.2390921090985496,46.411646490642305,0.0015162906929207913,0.7609078909014504,416.03728498492325,387.91075324701933,274.0775102853642,591.1382417341836,208.0186424924616,186.22948562818044,118.27811724311745,324.7853349093329
2020-03-30,2019-04-01,2020-03-30,252,169,0.13272352192630255,100.17793897249204,0.0001681256916422716,0.8672764780736975,2879.1760358058636,1692.003558934803,220.12228692243636,6339.458559700876,1439.5880179029318,256.37921331147504,79.3040084074532,4474.033885840084,0.09944349681184572,111.18436043051334,0.0015783245499350416,0.9005565031881543,416.7835028968863,391.7777110710691,325.22255227918873,532.5665975415164,208.39175144844316,191.1850032616278,152.08660222369494,283.38983365613217
2020-03-31,2019-04-02,2020-03-31,252,169,0.09972582704065203,133.28287880620522,0.00016883728232768962,0.900274172959348,2919.784496657243,1647.0988949827433,221.52173564485963,6421.986511097374,1459.8922483286215,258.73114507046853,78.99617150665068,4485.3886724613985,0.10062764282758851,109.77504752122765,0.0015944377904481,0.8993723571724115,416.2623967441814,391.48885774623136,325.0804949511232,531.472149267745,208.13119837209067,190.49723977989044,152.24287524072156,283.6670006170684
2020-04-01,2019-04-03,2020-04-01,252,169,0.09931745446571194,134.12979258290343,0.00016389912983339234,0.9006825455342881,2948.1859553416293,1646.941284022298,222.68196907233758,6607.694873493454,1474.092977670815,265.852153706664,78.45719082297317,4494.734965625707,0.09348003672312732,128.53898345718633,0.0006047721950534007,0.9065199632768727,504.48154840111397,377.9122918242676,267.77504029108655,985.6858889735573,252.24077420055704,176.6468000252754,121.6161766598728,383.84432769984693
2020-04-02,2019-04-04,2020-04-02,252,169,0.1008408515250212,132.06218567648486,0.00016458340880023243,0.8991591484749788,2936.711103062821,1581.9119758344646,222.34810009215656,6581.273823804002,1468.3555515314108,269.71975098721225,79.20499927739976,4485.43263584717,0.10039764793735806,110.68859792615609,0.001491900155595572,0.8996023520626419,416.2586496430408,390.54951347781116,325.66277201134096,528.2890001147813,208.1293248215204,190.06243803843176,153.04854621884795,282.08401775488045
2020-04-03,2019-04-05,2020-04-03,252,169,0.09357944451373945,142.3472334812199,0.0001640064418641514,0.9064205554862605,2935.219103754941,1534.4836790760496,222.68301039284657,6616.990855116736,1467.6095518774705,270.47079262316674,79.31797308165764,4473.548125189443,0.10101494943564615,109.81686992939231,0.0015216266115905806,0.8989850505643538,415.08312979385806,390.020053058193,325.5397261807931,527.1420242198152,207.54156489692903,189.66698182302034,152.91838552527568,282.04006375519555
2020-04-06,2019-04-08,2020-04-06,252,169,0.09088458236777752,146.54164375576755,0.00016440035660038058,0.9091154176322225,3046.7620366632136,1864.3721888068662,220.1812585339966,7709.6524879338685,1523.3810183316066,276.3558631602441,78.61151747998777,4488.463490523057,0.10106922429551024,109.54801455837892,0.0015542492170845254,0.8989307757044898,414.17065037192367,389.81741085407054,325.384390423694,524.0718334919925,207.08532518596184,189.29438014855003,152.8657203294135,280.81401816207546
2020-04-07,2019-04-09,2020-04-07,252,169,0.09269640975098903,143.93204215869807,0.00016056473389638765,0.907303590249011,2996.3632704497304,1821.778559966605,221.40435380026776,7509.6541069205205,1498.1816352248652,277.64581993648795,78.64974444472864,4467.029798998349,0.10132950440098598,109.12171692655791,0.0015772391882227666,0.898670495599014,414.1404060340917,389.7163567299003,325.2411291087229,523.1359461458802,207.07020301704586,188.72725594972218,152.64704051202284,280.378182806772
2020-04-08,2019-04-10,2020-04-08,252,169,0.04762192294324863,280.0575120064626,0.00016138672243719496,0.9523780770567514,3157.6847100874315,1945.9957313664236,222.2021219383281,7951.206260567496,1578.8423550437155,278.820580038045,79.30436973615726,4469.398904381802,0.12423819467736719,83.79721579900642,0.0030105134786093247,0.8757618053226328,400.12397642372395,390.0132778468697,326.3908208919346,489.5914863903957,200.061988211862,191.58682990173287,152.66784649337964,254.35339578696522
2020-04-09,2019-04-11,2020-04-09,252,169,0.047817428488328484,279.1376656566075,0.00015965821561802901,0.9521825715116715,3196.932629817095,1937.835357727263,223.25054931129577,8167.193267572858,1598.4663149085472,292.837176482671,80.16203717568085,4457.233828349869,0.12376421650960756,84.17102196368398,0.0029908716863821312,0.8762357834903924,400.3862900588713,390.2197744533937,326.0916307200308,490.46037971141914,200.1931450294356,191.80435687012954,152.48280841165595,256.41319871268723
2020-04-13,2019-04-12,2020-04-13,252,169,0.04803657540674322,278.1232739770842,0.00015768369895402559,0.9519634245932568,3193.994370141944,1841.1718614800848,222.652000099122,8160.378437790196,1596.997185070972,284.02052696897067,80.49673695250873,4490.583256593331,0.1241078559471146,83.8738290043689,0.0030147725177388073,0.8758921440528854,400.5573342833905,390.26997858896283,326.1678170501489,491.0862921712034,200.27866714169528,191.68465128575127,153.01791816667074,258.31786833097675
2020-04-14,2019-04-15,2020-04-14,252,169,0.04788640129836175,278.9923311129769,0.0001577074945775664,0.9521135987016383,3187.5738461080114,1861.1278927207995,221.7156828573039,8155.449801615358,1593.786923054006,285.1181059227371,79.51142512211695,4497.65147231129,0.10047576675313497,109.80380725746399,0.0016165653405410757,0.899524233246865,413.390067420822,389.54899121582116,327.01597571460854,520.2512635290412,206.69503371041102,188.842832615314,153.149112082879,277.0713967837408
2020-04-15,2019-04-16,2020-04-15,252,169,0.04779247855869062,279.9325583717843,0.00015478080427722222,0.9522075214413094,3203.2616502993537,1962.2718270719797,222.33997935429755,8173.84610257335,1601.6308251496769,269.8357819321983,79.95915799305426,4561.657379846004,0.10035091154158449,109.89625729210992,0.0016237460732833444,0.8996490884584155,413.93467171231003,389.95506794205926,326.90665685668307,521.0058469883884,206.96733585615502,189.02245418282308,153.34030749540264,277.9414502027239
2020-04-16,2019-04-17,2020-04-16,252,169,0.04776015370400255,280.0856946811136,0.00015504957673634188,0.9522398462959974,3205.7043296092043,1957.8658208975119,220.9282153864783,8192.256895740004,1602.8521648046021,269.85203643899786,79.8441768192168,4597.304864803208,0.10037095888018432,109.88817537885055,0.0016214874915311606,0.8996290411198157,413.6088108383659,388.828066318394,326.96782048127966,520.8538723865655,206.80440541918298,188.8269947749845,153.32865052300875,277.4006696094648
2020-04-17,2019-04-18,2020-04-17,252,169,0.047798934474232446,279.7534281314405,0.00015582989003053074,0.9522010655257676,3298.9062614225104,2032.3284284851825,221.06020809669755,8336.25801894521,1649.4531307112552,275.0453162413535,80.98897570215324,4646.943268708411,0.09985803271383764,110.38762530808602,0.0016320458748764627,0.9001419672861624,413.48682333158314,388.97223617055056,326.73044970241466,521.4581650215284,206.74341166579157,188.885516837635,153.21704251097705,277.0318011543375
2020-04-20,2019-04-22,2020-04-20,252,169,0.04763409064306978,281.50595448941044,0.00015011483850873488,0.9523659093569302,3335.215594962307,2295.8146330548993,219.61510064731513,8368.815113162706,1667.6077974811535,272.3511235022644,80.60744464621797,4652.423207265227,0.09989781332506042,110.4754153335427,0.0016107067325096828,0.9001021866749396,413.8105632871098,388.7174994611559,327.01843701047505,521.7137098210783,206.9052816435549,189.2583914178365,153.48551908530294,276.84405446375405
2020-04-21,2019-04-23,2020-04-21,252,169,0.047642924655125984,281.4627794196148,0.00015005032695254467,0.952357075344874,3328.8515376503237,2306.2759276660067,218.51081142545135,8346.013960100307,1664.4257688251619,271.66232575639765,80.95791870629141,4609.120532518629,0.09383154628471069,142.43908618323096,0.00015686742721669747,0.9061684537152893,562.3488713849041,376.3043585676163,274.70657392273534,934.019931917346,281.17443569245205,176.16080548842098,125.41672629836481,441.8751293067149
2020-04-22,2019-04-24,2020-04-22,252,169,0.04769229702832478,281.46453803913334,0.00014796716526751619,0.9523077029716752,3315.4178102058936,2068.2917673815164,219.1368894684419,8339.686912162122,1657.7089051029468,266.62282830108245,80.36941233336772,4579.130010323526,0.09361924242338293,142.99021974778523,0.00015355283307351327,0.9063807575766171,563.4216871275997,376.66405266674707,274.88600725420827,916.4089997808361,281.71084356379987,175.68492771005575,125.6269808925084,442.63089030542056
2020-04-23,2019-04-25,2020-04-23,252,169,0.08396135097571167,159.9019948769344,0.00014768671362914483,0.9160386490242883,3185.207759991223,1972.5250393265892,218.46951878717223,8186.351118629772,1592.6038799956116,264.6467881800737,79.73028809080543,4580.057100773006,0.09924366792961081,112.1527529479471,0.0014659080708258503,0.9007563320703892,414.6361432714968,389.37863044225526,327.07155398105164,520.9191512206985,207.31807163574842,189.55436281605142,153.46562467507198,278.36332867192317
2020-04-24,2019-04-26,2020-04-24,252,169,0.08409162013995919,159.62144650884252,0.00014809510932501966,0.9159083798600408,3190.4988175594863,2003.2016210484617,217.56950229821106,8167.940231554001,1595.249408779743,262.19973385100855,80.32956934264278,4605.376339958353,0.09905817076695345,112.50721788036704,0.0014450822836737066,0.9009418292330466,414.91420579852695,389.1138201250114,327.24406341716764,521.4339738505653,207.45710289926348,189.42301477088301,153.98339309583247,280.80513351368097
2020-04-27,2019-04-29,2020-04-27,252,169,0.08305773566297514,161.54364713723822,0.00014889348759959556,0.9169422643370249,3181.1408246497863,1956.6995620511916,218.17282662244364,8165.368909798178,1590.5704123248931,274.1249632335164,80.44467914607827,4613.308637582034,0.09382953886559353,146.39993179595942,0.00010820663147508708,0.9061704611344065,595.0801331135694,376.7056307610422,274.5741951144805,903.4135218892951,297.5400665567847,175.24513061241032,125.8981266703215,443.4415084847814
2020-04-28,2019-04-30,2020-04-28,252,169,0.047650772448931566,281.75496279489647,0.00014764919047649156,0.9523492275510684,3319.113101726795,1921.7952055153783,220.2572399318334,8505.34808840369,1659.5565508633974,270.84961823637053,80.88974180986355,4602.698114724608,0.09717066235420535,114.63270611748162,0.0014535218652562082,0.9028293376457946,416.81201585416335,389.90602868778967,327.20538818471647,528.185220287148,208.40600792708167,190.5234050731648,153.65236832246836,280.3357451738251
2020-04-29,2019-05-01,2020-04-29,252,169,0.0475647549937962,282.08570243577276,0.00014891019711822716,0.9524352450062038,3325.0587252449736,1952.8575479452381,220.22451974817898,8497.330899791292,1662.5293626224868,269.4970107337051,81.72994784477686,4565.295342631882,0.09762967654514276,114.52201345900997,0.00139400142373512,0.9023703234548572,416.8891675138149,390.17825884113614,327.5662450761091,526.4674077038798,208.44458375690746,190.50316679704144,153.58573692145362,279.5156176286917
2020-04-30,2019-05-02,2020-04-30,252,169,0.06792022152404176,198.03174466707182,0.00014407309534824185,0.9320797784759582,3173.7230761553215,1982.07519353331,219.18863970360576,8145.1974084830645,1586.861538077661,258.90539328744717,80.66164876316184,4586.854311251978,0.09741033876632399,114.79736181407146,0.0013916297762245756,0.902589661233676,416.9738621381609,390.18046756956056,327.4259465170786,524.929181039614,208.48693106908044,190.97062989489535,153.48828489138896,279.91654193105506
2020-05-01,2019-05-03,2020-05-01,252,169,0.06762425781183612,198.91840404773183,0.00014387880382724644,0.9323757421881639,3176.202588248974,1979.282779826454,218.99740348706513,8156.283518460849,1588.101294124487,262.84077656956276,80.36084174533764,4585.828689654819,0.09780173888497123,114.3089321395118,0.0013955842316391543,0.9021982611150288,416.6549707441491,390.35363133325757,327.5493159706104,524.3685017499819,208.32748537207456,190.82273268746962,154.03200981222858,278.80320363197376
2020-05-04,2019-05-06,2020-05-04,252,169,0.06834110288965478,196.8922742852076,0.0001432864206777509,0.9316588971103452,3155.496306250247,1979.5742915500578,217.94126927592703,8140.2229216556725,1577.7481531251235,264.88180257231284,80.1230065894075,4492.472643441229,0.09777390169076572,114.35300402941037,0.0013940122374452428,0.9022260983092343,416.4264373829873,390.15034959275636,327.7688181842972,524.5427299713622,208.21321869149364,190.48593562287715,153.91542757062544,278.81045013628847
2020-05-05,2019-05-07,2020-05-05,252,169,0.06830651796433473,197.00728111077032,0.00014313659121077818,0.9316934820356653,3142.9233886780967,1948.9720119992653,218.6239825712443,8151.167536319516,1571.4616943390483,265.908420020138,79.64450138823959,4489.112492668314,0.12465584752034353,83.00186906701609,0.0032099556814628636,0.8753441524796565,399.70244319175015,390.44379975080875,329.0661549629578,485.5344849270135,199.85122159587505,190.99460715652174,154.56688814607068,256.23712032918075
2020-05-06,2019-05-08,2020-05-06,252,169,0.06795236224891865,197.95933419625422,0.00014386514332496284,0.9320476377510813,3238.763305385729,1974.5481509770052,217.35331529045246,8320.995253373723,1619.3816526928645,263.17059681051705,80.72463427341975,4498.646502067438,0.12262086341799561,84.61837227960042,0.0031172387533740663,0.8773791365820044,399.8451764843571,390.0315245874215,329.3624818590864,485.38965970375364,199.92258824217856,191.16654176566934,154.76089715139776,255.79042252986645
2020-05-07,2019-05-09,2020-05-07,252,169,0.0678248315521478,198.34181981226848,0.00014376502923880112,0.9321751684478522,3237.2321729197533,1973.1935155165181,218.29893617628122,8320.148805399704,1618.616086459877,260.2249476843358,79.66138244545604,4497.052895484855,0.0971813760618988,114.86629599227179,0.0014191537699364764,0.9028186239381012,416.26192836642565,391.86810375640584,327.8498814584674,523.4589686601976,208.13096418321282,190.78813794807363,153.5807338153229,276.2742709993563
2020-05-08,2019-05-10,2020-05-08,252,169,0.06771598712696403,198.61151365079002,0.00014424396137716915,0.932284012873036,3213.327041475423,1954.021948247227,219.870120083941,8318.702677494444,1606.6635207377112,256.6913511137008,79.29686543657346,4488.304745449103,0.09664332385721075,115.51394587973081,0.001418037372139348,0.9033566761427892,416.1587343564023,391.92670112786504,328.17046702003717,522.5229498410989,208.07936717820115,190.69053638740414,153.45945961987607,277.77991350205104
2020-05-11,2019-05-13,2020-05-11,252,170,0.06816154873800473,197.4089487847397,0.00014330583604127528,0.9318384512619953,3258.9999120984116,1992.242722376462,220.9181422634589,8369.995769447627,1629.4999560492056,260.0287411689642,80.43179848985045,4540.266792053747,0.09612029363521368,116.10071730027332,0.0014237445769889627,0.9038797063647863,417.87212795604734,394.0018665609169,330.66820367823334,523.4651831964126,208.93606397802367,191.78891049292372,155.38649379377236,279.25004961646664
2020-05-12,2019-05-14,2020-05-12,252,170,0.06795319728152416,197.90811934185004,0.00014434283472918944,0.9320468027184758,3283.9487234276885,1998.3137573712622,219.36139695178684,8412.139792265492,1641.9743617138442,262.74045713717976,79.81630027431572,4541.875619806113,0.12353827829026787,84.05413284055793,0.0030926323166236,0.8764617217097321,402.26337391732864,393.2191319615276,331.53349291961746,488.30076347437097,201.13168695866435,192.61734069142642,154.52091191328068,253.6799916821959
2020-05-13,2019-05-15,2020-05-13,252,170,0.06802104452259894,197.74382610869333,0.00014401812275807512,0.9319789554774011,3361.95395854716,2050.6552305174514,219.7363947942546,8441.450085800629,1680.9769792735797,264.37325817229276,80.64551701492697,4542.880461447234,0.123864240249967,83.82308430639827,0.0030964082537774827,0.876135759750033,402.13928561639943,392.9664089581249,331.5320332744715,488.0396174364106,201.06964280819972,192.9489969800499,154.50564914944422,253.45768172562362
2020-05-14,2019-05-16,2020-05-14,252,170,0.06725036140759189,199.95748699158426,0.00014452716422690742,0.9327496385924081,3270.9939716817707,2053.593688675801,219.15115125760624,8336.6196656104,1635.4969858408851,268.6867670616902,79.74687685273526,4584.370545780692,0.12295837094606765,84.35050253093232,0.0031309143462179057,0.8770416290539323,402.05439299216226,393.0798318368641,331.6305420403625,487.9963430012103,201.02719649608113,193.29385039045565,153.8845080358672,254.01953943103115
2020-05-15,2019-05-17,2020-05-15,252,170,0.06706310720795239,200.51262095871368,0.00014455807762016993,0.9329368927920476,3318.8480531170358,2052.9091457089185,219.52880625486634,8355.34818016275,1659.4240265585179,277.13994834582707,79.58046747297627,4569.532385933086,0.12272572990357389,84.49019250398715,0.0031386881318776153,0.8772742700964261,402.09252530732005,393.2612230918424,331.68889953240694,488.3499117891714,201.04626265366002,193.2836282584924,154.03246340459128,253.4660567019424
2020-05-18,2019-05-20,2020-05-18,252,170,0.06639038193128421,202.6626522851189,0.0001434275250262844,0.9336096180687158,3400.054772952049,2167.0308037472882,219.71403542011578,8504.177819512724,1700.0273864760247,267.26089350102757,81.74050459752587,4595.97449885875,0.12335192480156887,84.02204946068822,0.0031539131074904176,0.8766480751984311,402.2943103754852,393.2287248293477,331.30494988301183,489.64545784136396,201.1471551877426,193.34113881651137,153.76243073945122,255.09842758431415
2020-05-19,2019-05-21,2020-05-19,252,170,0.06634790291076709,202.80776898491607,0.00014328140702215628,0.9336520970892329,3411.290633359944,2175.8488931907727,219.92674914253703,8540.729442282902,1705.6453166799722,275.1181950196734,81.42468283106025,4657.649276653195,0.12270263656055547,84.49788010139962,0.003141853124099414,0.8772973634394445,402.31286495636937,392.80545061682466,331.25659855332367,490.2519047419739,201.15643247818466,193.15195445524915,153.62557030689172,256.1519957351483
2020-05-20,2019-05-22,2020-05-20,252,170,0.06653207262296845,202.15722572596977,0.0001441337258950365,0.9334679273770315,3397.790372598972,2163.652617759743,219.71558466663598,8515.33883762208,1698.895186299486,273.63172303265145,80.93345822811473,4603.464868787451,0.12305383244946855,84.33174005679078,0.003112983695363671,0.8769461675505315,402.32558243695144,392.97742681792573,331.1642415987598,490.8918637796346,201.16279121847572,193.19553125826454,153.794636575701,255.57856342067177
2020-05-21,2019-05-23,2020-05-21,252,170,0.0663031232080411,202.8230316958179,0.00014444232370973875,0.9336968767919589,3404.3724309839554,2169.625783233382,220.50430798747277,8515.952873680004,1702.1862154919777,274.4686509027747,81.17231270705166,4602.9048782137515,0.12330212446299105,84.18948164251307,0.003102423316187632,0.876697875537009,402.2732430647349,392.8858650709373,331.23276929117935,490.75617627203087,201.13662153236746,193.27662944616313,153.75933939515122,255.98422014960622
2020-05-22,2019-05-24,2020-05-22,252,170,0.06642316687538108,202.44044357600637,0.0001445962503179244,0.9335768331246189,3362.651370060833,1993.9995741945245,219.7271957063131,8502.130829533597,1681.3256850304167,281.5252145730031,80.98289304481551,4643.12131899127,0.09427450101900836,118.30298919824574,0.0014332866865701885,0.9057254989809916,417.9323975628214,393.1736467784379,330.1917638019626,524.1423710218102,208.9661987814107,190.6604088650548,155.41513656969994,275.2615764218137
2020-05-26,2019-05-28,2020-05-26,252,170,0.046286955698260024,290.5014859692217,0.0001446404969799059,0.95371304430174,3473.8703037830796,1985.7110370775113,221.54210250025062,8724.77914960946,1736.93515189154,289.7121407331998,80.85786201841236,4631.635184367001,0.12248864059754772,84.63351271940316,0.0031464711120859686,0.8775113594024523,401.7581332134732,392.3792579985839,332.37483868443076,488.6998262103353,200.8790666067366,193.3857158140225,154.33084760370357,255.85186527372923
2020-05-27,2019-05-29,2020-05-27,252,170,0.046340559794853964,290.12797879751827,0.00014489187785803105,0.953659440205146,3517.8909449551743,1958.7080306518103,221.35981700421243,8888.121537952149,1758.9454724775871,291.74190838048634,80.98783776416225,4626.692099469356,0.08470739431864338,161.89981972539337,0.00011067177893267528,0.9152926056813566,652.7849016686068,384.061666323389,279.1791164831445,1011.5369171921053,326.3924508343034,178.89693584109924,127.96869429008206,499.1543631806085
2020-05-28,2019-05-30,2020-05-28,252,170,0.04635748462925782,290.0015901451252,0.00014502940084855058,0.9536425153707422,3516.7156544546424,1988.2862539131881,221.54850424263043,8925.477234703756,1758.3578272273212,286.5614094319626,81.22326909290398,4620.418035865781,0.09170390148918295,122.09099473574658,0.0013725974737520288,0.908296098510817,418.7739018656848,393.74257258205665,331.25212087536573,523.9953130477724,209.38695093284238,190.61730707340817,155.8570471002338,275.18634530983553
2020-05-29,2019-05-31,2020-05-29,252,170,0.046431252829809866,289.5669350018206,0.0001448538312628217,0.9535687471701901,3542.1146945650544,2031.1869273097022,220.07617473220895,8925.84643239225,1771.057347282527,281.20024529568394,81.57034090531167,4613.3750325508845,0.12197186393583781,84.96665194899103,0.003156249811643446,0.8780281360641622,401.799649986128,392.78110847451023,332.123775018462,488.02596966897715,200.899824993064,194.44134645123484,153.8005621582764,255.51929284368845
2020-06-01,2019-06-03,2020-06-01,252,170,0.0464210365318819,289.63161328300504,0.00014484743889194831,0.9535789634681181,3541.063908890428,2025.5540386489804,220.78950742191824,8923.324172948636,1770.531954445214,283.47458186909523,81.56932991395041,4639.672623957609,0.12215545525638771,84.83502583286916,0.0031577642541053643,0.8778445447436123,402.0348993492221,393.22681028924893,332.0146802522731,488.8015539648113,201.01744967461104,194.06044762256164,154.01300228278382,255.57743538444817
2020-06-02,2019-06-04,2020-06-02,252,170,0.04657148057266769,288.7632664789725,0.00014439431978655783,0.9534285194273323,3539.219927609299,2013.7756584776205,221.85402323367637,8912.36163792046,1769.6099638046494,283.4677674783443,81.43231065796557,4645.644413350025,0.08337125479206131,163.32744292375554,0.00012198119401338996,0.9166287452079387,643.0884544900377,383.7065556593038,279.0414681259622,1100.4612764962071,321.5442272450189,179.51286709583889,127.91585965052592,483.7276959212139
2020-06-03,2019-06-05,2020-06-03,252,170,0.046287692664942814,290.56330257944376,0.00014419634740163497,0.9537123073350572,3555.581587295736,2020.3365553256758,221.42180260684353,8950.146156408524,1777.790793647868,285.93068039355796,81.62085689834686,4685.31168665452,0.08237263743992917,166.5431373187019,0.00011017646145490648,0.9176273625600708,662.680331552941,383.24445490266555,279.08311194899505,1113.6235125149437,331.3401657764704,180.00023422836085,127.39895950102918,500.82324265415906
2020-06-04,2019-06-06,2020-06-04,252,170,0.062477772828528066,215.18543705752973,0.00014494783099846433,0.9375222271714719,3485.7855264016926,2020.4532225724602,220.48135305644337,8848.862615576667,1742.8927632008463,287.1679750794382,81.8587817253876,4687.606963444159,0.08256458955422008,165.4081263537164,0.00011719353138104156,0.9174354104457799,654.6955726677512,384.85846318669815,278.66247735987236,1115.4631892169336,327.3477863338756,179.73134692669055,127.94693780114001,505.43376581559664
2020-06-05,2019-06-07,2020-06-05,252,170,0.04635724468364277,289.9987039621007,0.00014505889994263492,0.9536427553163572,3592.754736831196,2016.561585343638,219.67608539050497,8980.32474272496,1796.377368415598,293.12270446168037,81.8995961604659,4693.1134167125565,0.08257601823924332,166.72951658744353,0.00010488045116871629,0.9174239817607567,668.3119792494931,383.55630042499763,278.8353143587731,1116.5660057204293,334.1559896247465,179.0194670571322,128.49274351128847,509.92653237834634
2020-06-08,2019-06-10,2020-06-08,252,170,0.0464571095358467,289.4413019774349,0.0001446149182931467,0.9535428904641533,3600.4901865891607,2017.8817296234458,220.38271119594313,8997.996272542452,1800.2450932945803,286.85105962867283,82.03222162176735,4672.322378641976,0.12235218868937181,84.8504639370575,0.0030996384974414635,0.8776478113106282,401.71839951552215,392.3743117352022,331.16129963034933,490.40986556255365,200.85919975776108,194.1354757254288,153.93499486835174,254.80516690658197
2020-06-09,2019-06-11,2020-06-09,252,170,0.04640784513274587,289.823260075079,0.0001441144498497664,0.9535921548672541,3608.86713200433,2024.9913904751672,220.29924633955522,9006.447555946135,1804.433566002165,285.5452452644406,82.34537312028328,4730.707279515135,0.08998437610022192,124.54655242409044,0.0013575500612182966,0.9100156238997781,418.580963905957,392.79357290369023,331.19302517733007,526.4236041449375,209.2904819529785,189.5638553406181,156.51719348721002,278.5483326670748
2020-06-10,2019-06-12,2020-06-10,252,170,0.04628085995777853,290.69822630816816,0.0001435835135979417,0.9537191400422215,3571.3422863694723,2020.8169730247948,217.5444971884221,8977.084403590457,1785.6711431847361,295.4323750802081,82.27456299942143,4669.178452970407,0.08947297053881909,124.9076961574385,0.0014008270981980414,0.9105270294611809,418.27081630490926,392.78101684374906,331.2505293849711,527.0274358789836,209.1354081524546,189.66885485154904,156.76126175112933,278.42800369547405
2020-06-11,2019-06-13,2020-06-11,252,170,0.04616892696726027,291.32050992851674,0.00014413140194529647,0.9538310730327397,3496.0604178022954,2012.8328356687912,219.84680422034404,8930.363095139088,1748.0302089011477,287.14345566344974,82.69029562842393,4595.143614486955,0.12245701472496295,84.98391868903165,0.003022391733497398,0.877542985275037,401.3414444484568,392.1192586539715,332.0597812381201,486.5522896688817,200.6707222242284,193.72554754790443,155.01128011344792,255.45615277284395
2020-06-12,2019-06-14,2020-06-12,252,170,0.04611411091732953,291.71762605540636,0.00014379400858369234,0.9538858890826705,3530.6833652262026,1968.2989311107553,219.43144113567843,8973.450916791318,1765.3416826131013,294.6060074368223,82.65766890607425,4602.835994781525,0.12249595159490101,84.85597941574594,0.0030599896020055044,0.877504048405099,401.16769333259606,392.0614665423142,331.9931290767376,485.7988912178183,200.58384666629806,193.43514741156685,154.83789152512898,253.77960228986768
2020-06-15,2019-06-17,2020-06-15,252,170,0.04604288149139224,292.18765079984473,0.00014367005199478414,0.9539571185086078,3534.324370752774,1982.39289195219,219.31235078794035,8972.14733146186,1767.1621853763872,294.61781434113686,82.85312872233337,4607.031609805672,0.1222635975171883,85.00065963423788,0.0030662000516962547,0.8777364024828117,401.08325619260484,391.9188448294263,332.3878981612016,485.66037809158524,200.54162809630242,193.42443623997713,154.86833321975226,253.86829615861666
2020-06-16,2019-06-18,2020-06-16,252,170,0.04605892607147655,292.1421368958354,0.00014329818346473246,0.9539410739285235,3527.9655003904268,1960.9824649248696,219.30717540672822,8977.841832141268,1763.9827501952134,294.61142129849827,82.95705723484325,4620.590453717395,0.08846237368755006,126.7591468288916,0.001349198145758525,0.91153762631245,418.1593799147265,392.19220374319866,331.13642218010085,525.8206380473979,209.07968995736323,190.14542280618065,156.5294094089628,277.31687445916896
2020-06-17,2019-06-19,2020-06-17,252,170,0.04596615970824691,292.6879553072513,0.00014358675911158988,0.9540338402917531,3531.0106902108428,1963.626755509253,219.34202901534167,8983.257600000394,1765.5053451054212,298.72786045147706,82.24590136894919,4617.306011211362,0.12217510804306009,85.72792223959853,0.002826692507901572,0.8778248919569399,401.68691201880705,392.1902897288455,331.64099762831535,486.2719793547595,200.84345600940352,193.68225498940745,154.0142659561914,255.13059089944693
2020-06-18,2019-06-20,2020-06-18,252,170,0.04586437710976199,293.32843683248484,0.00014364639653107624,0.954135622890238,3532.649312889842,1963.4353293503007,219.2121139050129,8986.381886969259,1766.3246564449212,299.4502452901633,82.19025803479377,4616.2843916656275,0.12188425055042507,86.10762836681772,0.002766994504747167,0.8781157494495749,401.80937419935486,392.20118805743306,331.7465359690141,486.31018778835573,200.90468709967743,193.75698011820813,153.78710190382165,254.3765889431019
2020-06-19,2019-06-21,2020-06-19,252,170,0.045975913268086255,292.6004143695607,0.00014375485754031603,0.9540240867319137,3496.5478217586306,1969.0528123785443,219.3425052079222,8930.00931949032,1748.2739108793153,296.33583899385405,81.90019398571494,4648.549001839199,0.08172596841047586,217.97052229975853,1.8346041278068743e-06,0.9182740315895241,6958.276454278322,381.4381338922614,280.6936255384445,1263.4754871812547,3479.138227139161,177.8082745189583,129.4506852972236,497.6350258950604
2020-06-22,2019-06-24,2020-06-22,252,170,0.04595734095613824,292.68953704900923,0.0001439473914248732,0.9540426590438618,3596.421414174696,2028.8395014484083,219.02672970022067,9035.128261702665,1798.210707087348,301.61961382210046,82.7358685607024,4735.390830399548,0.08794822254823731,128.28602910958037,0.0012591000591596821,0.9120517774517627,418.98620662418233,392.0700613856835,331.15503117242133,529.3076774639684,209.49310331209116,190.0921010062114,156.65170165194777,276.33583916849193
2020-06-23,2019-06-25,2020-06-23,252,170,0.045881721558106436,293.18072726991454,0.0001438892993114624,0.9541182784418936,3597.0235286206007,2032.3988099915143,218.8319017079054,9022.021994179657,1798.5117643103006,301.82088456076644,82.42447403628056,4740.302309781376,0.12208815480074042,86.13756537063911,0.002708917340833767,0.8779118451992596,402.1416312400016,391.98396765799936,331.4974540590078,487.460018632146,201.0708156200008,193.33085414458697,154.44626237338065,252.93751850139407
2020-06-24,2019-06-26,2020-06-24,252,170,0.04541377124355195,296.26494637472996,0.00014347664104957165,0.954586228756448,3609.275238569355,2268.972441328356,218.6314643529252,8964.20411633625,1804.6376192846774,303.7497844760676,82.85997579114068,4809.097620226636,0.12210428933470363,86.01558088782022,0.0027457495257126553,0.8778957106652964,401.33960661205543,392.08944367620774,332.13977716743625,483.08205422223136,200.66980330602775,193.58859318735085,155.14262986742668,252.88280919180443
2020-06-25,2019-06-27,2020-06-25,252,170,0.04532665185822182,296.7220922778832,0.00014420873067718512,0.9546733481417782,3609.2689486046697,2288.118979465099,216.89142907385826,8951.79876605292,1804.6344743023346,309.2331029910456,83.08503128536253,4723.198170827157,0.1218965583970385,86.10515551497814,0.002764896901924692,0.8781034416029615,401.40842945568335,392.5235331516902,332.20600378960216,482.55365337233684,200.70421472784165,194.04783410741146,154.4304858977316,252.63344064083654
2020-06-26,2019-06-28,2020-06-26,252,170,0.04520690144512385,297.38145886629974,0.00014503664597860023,0.9547930985548762,3561.9495238886498,2038.56367562546,216.57189778492796,8910.343436355715,1780.9747619443249,309.67924628648586,82.8569550179489,4804.659023502208,0.12207330334509703,86.0772882050601,0.0027324169598272555,0.877926696654903,401.8852482084458,392.66846545487215,331.9963192858507,484.18448656601913,200.9426241042229,193.6919705821017,153.9482598831117,253.21509078622967
2020-06-29,2019-07-01,2020-06-29,252,170,0.045249836322320824,297.1046004529757,0.00014500180677304314,0.9547501636776792,3636.9763738275797,2139.197624721073,216.06102154230382,9019.617181977243,1818.4881869137903,309.8486798882701,82.40963086438299,5062.997988764759,0.12216821776853626,85.97786352969361,0.0027433042102070985,0.8778317822314637,402.039974192591,392.8538340977244,331.8657485075307,484.3864041818541,201.0199870962955,193.58239187384075,153.9556217990337,253.7897267516224
2020-06-30,2019-07-02,2020-06-30,252,170,0.045186039956401025,297.45913037747044,0.0001454279235841989,0.954813960043599,3633.3629866250853,2138.283707792299,215.41165938133213,9003.946835809747,1816.6814933125427,309.8891651605378,82.05947637369752,5064.606109686111,0.08725390798954402,128.14793811060466,0.0013930799176159543,0.912746092010456,417.97920024735646,392.45869352929833,332.0861563365221,528.1896050596462,208.98960012367823,190.23152566232062,156.81372497746926,272.4778270138812
2020-07-01,2019-07-03,2020-07-01,252,170,0.0451075014044382,297.9049153247661,0.00014590188241725476,0.9548924985955618,3612.7114129973265,2367.3384826345405,215.49509493823868,8885.4562837817,1806.3557064986635,304.85408782261675,81.97337491751787,4711.843066135372,0.1221380350489516,86.05792641353955,0.002723667812510146,0.8778619649510484,401.96882396450104,392.85032152377937,332.46590965690865,483.82989822925254,200.98441198225052,193.47165334371383,154.10261747246003,253.82757004597698
2020-07-02,2019-07-05,2020-07-02,252,170,0.04508611360743975,298.0040184392325,0.00014617985003040668,0.9549138863925603,3609.9799997006994,2387.8046729312887,215.29276960769496,8872.129637939905,1804.9899998503495,304.8449347054991,82.27583160211255,4704.198240345325,0.0824090610879632,145.78547315458383,0.0006058526356598989,0.9175909389120368,534.5432106866187,382.7205946316198,277.4513207243115,1071.0785243458095,267.2716053433094,177.16599743386007,127.67411853355561,439.94338693185244
2020-07-06,2019-07-08,2020-07-06,252,170,0.045059183830477245,298.13665416276143,0.00014647963922940677,0.9549408161695228,3564.826843540552,2366.0863817212485,215.29596881106565,8822.009402784435,1782.4134217702763,304.8663414219204,81.18683913002695,4657.909241708821,0.12137947597926435,86.64930457675558,0.0027060182702359358,0.8786205240207356,402.303709868471,393.07547633118423,332.38092701627187,485.06846352588576,201.15185493423556,193.6274443565373,154.03696160590906,254.17044366117946
2020-07-07,2019-07-09,2020-07-07,252,170,0.04500324001053435,298.6147364181224,0.00014577292317833013,0.9549967599894656,3588.6653713682263,3716.289126246481,215.59699188673983,8837.447007559314,1794.3326856841131,304.12050733731706,81.19621784518783,4663.266936669324,0.08827022014974051,126.10446058139868,0.0014647095560910198,0.9117297798502595,417.7151394056376,393.3974383021313,332.1574298318638,526.655357388801,208.85756970281878,190.75708432593228,156.85886130823965,270.44490146005035
2020-07-08,2019-07-10,2020-07-08,252,170,0.0451425875457554,297.8913996269037,0.0001444729304051632,0.9548574124542446,3587.493959190942,3713.098486486301,216.74172204900574,8830.944715194404,1793.7469795954707,303.69348293922445,81.51320879856205,4663.171836253254,0.1221030148691038,86.06218226565063,0.0027304694226939793,0.8778969851308962,402.3817507043516,393.4981467995729,332.3143691070474,484.4557592870204,201.1908753521758,194.04659405261944,154.00563899102985,252.9620420520476
2020-07-09,2019-07-11,2020-07-09,252,170,0.045143388263988005,297.88276281440835,0.00014449480062512506,0.954856611736012,3621.1578920533348,2383.6097066764282,217.30123984529376,8935.928050562723,1810.5789460266674,303.9147159837124,82.11807363639686,4736.251821827273,0.12209530378421518,86.00678833156978,0.0027508240356573254,0.8779046962157848,402.33055104647184,393.36267514333355,331.9444690204705,484.36755907377864,201.16527552323592,193.9286001010252,153.9855547149044,253.8713508283319
2020-07-10,2019-07-12,2020-07-10,252,170,0.04521834424307081,297.4963575017949,0.00014379490872021565,0.9547816557569292,3621.7518858201115,2384.6696271618334,218.07518887543097,8943.152381304844,1810.8759429100558,306.06780358853393,82.64285049008038,4751.650484980886,0.08269256799057256,145.28324796661684,0.0006059732744818336,0.9173074320094274,537.6090663458688,383.1177837944007,277.2154020333316,1067.6941966743802,268.8045331729344,176.19881330474846,127.50201749375755,433.3413677219144
2020-07-13,2019-07-15,2020-07-13,252,170,0.045274323685249085,297.17594753189593,0.00014348646410019498,0.9547256763147509,3597.4542063183767,2163.582208966785,217.90887350400746,8910.735080132352,1798.7271031591883,304.0717250999412,82.43481624186923,4754.513294799529,0.08783742406494244,126.47679346475351,0.0014970997298616251,0.9121625759350576,417.5591301794661,394.08067790774146,332.3433157834127,525.1646696096439,208.77956508973304,191.04037354038135,156.70716459530186,269.6518357418875
2020-07-14,2019-07-16,2020-07-14,252,170,0.04514009113135187,298.04544272201076,0.0001435785537328863,0.9548599088686481,3589.9882209799457,2156.3570710709146,216.8844478360182,8896.633772155612,1794.9941104899729,305.45591330512923,81.99101331230501,4754.6887123282,0.08775877040238766,126.61532073789533,0.001493796107114125,0.9122412295976123,417.43806325565805,394.0119339562154,332.78218506081294,524.3307350795106,208.71903162782903,191.06433167791903,156.90142984465766,268.3440294110832
2020-07-15,2019-07-17,2020-07-15,252,170,0.044965639266693724,299.1798536795922,0.00014372005824804523,0.9550343607333063,3627.171239653091,2140.2322824374205,218.59571137516375,8983.194911939814,1813.5856198265453,305.9339171683527,82.2813351519618,4757.023075145499,0.12254349073672344,85.50019113847371,0.002816327085873645,0.8774565092632766,402.89062259663655,393.8346678578072,332.76003257092566,485.57360267872326,201.44531129831827,193.0569002711419,154.10056425307056,254.4989746581043
2020-07-16,2019-07-18,2020-07-16,252,170,0.04499403961018689,299.0064918730265,0.0001436199830861919,0.9550059603898131,3606.1740834636084,2045.2093295391376,218.07942071199946,8969.128832318413,1803.087041731804,305.5638860475115,82.23546788697998,4755.9322165859485,0.08701295192895808,127.59210435203939,0.0015079631342025056,0.9129870480710419,417.44451337338035,394.37137821538556,332.86529059638036,524.2521368345199,208.72225668669014,192.1096114399918,156.86421411661058,268.9549770690885
2020-07-17,2019-07-19,2020-07-17,252,170,0.04504261269068566,298.6494925110963,0.00014384370418400535,0.9549573873093143,3603.506123630502,1991.408554090652,218.30538104999547,8930.705473946568,1801.753061815251,303.3314323944701,81.7105457894183,4744.457532059375,0.08252249027518643,182.66847204495207,2.840097671757346e-05,0.9174775097248136,944.660755457056,386.62626911827147,281.142025488621,1153.525465132379,472.33037772852805,178.48016337321462,128.52532001208718,458.89410816791786
2020-07-20,2019-07-22,2020-07-20,252,170,0.044912069509720154,299.51812483904905,0.00014384004761631901,0.9550879304902798,3623.622525739771,1964.2915591969195,218.64052475344448,8969.979807422698,1811.8112628698855,305.7704891475522,82.55498287974426,4911.828394094382,0.122974865912447,84.98983482657788,0.0028901601714938535,0.877025134087553,402.93496806495506,393.5770830845388,333.34976371543604,486.3317518815953,201.46748403247756,193.53190273972382,154.26747285114166,254.23505887584662
2020-07-21,2019-07-23,2020-07-21,252,170,0.044930371820312454,299.15353632289816,0.00014541636721838408,0.9550696281796875,3622.9584325977034,1963.1107804602098,218.36328284286634,8966.1274687444,1811.4792162988517,306.5138340847187,82.73749284968386,4911.536473426866,0.08229981329181046,187.6082713053803,1.9698747273025387e-05,0.9177001867081895,1129.9155016466989,386.5912200260249,280.71499262430206,1167.3753737711033,564.9577508233494,178.54826277777698,128.35636913450492,454.31946583002394
2020-07-22,2019-07-24,2020-07-22,252,170,0.04484258243735051,299.73911636040157,0.00014541688828386193,0.9551574175626495,3622.2956002811325,1962.4791722568261,218.15030341459158,8965.546286180484,1811.1478001405665,302.7005287191057,82.96197999879756,4910.899296146203,0.086153590223081,128.94470816698427,0.0014976181051588005,0.913846409776919,417.53272165073196,395.2093615853354,333.5235170234289,522.0026501473081,208.76636082536598,193.16809698716088,156.83350762070654,271.10843333190877
2020-07-23,2019-07-25,2020-07-23,252,170,0.04486387715647688,299.7532803274619,0.0001443998803836252,0.9551361228435231,3663.9791896147726,2046.1644124350485,218.47359031539597,9149.498180032926,1831.9895948073863,303.39509525134554,82.42691719885174,4925.9056181897795,0.12268145192559365,85.16355470742424,0.0029006560116334834,0.8773185480744063,403.49588434624076,394.3243961164176,333.0958698664749,487.3468810714673,201.74794217312038,193.9368850959847,153.88720103945616,252.33717666924443
2020-07-24,2019-07-26,2020-07-24,252,170,0.04490549394806942,299.5688489690761,0.0001437957096837926,0.9550945060519306,3598.867348676056,1998.980365879189,219.091698308194,8888.396129034945,1799.433674338028,299.2529152146227,82.00541399343746,4936.85342440881,0.12261125382580007,85.19430202377737,0.0029070687613756527,0.8773887461741999,403.57498033461354,394.18831686877667,332.83428386811977,488.02749156852707,201.78749016730677,193.76617025801642,154.0419324122724,251.76388247993214
2020-07-27,2019-07-29,2020-07-27,252,170,0.044908473367341384,299.5497471539996,0.00014379071893072905,0.9550915266326586,3620.1729237671807,2052.4027539614444,217.9866566145385,8887.93894931133,1810.0864618835901,300.6930120380486,81.9347284883175,4938.799014330505,0.08540366150673007,131.0470642378013,0.0013785419041043056,0.9145963384932699,418.8196679332796,395.8399662206765,334.0459436858882,522.3421520593863,209.40983396663984,193.37643575407054,156.6596225220414,273.1018967837143
2020-07-28,2019-07-30,2020-07-28,252,170,0.03937670815092553,341.87775828011144,0.00014240285285392582,0.9606232918490745,3640.2304440986236,2085.862207936642,219.23970161231324,8863.098032415133,1820.1152220493118,302.8579441124582,81.93928129183925,4939.3687108240165,0.08152749189885355,178.32305557868816,4.8542964650819345e-05,0.9184725081011464,766.6079676091464,388.9535863426548,280.8701595362568,1064.8345036727492,383.30398380457325,180.0534630670911,127.38655273804943,446.4473205935274
2020-07-29,2019-07-31,2020-07-29,252,170,0.03935666915207414,341.8847934299381,0.00014334209424700093,0.9606433308479259,3622.481167423548,2049.086719371317,219.31926222102578,8831.620619067495,1811.2405837117742,292.0641244995487,81.07438688770912,4918.471137302272,0.12294370745407046,84.86480122652254,0.00294271366172998,0.8770562925459295,403.9186830857072,394.66162757541275,333.31978927208826,487.9102861515847,201.9593415428536,193.62248503407977,153.694680330478,250.7602356790407
2020-07-30,2019-08-01,2020-07-30,252,170,0.03940128222428696,341.40054942271354,0.00014389175918774557,0.960598717775713,3608.562470407989,2292.153600139155,218.87376154895264,8753.819331261308,1804.2812352039946,293.4401364750046,80.03981698088484,4678.1088371627275,0.0858834469834544,130.93060630353233,0.0013075480685483382,0.9141165530165456,419.47803762747463,396.6471266980989,333.4890266314815,519.7875346571718,209.73901881373732,193.4908699030123,156.48888999762468,276.78850756354524
2020-07-31,2019-08-02,2020-07-31,252,170,0.03891670507210021,345.8497064476433,0.00014278638737513904,0.9610832949278998,3607.72189354247,2306.9867312086794,217.98096559461175,8721.573241605203,1803.8609467712347,297.2627826613011,79.23832584937813,4675.96092842308,0.12252846079352098,84.9390938794985,0.003020640909980935,0.877471539206479,404.27037519889683,395.36554536650425,332.55969867423715,489.5010927536008,202.13518759944841,193.8431301867729,152.53036968155672,252.25818608998455
2020-08-03,2019-08-05,2020-08-03,252,170,0.038889819217151955,345.9224655095512,0.0001437130491343554,0.961110180782848,3622.6788895680406,2324.2653404461776,217.62715525220497,8742.806522392137,1811.3394447840205,301.3764643252591,79.0901940619825,4762.597066056254,0.12187894153746925,85.31087365762293,0.003050563970670356,0.8781210584625307,404.28128805483414,395.06239698741604,332.7502309208409,489.63984182818325,202.1406440274171,193.9053156690503,152.69662658895396,250.11233508836153
2020-08-04,2019-08-06,2020-08-04,252,170,0.037561636733726034,358.18961168610326,0.00014352262209044666,0.962438363266274,3797.196406802962,2323.6547593814375,218.33555945995545,9480.633594699795,1898.5982034014812,309.0697412532887,81.5743651858471,4907.170082411646,0.12257047680299515,84.80101355260618,0.003061254503609604,0.8774295231970048,404.4533160635912,395.01113582882607,332.4953114401466,490.825578440541,202.22665803179564,193.51344894087634,152.57110274919245,249.8790983936151
2020-08-05,2019-08-07,2020-08-05,252,170,0.037405645804170495,359.4317115115818,0.00014487994766764224,0.9625943541958295,3879.395341220869,2345.913864540115,216.6102154357458,10053.88605194266,1939.6976706104344,311.5954517118069,81.06643037320887,5038.92655197731,0.1197727367942173,86.81360777851087,0.003049635484987576,0.8802272632057827,405.1978322017274,395.23814620317984,332.6811450044296,492.55927212089244,202.59891610086368,193.40444556851577,152.8292715308412,251.00025020846434
2020-08-06,2019-08-08,2020-08-06,252,170,0.037405708783576075,359.43547648262705,0.00014485626633813155,0.9625942912164239,3879.854122378253,2342.1278947382666,217.52084035507988,10059.5538436995,1939.9270611891266,308.4135096380097,81.52292839798024,5041.938553683209,0.081745296085865,166.01661789801778,0.00012768970724143705,0.918254703914135,603.7878670670093,391.84049454659436,280.3990974849263,1055.36420745934,301.8939335335047,181.66534228257805,126.50990483688419,411.4534244117721
2020-08-07,2019-08-09,2020-08-07,252,170,0.03738460830484025,359.46211674121565,0.00014581377723146702,0.9626153916951598,3802.7453942700895,2116.3772677097813,217.2130603695042,9655.18496853777,1901.3726971350447,304.92011598943975,81.54790271505328,4964.916685934366,0.12166640646471649,85.38563486095188,0.0030782526289465074,0.8783335935352835,405.10239415674397,395.20654671876247,332.6571874755251,492.6077410807779,202.55119707837204,194.04449255692128,152.4919985115212,252.61715119934738
2020-08-10,2019-08-12,2020-08-10,252,170,0.03731567660591162,360.1495168205932,0.00014568661534503425,0.9626843233940884,3825.8819278943047,2403.368927930628,216.13052261239272,9671.275468403192,1912.9409639471526,308.40087122386933,81.972260945521,4981.228120409969,0.08518988924399651,130.9272659378352,0.0014322493503318666,0.9148101107560035,418.7232246845803,396.67248634358265,334.8396613616712,520.3629692656763,209.36161234229016,194.09729108756108,157.1549402069571,274.0937003918773
2020-08-11,2019-08-13,2020-08-11,252,170,0.03720455206541018,361.19802207235085,0.00014583416585575062,0.9627954479345898,3823.423292561164,2399.0609698634935,216.52266174879304,9660.63428196454,1911.711646280582,309.19486653951424,81.02141071439785,4977.807226111165,0.12192472504717611,85.35064977504352,0.0030239712728408518,0.8780752749528239,404.9525525167931,395.090137239714,332.7568273982338,491.9414143395182,202.47627625839655,193.5861534357952,152.6051100673093,252.04119777921179
2020-08-12,2019-08-14,2020-08-12,252,170,0.03724610912481563,360.78612200649627,0.00014588249559617817,0.9627538908751844,3809.266691846998,2390.1303169541197,216.70950024972788,9515.881313102502,1904.6333459234993,304.579567947206,80.90638132717346,4900.395691737574,0.0846425565421467,132.37542022814847,0.0013611521000434696,0.9153574434578533,419.26934027484424,396.7387368812876,334.71027984047106,520.9803908134083,209.63467013742212,194.29283903869558,157.0775578036428,274.11278713077076
2020-08-13,2019-08-15,2020-08-13,252,170,0.0370046327632062,363.20011275250846,0.00014556081211742166,0.9629953672367938,3850.851915928397,2576.539900067311,216.29572288719766,9787.351606398946,1925.425957964198,300.64445706595905,80.61329836118377,5018.721127172075,0.0851388031766035,131.46266377276203,0.0013776120599182083,0.9148611968233965,419.30633490242224,396.5049243995688,334.73468960651206,520.9501158685468,209.65316745121112,194.1515169910313,156.8037561351076,275.2119678614903
2020-08-14,2019-08-16,2020-08-14,252,170,0.037075779269862275,362.44773496160866,0.00014586018496491067,0.9629242207301377,3916.5912071725525,2415.2933980857433,216.03339017600214,9886.457178462611,1958.2956035862762,299.82450542775814,80.992703719315,5177.458859025964,0.1217023832795372,85.46342314950897,0.0030398956356405046,0.8782976167204628,405.1172525008165,395.1549784679495,332.51892402566267,492.97721519589624,202.55862625040825,193.44680777048606,152.7635691846295,253.63884427446777
2020-08-17,2019-08-19,2020-08-17,252,170,0.037103954090703994,362.2925844691941,0.00014521179362499365,0.962896045909296,3873.680336359805,2413.8091627685926,216.5236779842458,9815.416965883718,1936.8401681799025,299.6871593690036,80.45484515979527,5064.549259977157,0.12183661165877246,85.33329786513858,0.0030532469294821257,0.8781633883412275,405.0770738437336,395.1918669272827,332.4078977525351,493.0666483111765,202.5385369218668,193.61409508492835,152.81654383524432,255.2760654600236
2020-08-18,2019-08-20,2020-08-18,252,170,0.03702199205524548,363.1316316450839,0.00014501314046046288,0.9629780079447545,3875.8125998468977,2409.8309998249583,217.53068346058066,9464.290136865917,1937.906299923449,296.69648903149687,80.84662190654173,5185.519357430777,0.08473670848360171,132.24885690630808,0.001358787326132772,0.9152632915163983,419.4737582518394,396.5785944872334,334.78870345384917,521.8658932577305,209.7368791259197,194.46695028318027,156.88405231394597,273.2545955420918
2020-08-19,2019-08-21,2020-08-19,252,170,0.03696800472846795,363.65932573611514,0.00014502716512862247,0.963031995271532,3873.7051203681635,2409.3061206401303,218.2326277767214,9454.961039726379,1936.8525601840818,291.34324066083207,80.7987487408969,5187.930946713796,0.08069026607988139,169.95632173710885,0.00011070399427335623,0.9193097339201186,631.7031864133756,392.1464397947143,280.11497792812946,1161.431471784706,315.8515932066878,182.833377477419,125.56370489237588,407.95109489668783
2020-08-20,2019-08-22,2020-08-20,252,170,0.03698627646611774,363.2978874653625,0.0001460055505719727,0.9630137235338823,3870.063539697247,2395.657440847936,218.23470540999446,9837.719411379017,1935.0317698486235,290.17490631373767,79.7437718306181,5066.269125155295,0.12199081016156244,85.27214418382503,0.003035898757884088,0.8780091898384376,405.1041813853118,395.3338422043138,332.3963450543961,491.7435456022337,202.5520906926559,194.08361356192486,152.68708333935362,254.2606552412016
2020-08-21,2019-08-23,2020-08-21,252,170,0.03695146756471657,363.49575128465216,0.00014678651913310135,0.9630485324352834,3874.673824712579,2460.1918244519165,218.8369344480927,9827.72534366633,1937.3369123562895,287.38432109689256,81.1053754390944,5068.373281234528,0.12161229095459658,85.58810350420198,0.0030172931435112583,0.8783877090454034,405.2303156210542,395.51582144208464,332.19965732068044,492.5908578044889,202.6151578105271,194.23837162745133,152.75838139483727,254.6628538234311
2020-08-24,2019-08-26,2020-08-24,252,170,0.03693394795075833,363.8433125720287,0.00014584009403987295,0.9630660520492417,3871.0547142795185,2370.2716031741093,218.45659077944683,9843.601939825297,1935.5273571397593,289.8057172939539,80.96557981084322,5082.388933399868,0.12175514808429533,85.40456919448991,0.0030479812786174524,0.8782448519157047,405.2567038820326,395.4800473403373,332.16239487280944,493.50850681769975,202.6283519410163,193.9810664038678,152.8593815454441,255.0636079439525
2020-08-25,2019-08-27,2020-08-25,252,170,0.036946961959363644,363.7003589540991,0.00014591983813721216,0.9630530380406364,3841.5272942769093,2126.793135337127,217.68184471921393,9826.664204416064,1920.7636471384546,296.04740013085166,80.92003945837286,5171.558460021186,0.12175471874966359,85.3900544687912,0.0030534845048185923,0.8782452812503364,405.33834812542756,395.64505604816054,332.0097850600326,493.8379471489144,202.66917406271378,193.6453896490484,152.8522214623569,254.95149320461002
2020-08-26,2019-08-28,2020-08-26,252,170,0.04027211889729265,333.60181170634996,0.0001463248161258845,0.9597278811027073,3704.5392339196865,2476.3198523104634,217.87180695964798,8942.507951558875,1852.2696169598437,287.7275112731846,80.67524034852148,4990.670986717906,0.08035913895890334,171.2808723749857,0.0001052877754458548,0.9196408610410967,659.9194979655838,395.4259086724679,278.9799923829892,1174.082163401627,329.95974898279195,182.8933163782052,124.96222585231739,411.43189547386265
2020-08-27,2019-08-29,2020-08-27,252,170,0.03677391478241332,365.27924418426784,0.000146633011744672,0.9632260852175867,3920.2470793031084,2476.559286542535,217.31001313315636,10144.161108286089,1960.1235396515542,303.06677682813745,80.68498195504212,5058.918524965814,0.12223473856683686,85.0146354777053,0.003068484289783481,0.8777652614331631,405.0087178678565,395.0567406650045,332.5750203184546,492.1858776284886,202.50435893392827,193.2177545171779,153.4252346370609,253.71862297517288
2020-08-28,2019-08-30,2020-08-28,252,170,0.03676582982352827,365.4925575191573,0.00014591781794481593,0.9632341701764717,3938.587785393224,2584.882969822309,218.2273585560308,10171.443160800927,1969.2938926966121,302.07338694832293,80.42490724652157,5001.015567441522,0.12222426108516282,85.03183209002297,0.0030647702858207513,0.8777757389148372,404.9948492492581,395.0543509923148,332.7524425896295,492.0632111929381,202.49742462462902,193.69489683389037,153.101596456517,253.56043307429928
2020-08-31,2019-09-03,2020-08-31,252,170,0.03672102847203229,365.83760018371845,0.0001464593347557544,0.9632789715279677,3941.1815165932994,2616.751073868561,218.41652580288934,10191.99644721833,1970.59075829665,301.4735701421721,81.15727087674911,5004.789355616136,0.12239741408188753,84.88899598551608,0.0030732384408216824,0.8776025859181125,404.8608112891994,394.59579126014825,332.9516975254812,492.18879456959786,202.4304056445997,193.6085417594299,153.52038789600027,253.66891551601168
2020-09-01,2019-09-04,2020-09-01,252,170,0.04019131618875493,334.27195135295267,0.00014632805513934357,0.9598086838112451,3749.3265318870776,2599.4188475932706,219.2937949670953,9038.54341326011,1874.663265943539,284.2086004393901,79.82105360399612,4954.56143727365,0.12254238979465704,84.81169992893385,0.003064538763680819,0.877457610205343,405.09391896311354,395.00312021867103,332.846967710286,491.921529674177,202.54695948155677,193.604974081988,153.44430943476243,253.59102478260996
2020-09-02,2019-09-05,2020-09-02,252,170,0.04018534603737445,334.51663194790933,0.00014518577566737166,0.9598146539626256,3747.489390748634,2592.9698002712794,218.78848146773552,9019.031582842052,1873.744695374317,287.5434455596178,80.09276756744339,4960.7099972803135,0.12242068450458343,84.7873912855649,0.003105562897620953,0.8775793154954166,405.07290268203803,395.11089505567463,332.6530686673799,492.4032007745296,202.53645134101902,193.58799179787346,153.5469063909735,254.58710390229882
2020-09-03,2019-09-06,2020-09-03,252,170,0.04022342515429134,334.2919700995775,0.00014464937418025517,0.9597765748457087,3752.01306201431,3690.2454762847165,219.2592283100501,8959.721181738223,1876.006531007155,283.4628945296291,80.65460604375905,4853.019364488982,0.12262671591280527,84.622717416375,0.0031140356965191135,0.8773732840871947,404.90340242180855,395.3310144760131,332.9500081128722,491.8599230518111,202.4517012109043,193.65647895887258,153.31647389608685,254.4487249209006
2020-09-04,2019-09-09,2020-09-04,252,170,0.034073345608567895,394.5738883499849,0.00014492672619181808,0.9659266543914321,3795.9370969915562,2702.8350259328968,219.69946274653176,8948.349927211515,1897.9685484957781,286.57177800088675,80.64919811536019,4849.5963114403685,0.08326918633356495,134.76078229917647,0.0013384400221748377,0.916730813666435,418.5503874430794,397.31553296720017,335.6911753052057,514.9058353754929,209.2751937215397,194.0631993146399,157.38629226075983,264.05071939247426
2020-09-08,2019-09-10,2020-09-08,252,170,0.03399880254480192,395.33420212801593,0.00014544401945952004,0.9660011974551981,3728.8343295147706,2471.672076968242,219.57779317242102,8914.61890543557,1864.4171647573853,289.0701103185778,80.97927713359718,4842.4747020823415,0.12268379220153125,84.7733616792784,0.0030422822579071543,0.8773162077984688,405.04422558136935,395.28791767532755,332.91830292960435,492.6514725166783,202.5221127906847,193.55371151272442,153.15863700001793,253.28500232346337
2020-09-09,2019-09-11,2020-09-09,252,170,0.03571679975772124,376.33030139370703,0.00014538228571924882,0.9642832002422788,3708.9672703241467,2455.1911892360495,219.73459464969784,8898.941583848053,1854.4836351620734,281.26692404853554,80.97481709690892,4838.2090616863015,0.12337979815720557,84.3733119948424,0.003013081355242332,0.8766202018427944,404.9833463494837,395.48391902227144,332.74562352794175,493.4895271873796,202.4916731747419,193.24780865230122,153.55524894258485,255.02217064576942
2020-09-10,2019-09-12,2020-09-10,252,170,0.035605132794510275,377.5832980505168,0.0001450063124882294,0.9643948672054897,3706.6773087916963,2453.436782074403,219.10937404787836,8882.984256374242,1853.3386543958482,283.49740652366484,81.36180968512994,4835.5512084405655,0.12340496038231552,84.1805408847927,0.003079074768813269,0.8765950396176845,404.920287390748,395.65345220955237,332.66254295610406,492.6189181155959,202.46014369537397,193.4700238734313,153.52460609007827,254.88504808762644
2020-09-11,2019-09-13,2020-09-11,252,170,0.035589625723035256,377.7569245630828,0.00014495932480292921,0.9644103742769647,3729.5816134946454,2651.988491686711,219.40475788900804,8888.085482569573,1864.790806747323,283.7533780124633,79.46494078296895,4830.995451986073,0.123635950141746,84.04518848892198,0.003070740480269552,0.876364049858254,404.9096789061422,395.46707583030445,332.6903137679281,492.7618139148758,202.4548394530711,193.26248908574047,153.4489588598517,255.44200023773794
2020-09-14,2019-09-16,2020-09-14,252,170,0.0355673117673031,377.9331127932731,0.00014527316897786346,0.9644326882326969,3724.0398432010797,2657.4371481143526,219.42535311107608,8877.131887882757,1862.0199216005399,292.72837925146524,79.36518190593661,4823.930540585342,0.123830979849203,83.88997859627534,0.003079438317369958,0.876169020150797,404.918271922427,395.40654772112606,332.6300469157033,492.83135180813207,202.4591359612135,193.3391603948438,153.7887505240912,255.6018961892291
2020-09-15,2019-09-17,2020-09-15,252,170,0.03552761947389793,378.34989727701225,0.00014530130696921656,0.9644723805261021,3711.646539276908,2643.716937705297,218.61164782989522,8869.342311665616,1855.823269638454,291.68608362005483,79.37744218836214,4779.703526833298,0.0828397303845787,135.72911126324223,0.001308867791991911,0.9171602696154213,418.37633610301333,397.2200302945695,335.73238236356184,517.0316100180286,209.18816805150666,194.02688518893115,157.21830200042655,263.1244644764613
2020-09-16,2019-09-18,2020-09-16,252,170,0.035469142989320246,378.9458438337168,0.00014544476954687894,0.9645308570106798,3693.156633080318,2652.8274653017797,218.94309143730115,8868.50015387268,1846.578316540159,286.1573892291715,78.59199976301416,4785.756453007657,0.08238024984228742,136.26418340812722,0.0013330212615953528,0.9176197501577126,418.2467737759966,397.33250636257236,335.49138635577646,517.9747381304694,209.12338688799832,193.94975580689348,157.50489956832433,262.4005846074799
2020-09-17,2019-09-19,2020-09-17,252,170,0.035450250353946555,379.14486590294644,0.00014545988254881042,0.9645497496460534,3690.184579362565,2438.6527860112133,219.033297488387,8903.596633430137,1845.0922896812824,293.903378896386,79.14724505833794,4834.461128465098,0.1241330861279446,83.7450355628397,0.003056882948952123,0.8758669138720554,404.7160230566239,395.3431978500949,332.7150607300989,491.7241800907456,202.35801152831195,192.89122854703174,153.99500026497446,255.02568522464367
2020-09-18,2019-09-20,2020-09-18,252,170,0.035528124563944496,378.3759941118133,0.00014513891135125697,0.9644718754360555,3680.7715728579997,2418.5818568282284,218.99128338302492,8870.8132176527,1840.3857864289998,290.8829136977539,79.61029982382328,4804.851895356036,0.12421173131228502,83.9489332086859,0.0029608699562702935,0.875788268687715,405.0361917699553,395.43963018513983,332.52626695570007,491.9581479615045,202.51809588497764,192.89685833248723,154.3189878763184,255.23815422620117
2020-09-21,2019-09-23,2020-09-21,252,170,0.03546700651842505,379.2286392072618,0.0001441098887996771,0.964532993481575,3684.39581963103,2433.0999542007967,219.92673003046983,8870.391612809637,1842.1979098155148,293.5110059313007,79.27093278074084,4811.927099766297,0.08212189747641441,136.5031750814539,0.0013539492817833947,0.9178781025235856,417.99186910211995,397.38084304995596,335.93460746668,515.6897482124979,208.99593455105997,193.88460620026248,157.62676384952687,262.4265613837548
2020-09-22,2019-09-24,2020-09-22,252,170,0.035520340610029955,378.68533308590986,0.00014397630374638688,0.96447965938997,3680.1261646582116,2425.3957203683717,219.41171823382913,8863.14058890314,1840.0630823291058,291.39688919343325,79.21990548064132,4808.197137494434,0.08215105434892223,136.5033571861061,0.001348551090732955,0.9178489456510778,418.1424129913008,397.3031530871369,336.01944956669524,516.9677811420477,209.0712064956504,193.7717911603704,157.40862205300576,262.88530343246276
2020-09-23,2019-09-25,2020-09-23,252,170,0.03557664889599621,378.06849806548144,0.00014406585618379777,0.9644233511040038,3683.555193794914,2423.5585388460054,218.9481328020304,8860.914551920436,1841.7775968974574,292.73691204884733,79.15022353452692,4806.757907253419,0.08189038759610212,136.89060433825475,0.0013537801864067873,0.9181096124038979,418.23676295518527,397.47776586671824,336.0550019070316,517.1737584168147,209.11838147759264,193.86741571142204,157.4936887650627,261.0443270486311
2020-09-24,2019-09-26,2020-09-24,252,170,0.035524490344619575,378.5956674509632,0.0001442088521653386,0.9644755096553804,3685.854203977769,2420.995989530266,220.30322326304994,8873.22546144329,1842.9271019888845,295.45209986059126,79.2152094549712,4821.777315433485,0.08186876384172359,136.90981776830256,0.0013556593301258131,0.9181312361582764,418.1301340809892,397.63129947864087,335.991810859691,516.7858453405445,209.0650670404946,193.75124203567142,157.4661001529978,261.09572339305083
2020-09-25,2019-09-27,2020-09-25,252,170,0.0355896864167109,378.0860307948801,0.00014326806694520228,0.9644103135832891,3727.7789478739655,2417.870257982204,219.38972101658925,8913.791801336118,1863.889473936983,289.07721529620966,80.18045381779044,4860.13138650332,0.12468884057100038,83.81421148122675,0.00289281076351473,0.8753111594289996,405.6100776492236,395.72269412423583,332.5281235379524,493.92053925155125,202.8050388246118,193.87408713784953,154.7232362800532,256.01003262474904
2020-09-28,2019-09-30,2020-09-28,252,170,0.03560359328205176,377.8938549448164,0.00014349520624886875,0.9643964067179482,3686.1050669413657,2423.466132106519,219.55373363933344,8874.481405721826,1843.0525334706829,286.5761720656312,80.12500477849738,4816.395196334235,0.12473952000389532,83.7961980410133,0.002887028992849079,0.8752604799961047,405.6192450530949,395.57607256999,332.77565090201983,493.72946622089944,202.8096225265474,193.8480171968779,154.95172384194507,255.26799498012497
2020-09-29,2019-10-01,2020-09-29,252,170,0.035521264874734615,378.89688819131055,0.00014284841289093861,0.9644787351252654,3684.690172173208,2424.7383247873645,219.39419810836327,8872.759514796244,1842.3450860866042,286.6943859966934,79.47726949790233,4817.809197239665,0.12441383815572082,84.09754536635205,0.002857728465631082,0.8755861618442792,405.5916101890339,395.6685716767683,332.8761023091009,493.15012941100713,202.79580509451694,194.01150587301038,155.0143936770661,256.0207406007901
2020-09-30,2019-10-02,2020-09-30,252,170,0.03561272000515936,378.08047897927344,0.00014205389198847457,0.9643872799948406,3717.309565370309,2457.8981557309485,218.72857513451126,8895.573740683842,1858.6547826851545,287.70930262836384,79.9920191441866,4850.256212012698,0.08153428745893676,137.58489266274324,0.0013431791131578927,0.9184657125410632,418.10843233219725,397.52087029326424,336.04639510681255,516.2931832447625,209.05421616609863,193.6596118237165,157.86933190753382,259.9552580046117
2020-10-01,2019-10-03,2020-10-01,252,170,0.03565695458666074,377.6147436430087,0.00014203719765588176,0.9643430454133393,3758.1641376661073,2616.698924504171,219.27596486063135,8952.042162425814,1879.0820688330537,300.72106706746104,79.88942212846041,4915.693690021079,0.12466265733980153,83.87518353339023,0.0028772132403961,0.8753373426601985,405.70145460707226,396.0768122645776,332.62678692958525,493.30588053259794,202.85072730353613,193.97067100145142,154.78241128596326,257.11059136905754
2020-10-02,2019-10-04,2020-10-02,252,170,0.03556916107614494,378.559341584552,0.00014197380180542036,0.9644308389238551,3709.812817258784,2605.936449710338,219.1951429804842,8898.214708189746,1854.906408629392,302.1949053927407,79.95873391750197,4846.970008317872,0.08125236967675864,137.913356046355,0.0013595292173814288,0.9187476303232414,418.1677492947735,397.7875339849125,336.08837022240806,515.1476564480541,209.08387464738678,194.1666049099185,157.69205619978513,259.54315060348875
2020-10-05,2019-10-07,2020-10-05,252,170,0.03563226610472037,377.77623751433805,0.00014254494034065927,0.9643677338952796,3708.6091538032138,2606.0700100928693,218.70022640503834,8894.092229035441,1854.3045769016067,300.58177026247427,79.41842609809243,4840.35974316535,0.12522125925648198,83.27756034439957,0.0029588612776940077,0.874778740743518,405.39460749525466,396.17011310445923,332.7571209507461,492.39106839842594,202.69730374762733,194.20264507180627,154.0468399654811,254.95664630038496
2020-10-06,2019-10-08,2020-10-06,252,170,0.03565072501367106,377.5756658505308,0.0001425701998398635,0.9643492749863289,3704.9107079785895,2605.9693290789814,219.00228569655343,8891.639834356885,1852.455353989295,299.9490468323346,79.46760492767638,4841.5810747680325,0.08135214649436495,137.75649625338434,0.0013581708092231678,0.918647853505635,418.39383650198073,397.9339339262833,336.2394026961901,515.0320426905014,209.19691825099034,194.02162578301136,157.8038069280145,258.90585981292475
2020-10-07,2019-10-09,2020-10-07,252,170,0.03564461950495945,377.6377127216344,0.00014258355279239752,0.9643553804950405,3648.7557004848977,2433.6031345677966,219.08706379344343,8852.782627356599,1824.3778502424493,290.911277967546,79.47500966331155,4813.926761388412,0.12460935785164517,83.6952579596387,0.002955633810659891,0.8753906421483548,405.3186235165693,396.29021328519576,333.0578834070579,491.62270218016306,202.65931175828462,194.9044399922565,153.7448872320387,253.87419822128143
2020-10-08,2019-10-10,2020-10-08,252,170,0.03559324612515635,378.12790498409356,0.00014286228939798268,0.9644067538748436,3652.1151919599915,2443.7862309396364,218.79583623155852,8853.091131915573,1826.0575959799955,302.2651912433518,79.51266688785813,4813.817078828165,0.124529506949699,83.72362121926736,0.002964961935698326,0.875470493050301,405.3539854051787,396.2871252444619,333.15700709252525,491.28785493385647,202.6769927025894,195.00747608961453,154.58366896655025,253.4892629919403
2020-10-09,2019-10-11,2020-10-09,252,170,0.0354755877128915,379.3872704213723,0.0001428356052005193,0.9645244122871085,3654.833955326504,2508.654074887194,218.61681161501548,8853.784768123056,1827.416977663252,301.46134420463255,79.50252742085219,4813.07256088642,0.12423660057548247,83.93195795554104,0.00296093272628175,0.8757633994245175,405.31251351007563,396.0345230053405,333.38140500212086,491.86613195343193,202.65625675503782,194.8757258561691,154.52604762020079,253.34508664217734
2020-10-12,2019-10-14,2020-10-12,252,170,0.035498214373142045,379.0996675980755,0.0001430679188889784,0.964501785626858,3621.7342260895975,2249.959480598453,219.46832535031905,8834.555689686576,1810.8671130447988,301.31693036812754,79.53167759438526,4832.286957440746,0.08110893288930743,138.3835975113905,0.0013347974285674675,0.9188910671106926,418.29774579580237,397.8142467114099,336.82238736297427,512.312058355099,209.1488728979012,193.89218284549005,158.15796368043917,263.4688876109082
2020-10-13,2019-10-15,2020-10-13,252,170,0.035482945038250446,379.2267847724796,0.0001432508920553646,0.9645170549617496,3621.7609938206206,2250.6904769087428,219.13542384227034,8841.986933053815,1810.88049691031,303.48704329082676,79.0934075220772,4839.303485974751,0.08125230102711489,138.1848797135749,0.0013298764206168348,0.9187476989728851,418.3401520186488,397.7977919582877,336.61471883040895,512.6815772108639,209.17007600932445,193.9973501999392,158.10102604906007,264.65248913950194
2020-10-14,2019-10-16,2020-10-14,252,170,0.03545431997716675,379.5812432193374,0.0001430059001963719,0.9645456800228333,3621.272564147848,2256.5107026913847,219.33956277535125,8838.666592638383,1810.636282073924,303.52979769507454,78.90824246019542,4836.391968231765,0.08109234238839913,138.24561293973122,0.0013529195497360153,0.9189076576116009,418.26077094594973,397.9333235658802,336.6858397357519,513.4724402377722,209.13038547297495,193.95844458969339,158.04992876555795,264.6376218369621
2020-10-15,2019-10-17,2020-10-15,252,170,0.03547684739080137,379.3337001657543,0.00014303894745242788,0.9645231526091986,3665.7676297658013,2416.545654431729,219.08358864029236,9067.991532265472,1832.8838148829007,304.35979928757956,79.56304819614653,4848.608002634778,0.12365869476395897,84.39636308819243,0.002934629947358312,0.876341305236041,405.2387294478343,395.92023131973406,333.3596487534378,490.69029989933847,202.61936472391716,194.6219364865958,155.41994222095119,255.9217038815491
2020-10-16,2019-10-18,2020-10-16,252,170,0.03548125639483857,379.34725628800584,0.0001427312485043662,0.9645187436051614,3695.161478454088,2612.2677841594136,220.21089302741797,9080.124056097651,1847.5807392270435,303.4765202904143,79.74694474502154,4843.268074769818,0.12439611097051495,83.86832413581877,0.002944774102886347,0.875603889029485,405.30019377214586,396.1147556235465,333.2913119246307,490.8363993907238,202.65009688607287,194.84656741939318,155.45097597936834,257.04682232820784
2020-10-19,2019-10-21,2020-10-19,252,170,0.035474880826725785,379.4120192916605,0.00014274853351068859,0.9645251191732742,3698.1838961170706,2614.7156768627747,219.80460958466116,9091.885509413394,1849.0919480585353,306.366991500931,79.4583121691233,4844.947190244051,0.0804880702093278,139.18437280540937,0.0013637576866649469,0.9195119297906722,418.53061146253765,398.71119983319073,335.99481271960747,513.200482508514,209.26530573126882,194.2713997915667,157.60407705428878,268.8416985817349
2020-10-20,2019-10-22,2020-10-20,252,170,0.03546799382861798,379.3990737599023,0.0001431877544500061,0.964532006171382,3691.1393644737004,2427.0006349876617,220.45067350702806,9079.23242940022,1845.5696822368502,306.8356141641685,79.35655579216736,4849.950441889217,0.1235140027608358,84.24155010158918,0.0030280365711035664,0.8764859972391642,405.3406231894393,396.3107674339821,333.5113433120947,490.6788874095768,202.67031159471972,194.74734035127943,155.26012120976952,256.2868843756391
2020-10-21,2019-10-23,2020-10-21,252,170,0.03546183587077778,379.49868347855926,0.00014301660140451965,0.9645381641292222,3708.6716458366313,2490.3467691226965,219.3886799891652,9138.843327203418,1854.3358229183161,306.49945149214386,79.08590399488911,4897.777087260061,0.12390926281337133,83.95940719916685,0.003033075777319608,0.8760907371866287,405.30706608450635,396.7111686641666,333.3072512340904,490.3229218447096,202.65353304225326,194.57458307836194,154.47625979832685,256.87744811179886
2020-10-22,2019-10-24,2020-10-22,252,170,0.03547362837237833,379.22522423290326,0.00014376586949663072,0.9645263716276217,3747.2879460314853,3715.681836864353,218.59577713965288,9178.114531848683,1873.6439730157429,306.1622997198237,79.10432560750665,4893.1334821909095,0.08096117003996017,137.9744339863396,0.0014082585270390536,0.9190388299600398,418.4102929643662,398.93161493817,335.80720443131247,513.2544863068141,209.2051464821831,194.82294545279728,157.40253881168348,268.2259246379908
2020-10-23,2019-10-25,2020-10-23,252,170,0.03548626732331428,379.0624054778939,0.0001439075228644105,0.9645137326766857,3742.164958179398,3714.941267063387,217.48769736584103,9067.990467136144,1871.082479089699,306.9774743013233,78.9996406831012,4832.07670360973,0.08129289513736582,137.49637869404165,0.0013985650826251075,0.9187071048626342,418.34703827320004,398.94709699726263,335.43489971736847,512.4608440113503,209.17351913660002,194.4839400869218,157.3063131449201,267.9873210447414
2020-10-26,2019-10-28,2020-10-26,252,170,0.035435384092641686,379.6026366630292,0.00014392833631466205,0.9645646159073583,3737.191492301707,3709.7751660193735,218.0908288968375,9056.071842454561,1868.5957461508533,305.89671374679165,79.49861063810492,4841.804841632005,0.12453983746192587,83.54526489739305,0.0030289370637594376,0.8754601625380741,405.44736526303404,396.9657967827246,333.72566669782344,489.89253550481897,202.72368263151702,193.74042236293673,154.1520437462172,256.49606527252087
2020-10-27,2019-10-29,2020-10-27,252,170,0.03540337667956461,380.0946690958823,0.0001431718991174242,0.9645966233204354,3719.539837615072,2505.2919371636854,218.10285859988562,9122.120844635981,1859.769918807536,306.8312651176525,79.5717607884132,4911.506411337486,0.12447090185121878,83.69060966042109,0.0029918137356877107,0.8755290981487812,405.6926088037047,397.01783519124774,333.1163007602901,491.4921926371171,202.84630440185234,194.1192575493641,153.43588859489802,260.5609041757415
2020-10-28,2019-10-30,2020-10-28,252,170,0.035409607356099104,379.8088728932404,0.00014428603512846828,0.9645903926439009,3730.8450351237097,3704.134851147594,216.45738280375943,9114.66471560528,1865.4225175618549,304.3335241249472,78.96074872439213,4910.857916891134,0.07993557632892179,140.2697435492533,0.0013503754607420806,0.9200644236710782,418.94360143789237,399.07555507356335,335.4445681649492,515.0782960030128,209.47180071894618,194.119201274734,157.425604985567,265.95944659937567
2020-10-29,2019-10-31,2020-10-29,252,170,0.03539000131594561,379.9667652120914,0.00014455447455935812,0.9646099986840544,3731.59699279354,2503.3402184880047,216.83665950464166,9130.42814126474,1865.7984963967697,310.2856206167302,79.60433298862652,4916.093160671654,0.12327734089151776,84.99544677994237,0.0028148607635806464,0.8767226591084822,406.5148429234469,396.98525403485934,333.38114694082174,494.3647234861839,203.25742146172345,193.73692845449816,153.5134567660592,259.0411207450506
2020-10-30,2019-11-01,2020-10-30,252,170,0.035351564113273226,380.0464283938223,0.00014626865953939683,0.9646484358867268,3725.861802105166,2519.555763162763,218.7860671401321,9109.540290458664,1862.930901052583,306.6286739187152,79.88009090376559,4896.701919844992,0.12386744557679075,84.48219956623865,0.0028528862695908278,0.8761325544232093,406.23170902100236,396.9169880805316,333.4863132522426,493.356637482375,203.1158545105012,193.9740165509962,153.87533326125214,257.61178599048736
2020-11-02,2019-11-04,2020-11-02,252,170,0.03532263520020551,380.24497895456904,0.0001468521158279384,0.9646773647997945,3771.9275109768287,3706.7522928659987,217.47600141649465,9134.803252026135,1885.9637554884143,308.78284006830825,79.41958137477704,4892.419410897526,0.07568178227655364,162.13589482029545,0.0004686926639743399,0.9243182177234464,539.0829441255681,395.4008173243639,282.20794253081567,1006.360033988419,269.54147206278407,181.32229624629298,127.13719190635635,386.0999394028726
2020-11-03,2019-11-05,2020-11-03,252,170,0.03533953082711139,380.3960919138846,0.00014513456219939256,0.9646604691728886,3777.3249108738987,2533.526758481938,217.898650555612,9205.455125949733,1888.6624554369494,317.47384681251197,79.27462663185081,4853.134407730905,0.12328426049756769,85.10426048667023,0.002775718536292853,0.8767157395024323,405.8589725230237,397.75194243239946,333.52106459476846,489.84946240821665,202.92948626151184,194.395780343102,154.10488213286862,257.2075461034541
2020-11-04,2019-11-06,2020-11-04,252,170,0.03347852906927373,401.2395522990644,0.0001466092271643682,0.9665214709307263,3804.1358631182443,3708.205231996112,217.63881059512937,9188.732317497172,1902.0679315591226,315.42186011102706,79.98686319244938,4849.734603208251,0.07504963941611043,164.94067492409604,0.00042070949751597044,0.9249503605838896,545.9581474467675,395.00688980541213,282.44363324937086,962.5697163120814,272.97907372338375,182.35713770080204,127.24853290301068,383.6017020836316
2020-11-05,2019-11-07,2020-11-05,252,170,0.03418377860980548,392.98400308119926,0.0001464966535346803,0.9658162213901945,3768.4710522901228,2622.4409484926036,218.51003091088933,9194.667300490597,1884.2355261450614,307.72541068313484,79.46202009195362,4872.3931883717005,0.07815098233300954,143.40452542814566,0.0013576033896921132,0.9218490176669905,418.1768528654277,399.63809821020556,336.9504201438861,507.6935594884245,209.08842643271385,194.93696148461646,158.11978533836202,261.92628497715566
2020-11-06,2019-11-08,2020-11-06,252,170,0.03345177673072275,401.59841675548813,0.0001464230700228917,0.9665482232692773,3661.476891617098,2621.488269159285,217.82979366280668,8727.882188849226,1830.7384458085492,304.60506251660104,80.07493693150485,4782.457094973651,0.12165113270899897,86.164084761178,0.002803775649064695,0.878348867291001,405.6252669755423,396.4900250301496,333.95939422724376,489.5337165869547,202.8126334877711,195.36292686586714,155.73857814579898,259.4150085744212
2020-11-09,2019-11-11,2020-11-09,252,170,0.03459909409044293,389.45038844946043,0.00014061843823499038,0.9654009059095571,3684.2576734097233,2316.092746356887,216.85375751891962,8781.4891021002,1842.1288367048617,298.54793704127513,78.32131260349983,4831.074381624173,0.1242594579112023,84.49085683257542,0.0027569841871608594,0.8757405420887977,405.1532767172987,395.4826628326238,333.47245856970073,488.75254369124104,202.57663835864935,194.4082613189069,157.13335760829978,257.74829445128205
2020-11-10,2019-11-12,2020-11-10,252,170,0.03454158336686641,389.92176594207587,0.0001414810179198768,0.9654584166331336,3662.0078003134945,2078.8180756672614,216.07249789386753,8797.927706266331,1831.0039001567475,306.3241307754515,78.5789285403991,4836.180084701091,0.0732066612342096,168.57990840841353,0.0004368144468628897,0.9267933387657904,537.402970074504,395.81509505120295,282.66225504640886,922.700223302154,268.701485037252,184.10011918509412,127.88405349325963,426.87117941289847
2020-11-11,2019-11-13,2020-11-11,252,170,0.03442865736184353,391.2918092904885,0.000141037965555648,0.9655713426381565,3666.1707703199477,2082.949726159924,215.5130405461087,8803.387237569346,1833.085385159974,306.67789715614947,78.24055730031778,4828.159803574973,0.12365353328584106,84.6177379962203,0.0028566316416925963,0.876346466714159,405.6864031809621,395.87987330408805,333.42457429954453,491.63244000922816,202.843201590481,194.1721791835214,156.67287542412018,258.81982087323445
2020-11-12,2019-11-14,2020-11-12,252,170,0.03446688176636559,390.85274834290504,0.00014106281374883306,0.9655331182336344,3691.4368837552433,2297.981625174801,214.97182252442332,8816.660096393613,1845.7184418776217,308.7553778066075,78.2605968752898,4826.902284471571,0.07907914522724524,141.40643812745088,0.001391838045085511,0.9209208547727548,416.7813787412735,399.60369005290823,338.2251095425508,500.6051215068101,208.39068937063675,194.34449655483783,159.32546177877134,264.49429201990597
2020-11-13,2019-11-15,2020-11-13,252,170,0.03445179537302401,390.8614305803057,0.00014185461830511684,0.965548204626976,3652.929704419954,2023.6024960438594,215.24369045199398,8782.838066773847,1826.464852209977,308.72879533463384,78.10210358544809,4825.188777068659,0.12312319370672109,84.99897697822449,0.002850743842534428,0.8768768062932789,405.6627621537949,395.82987875991637,333.69422143492625,491.29778502619575,202.83138107689746,194.05136355729906,156.76420059110234,258.59285474087966
2020-11-16,2019-11-18,2020-11-16,252,170,0.03446035505525791,391.0587304788701,0.00014042282424011333,0.9655396449447421,3634.4596476691913,1984.8031626389063,216.08756949694694,8786.51706673192,1817.2298238345957,307.99282186600897,78.07637192817195,4826.989681098514,0.07865616716895085,142.26153893347814,0.0013815113442684033,0.9213438328310491,416.89913628156773,399.47065109838024,338.17465245026716,500.47452033428726,208.44956814078387,194.38898709616325,159.3281672658891,264.24915189650955
2020-11-17,2019-11-19,2020-11-17,252,170,0.03754913881790767,358.8684611126166,0.00014053816378687466,0.9624508611820923,3589.606892589999,1980.8703162961804,216.5847980161113,8792.777787128563,1794.8034462949997,313.83994976280997,77.96339873400876,4833.234813191497,0.07866353076493293,142.28604279431175,0.0013774072948273194,0.9213364692350671,417.07261300486044,399.76456662763786,338.18360508193723,500.5540218323353,208.53630650243022,194.57307479156793,159.36829121000173,264.618842818985
2020-11-18,2019-11-20,2020-11-18,252,170,0.03452966793275147,390.1485950413782,0.0001410309419481426,0.9654703320672485,3624.979218710219,1978.509898580107,217.264084940625,8749.937036030637,1812.4896093551092,317.07067195281127,78.18217940417712,4807.977047655656,0.07866080349973426,141.92999402457403,0.0014170795435099993,0.9213391965002657,416.7537610780593,399.5999659585656,338.2851186819607,500.47979343204526,208.37688053902966,194.39452371521242,159.30230352023332,264.38258222755377
2020-11-19,2019-11-21,2020-11-19,252,170,0.03453300468588638,390.115479406535,0.00014100862596584817,0.9654669953141136,3623.2266210278453,1978.4805591879747,217.18286283554275,8746.502204829572,1811.6133105139224,306.19860163076584,78.00492484961686,4802.263537199987,0.07858913405241552,142.16623387569595,0.0014052345848940293,0.9214108659475845,417.11690760644854,399.6058824116092,338.06190017263754,503.02498431670153,208.55845380322427,194.40752955129625,159.28380354751502,264.5848070552502
2020-11-20,2019-11-22,2020-11-20,252,170,0.034540555669453576,390.0524384083696,0.00014090033283399667,0.9654594443305464,3629.6490914870183,1981.4753524081898,216.97774884649655,8753.772625316537,1814.8245457435091,306.29559885952597,78.14638558032047,4789.408278545676,0.07847361223625893,142.37609681875836,0.00140517078632691,0.9215263877637411,417.2492554285924,399.6608984300425,338.04908569817013,503.72430531924874,208.6246277142962,194.37346039578844,159.25022685373594,264.5230664187163
2020-11-23,2019-11-25,2020-11-23,252,170,0.03448531770352581,390.5547216434958,0.0001414967979451471,0.9655146822964742,3629.367791147632,1976.7198947559825,216.63392296162152,8774.985842191481,1814.683895573816,307.25078506441184,78.08943883305899,4793.683516224871,0.07845043197640977,142.3129212786791,0.0014168205541577102,0.9215495680235902,417.19682427088077,399.67653207605076,338.13289592408694,503.6706914558415,208.59841213544038,194.25824534631704,159.24315525482717,264.4356453013865
2020-11-24,2019-11-26,2020-11-24,252,170,0.03450795910570703,390.18526131136053,0.00014205065267439078,0.965492040894293,3659.9021131228133,2032.379877427598,215.89638469727447,8781.068959989776,1829.9510565614066,312.0524174017917,78.31666295222131,4799.192808502703,0.12296168691061604,85.28190382645245,0.0027913314592100734,0.877038313089384,406.152233839808,396.26123619344065,333.2441088713613,492.52854811346145,203.07611691990394,194.17990143688957,155.79280548685358,257.05802563845276
2020-11-25,2019-11-27,2020-11-25,252,170,0.034540628989483846,389.79867503311186,0.00014213670830918272,0.9654593710105162,3673.299775631926,2019.913678678267,215.34035541162123,8782.924202788377,1836.649887815963,310.98550894138873,78.1212287320182,4802.869859851991,0.12295025748329491,85.30809499217357,0.0027850705919940416,0.8770497425167051,406.0520260602119,396.3421359252354,333.44279635891814,492.31895622435366,203.02601303010596,193.8518185579382,155.85470419888387,258.5135447761201
2020-11-27,2019-11-29,2020-11-27,252,170,0.034528978674372324,389.94677978348494,0.00014205534009625496,0.9654710213256277,3668.3022266024054,2021.1881197221924,215.60775206813258,8773.84390099407,1834.1511133012027,311.24925104150043,77.46549682410836,4795.699278183347,0.12282855087957667,85.36036644572475,0.0027961272978455033,0.8771714491204233,406.07232999471626,396.39467564145855,333.49400016932265,492.6073066275142,203.03616499735813,193.81398216350993,155.70444222597953,258.76988214808006
2020-11-30,2019-12-02,2020-11-30,252,170,0.03450894535858895,390.1454665298741,0.0001421911327132944,0.965491054641411,3659.9679005711346,2034.9165696883017,214.77074540183438,8783.048258083789,1829.9839502855673,312.53308559558354,77.25410998610447,4802.119426348734,0.07788553803526654,143.7122123717412,0.0013768833212851478,0.9221144619647335,417.83355028317925,399.96287535914365,338.01856704487705,504.48610532858834,208.91677514158962,193.8493249743562,159.20924182482193,265.9511480109488
2020-12-01,2019-12-03,2020-12-01,252,170,0.034505608264615795,390.3764698205342,0.00014124602112473928,0.9654943917353842,3677.331000079854,2030.6654512287348,214.2138113519383,8788.747637162161,1838.665500039927,311.9290083915853,78.05437778814212,4820.526865033979,0.07793235054315162,143.56932785869944,0.001382965738478583,0.9220676494568484,417.9835323575943,400.05138325494653,338.0068013740146,504.3836662729232,208.99176617879712,194.0516163020166,159.08647447512243,266.5990239804133
2020-12-02,2019-12-04,2020-12-02,252,170,0.034462342556612735,390.8694111167449,0.00014123218005223422,0.9655376574433873,3687.026678839875,2154.0825090276885,214.2563191919876,8783.14642162443,1843.513339419937,316.4467701792297,77.91715254171221,4811.284480400708,0.12264555480127548,85.49406570280483,0.0027939555304862373,0.8773544451987245,406.44492450417266,396.33707522290905,333.0891324904411,494.3699763789795,203.22246225208633,193.5673941693567,155.49930403434013,261.02102818333
2020-12-03,2019-12-05,2020-12-03,252,170,0.03441534437751104,391.493169148754,0.00014079550327615454,0.965584655622489,3692.884037445818,2162.501271146968,214.17798973137698,8798.791692667946,1846.4420187229089,327.9455926564757,78.35523192818972,4807.318927681135,0.07798041908166065,143.67385695441186,0.0013623046874054756,0.9220195809183394,417.9932717428565,399.96287572501683,337.9681269910091,504.20251575975215,208.99663587142825,194.08163193544112,159.10968173985066,265.8599631796544
2020-12-04,2019-12-06,2020-12-04,252,170,0.03443168666948526,391.1880557608602,0.00014137503459630632,0.9655683133305147,3680.7627872346275,2110.9261870058367,214.1404723917891,8799.441166333883,1840.3813936173137,327.598321978704,77.50610987871315,4803.653472445671,0.07797946463434269,143.60181607046275,0.0013701671329813953,0.9220205353656573,417.90869328504175,399.96043096646014,338.13525214938056,504.36114703027226,208.95434664252087,194.0599920799881,159.1747019364136,265.8758903459939
2020-12-07,2019-12-09,2020-12-07,252,170,0.03442594572906643,391.1996424115758,0.00014163638225148204,0.9655740542709336,3678.3320812418833,2109.0333754542453,213.61548244077568,8798.04820794967,1839.1660406209417,328.2316671133774,77.4172518400101,4809.8539858616805,0.07793586048986745,143.64309933478708,0.001374344533955736,0.9220641395101326,417.89351508000584,400.064170649595,338.08885962683,504.19972392832983,208.94675754000292,194.09279659207436,159.12593707116235,265.7408799193094
2020-12-08,2019-12-10,2020-12-08,252,170,0.03441035447118934,391.27883969504825,0.00014211508299132914,0.9655896455288107,3684.368205734375,2028.7548379897098,213.88485315717514,8806.95360348584,1842.1841028671877,328.756901567172,77.27350668957531,4809.324415384823,0.1203755872343133,87.30967328722733,0.002726373319938234,0.8796244127656867,406.7952735650362,396.35262958381026,333.3080571081388,496.3819920158629,203.39763678251805,193.43797607629793,155.5798255533421,264.48890743597326
2020-12-09,2019-12-11,2020-12-09,252,170,0.03439452217443928,391.50458878498796,0.00014189218144400727,0.9656054778255607,3690.460082766571,2090.40791467273,213.76499634954078,8818.40476938016,1845.2300413832857,328.53392091073204,77.20647598033354,4796.586160470196,0.07769785056242084,143.89826560065524,0.0013942261471679206,0.9223021494375792,417.81838952269135,400.17287350923857,338.16120094757736,504.0843610652461,208.9091947613457,194.18237403773662,159.49785394208862,264.87522383139276
2020-12-10,2019-12-12,2020-12-10,252,170,0.03436655669814159,391.84825619838614,0.00014176991552113593,0.9656334433018584,3652.875144393643,1946.5495188094008,214.2835264421606,8792.453606407378,1826.4375721968215,329.17026163624007,77.89141145533287,4798.2906496588585,0.1199572400020823,88.02282195510173,0.002595945191748969,0.8800427599979177,406.8519241283718,396.1607424774741,333.2967241144572,496.4066288730945,203.4259620641859,193.81819784949624,155.63756197358617,264.239834460995
2020-12-11,2019-12-13,2020-12-11,252,170,0.03436289775538093,392.0061383722083,0.00014120516328805917,0.9656371022446191,3617.6747646045433,2028.8950966179445,213.76908658694882,8749.427569731031,1808.8373823022716,330.9301964901322,78.0695389164447,4778.2559132468305,0.11910274179078195,88.46674168859688,0.002654599969077898,0.880897258209218,406.72550345495785,396.12539693372986,333.29833819063674,497.0763298815919,203.36275172747892,193.70505886192166,156.5817642045891,264.58171775977087
2020-12-14,2019-12-16,2020-12-14,252,170,0.03437465201837753,391.8662417119166,0.00014123357037834606,0.9656253479816225,3648.559270809799,2155.2096673205483,212.4290014375541,8757.556429263877,1824.2796354048994,329.8708993624418,78.4371015085786,4773.419056814959,0.07771104197781242,144.5946150888388,0.0013182792161809628,0.9222889580221876,418.17416397264867,400.0242703692943,337.7926518074679,503.6891072255093,209.0870819863243,194.46972115378023,159.42987121567498,264.8525571093342
2020-12-15,2019-12-17,2020-12-15,252,170,0.03434423984810897,392.13347891926605,0.00014162100228398645,0.965655760151891,3642.2041143514243,2149.967643886149,212.06110701425862,8751.798181763981,1821.1020571757122,329.8141235842928,78.24870438902317,4788.071727400106,0.07773062049710966,144.26675963417736,0.0013484836264783654,0.9222693795028903,418.0062440135214,399.92899209834036,337.6621397007168,503.95099502961244,209.00312200676066,194.2661855520867,159.4783696859821,264.76756554401464
2020-12-16,2019-12-18,2020-12-16,252,170,0.03438544298907098,391.71487095040425,0.0001413715287886774,0.965614557010929,3643.4906022102336,2150.8414061894864,211.7889934967348,8761.260381803066,1821.7453011051168,330.5607905817976,78.21429037686097,4786.628493435587,0.07783209823980397,144.24560527051293,0.0013310756102449981,0.922167901760196,418.18419117934326,400.12943249956186,337.7277116278059,504.22187312774423,209.09209558967166,194.31131600127267,159.3326524478625,265.3959516782421
2020-12-17,2019-12-19,2020-12-17,252,170,0.034371137245576056,391.8530680564892,0.0001414922806213882,0.9656288627544239,3595.6963153202846,2079.543851216272,212.35090782375,8719.508848532134,1797.8481576601423,329.97188788614733,78.01061341192418,4782.95354622218,0.11981111000907496,88.1133915595976,0.002601172267552166,0.880188889990925,406.60047582543564,395.4818162725236,333.4765293332186,496.88930335473407,203.30023791271782,194.1335168263975,156.55287229318873,261.7742236992906
2020-12-18,2019-12-20,2020-12-18,252,170,0.03441722588870533,391.2779426073349,0.00014173787598329598,0.9655827741112947,3636.2232630980548,2155.721950997598,211.85691889220388,8777.885344099155,1818.1116315490276,329.7687637012947,78.35308464321967,4789.387404720951,0.07778746568900352,144.42585902209305,0.0013210196647427438,0.9222125343109965,418.1888988478875,400.17101346102277,337.85132415453006,503.8692389434748,209.0944494239437,194.39456991036826,159.17354480902046,264.61573005866154
2020-12-21,2019-12-23,2020-12-21,252,170,0.03444055768427101,391.01431736653893,0.00014173081525249712,0.965559442315729,3641.225093962839,2144.8268330569003,212.7065341817843,8807.649067611184,1820.6125469814197,318.53078658233306,77.97800509472465,4790.416442918982,0.07763626510400534,144.92196872117603,0.0012991693282162146,0.9223637348959947,418.4934949961917,400.1400357737878,337.9619297840705,504.46389200561015,209.24674749809583,194.24290651732704,159.493113802507,265.58498106919154
2020-12-22,2019-12-24,2020-12-22,252,170,0.03437682672773534,391.68545170911085,0.0001419930110984539,0.9656231732722647,3643.0836829427303,2143.714414514623,212.21524190503123,8815.754785472167,1821.5418414713652,315.7413368695994,78.01677528683588,4798.586386483842,0.07784892300209478,144.45263965086426,0.0013066192070517301,0.9221510769979052,418.4730324841534,400.0628952233584,337.86788515325435,504.3247486668541,209.2365162420767,194.2065538258973,159.44498223166644,265.2553689388684
2020-12-23,2019-12-26,2020-12-23,252,170,0.034391325719750676,391.56836210316976,0.0001417586071377547,0.9656086742802493,3647.8845486752734,2150.1959117097563,211.2770592651328,8820.23492237123,1823.9422743376367,314.84165223689445,78.03243733842315,4800.335643982654,0.07779997079837608,144.25074507958817,0.0013367238203920216,0.9222000292016239,418.315105285155,400.1002779509228,337.8208449125399,504.4315615003574,209.1575526425775,194.30810399520232,159.44357372554802,265.4808412001118
2020-12-24,2019-12-27,2020-12-24,252,170,0.03440018709014192,391.4212235252036,0.00014198443282988237,0.9655998129098581,3645.578472617452,2150.086440686832,211.21975650504896,8815.05981591637,1822.789236308726,313.7587464806678,78.05592602260154,4800.298768251934,0.07778641941446662,144.3354818627501,0.0013305403479838293,0.9222135805855334,418.28592053076835,400.1681031662127,337.68965821407573,504.4683045876054,209.14296026538418,194.36095072836346,159.42883017218452,265.55435763795725
2020-12-28,2019-12-30,2020-12-28,252,170,0.03439992570058226,391.96998234002234,0.0001393435511244651,0.9656000742994177,3678.6838645688194,2258.3701451921274,210.64140838757967,8906.398992394106,1839.3419322844102,316.6092555208357,78.17259446908416,4808.677550518898,0.07143729091538453,177.52398667435386,0.0003107062908186089,0.9285627090846155,558.9370533515555,397.4979414329437,282.36899387169007,929.4384916318885,279.46852667577775,183.30889013459625,127.51877452091202,399.44658306901397
2020-12-29,2019-12-31,2020-12-29,252,170,0.03440353569987542,391.8988778593518,0.0001394873210746472,0.9655964643001246,3679.1032580898163,2258.1317115520587,211.05296793219784,8906.415389755417,1839.5516290449082,327.296394128413,78.13608668166835,4809.394708211872,0.0780035577973488,143.97556089898714,0.0013262023460866668,0.9219964422026512,418.28927874114345,400.1144770334228,337.8811763957818,504.30961454002966,209.14463937057175,194.48948991566442,159.66874612067375,264.5892337016979
2020-12-30,2020-01-02,2020-12-30,252,170,0.03438332879337069,392.1207679370603,0.00013952774261252363,0.9656166712066293,3679.198236129226,2258.352589769457,211.23305797272496,8905.891198742851,1839.5991180646133,327.6520417161553,78.51960315607481,4806.539843816414,0.07791498193308166,144.4081163951459,0.0012987076895191977,0.9220850180669183,418.49375867845566,400.20562494556475,337.9832523396187,504.2988488363947,209.24687933922786,194.54758069301874,159.65619560083812,265.5949492545649
2020-12-31,2020-01-03,2020-12-31,252,170,0.03440157314349246,391.82048318886564,0.00013997162624802183,0.9655984268565075,3674.6131631285125,2250.047222274751,211.25372504462308,8911.198780094166,1837.3065815642558,310.20985006239704,79.37572398035462,4815.0698893716835,0.077840308222896,144.50567933078852,0.0013028560886790492,0.922159691777104,418.5019348877391,399.9498191858002,337.64597426694417,504.7735415194643,209.25096744386957,194.37553901488212,159.60886512464398,265.346015906391
2021-01-04,2020-01-06,2021-01-04,252,170,0.03441303572476195,391.87620732731637,0.00013907742904283567,0.965586964275238,3669.4390743190766,2240.5805280299805,211.96463218132635,8909.428977881102,1834.7195371595385,318.3799413678105,78.97940133794943,4820.852231762465,0.07766607827521399,145.03599792483655,0.001282162746021571,0.922333921724786,418.37156143990654,399.9887644219074,337.9162791633536,504.1908113157604,209.18578071995327,194.28979977681053,159.81333906795243,265.0660482030389
2021-01-05,2020-01-07,2021-01-05,252,170,0.03440869751117748,391.92340321282467,0.00013908801236691684,0.9655913024888225,3725.187496244751,2239.67577039015,211.62522019321185,9058.10033633247,1862.5937481223755,319.8942475393703,79.28610321681141,4895.549219942349,0.07763638650371518,145.19067180300772,0.0012723255301914807,0.9223636134962848,418.4471013130208,399.78450535465095,338.1042211727404,503.9284216231713,209.2235506565104,194.31899004850706,159.792702587815,264.7415548680889
